sku,draw_id,elasticity_draw
SKU_001,0,-1.2910703109300052
SKU_001,1,-1.294416900628387
SKU_001,2,-1.2569292848034108
SKU_001,3,-1.3321664531109483
SKU_001,4,-1.1963612846891158
SKU_001,5,-1.2988969698878996
SKU_001,6,-1.2308954854072767
SKU_001,7,-1.235785134467231
SKU_001,8,-1.2781946239641993
SKU_001,9,-1.203097708181739
SKU_001,10,-1.2255360392838914
SKU_001,11,-1.2682694208028964
SKU_001,12,-1.2552424890819394
SKU_001,13,-1.2731633066413706
SKU_001,14,-1.2782409327909645
SKU_001,15,-1.2755739668932784
SKU_001,16,-1.2901319261611033
SKU_001,17,-1.1828499781906532
SKU_001,18,-1.1536892958854161
SKU_001,19,-1.1870501760651768
SKU_001,20,-1.254838769742931
SKU_001,21,-1.3576032648510257
SKU_001,22,-1.238845724821296
SKU_001,23,-1.2698976506014408
SKU_001,24,-1.2842021771401748
SKU_001,25,-1.2063269630238134
SKU_001,26,-1.2683165880569847
SKU_001,27,-1.2730283071584005
SKU_001,28,-1.226623090735276
SKU_001,29,-1.3067332081388277
SKU_001,30,-1.2065298970590432
SKU_001,31,-1.20961525548527
SKU_001,32,-1.243037643767228
SKU_001,33,-1.2833712835098587
SKU_001,34,-1.2177045044862276
SKU_001,35,-1.3203930411523819
SKU_001,36,-1.2915163314175044
SKU_001,37,-1.220368740386994
SKU_001,38,-1.2999962997608216
SKU_001,39,-1.283254718686231
SKU_001,40,-1.2233256335452491
SKU_001,41,-1.2957529021693575
SKU_001,42,-1.2873570396488616
SKU_001,43,-1.2481161431035697
SKU_001,44,-1.182407028200641
SKU_001,45,-1.286002827575885
SKU_001,46,-1.3057413703301606
SKU_001,47,-1.2064044245608583
SKU_001,48,-1.2241818546258736
SKU_001,49,-1.181283233854211
SKU_001,50,-1.2968708015364703
SKU_001,51,-1.227218844089692
SKU_001,52,-1.2292123417351495
SKU_001,53,-1.2633376994470757
SKU_001,54,-1.3414404597977265
SKU_001,55,-1.2606344664739895
SKU_001,56,-1.2940428267373696
SKU_001,57,-1.286834193647223
SKU_001,58,-1.2624636427074447
SKU_001,59,-1.2205847190045445
SKU_001,60,-1.2591416407283222
SKU_001,61,-1.2412617038314235
SKU_001,62,-1.2793715401615284
SKU_001,63,-1.2647607730565456
SKU_001,64,-1.2678497685860097
SKU_001,65,-1.3446605561211296
SKU_001,66,-1.2438652112790543
SKU_001,67,-1.2648057973179703
SKU_001,68,-1.2655820985617248
SKU_001,69,-1.3187308609618609
SKU_001,70,-1.1690842624377633
SKU_001,71,-1.1655555740935495
SKU_001,72,-1.1733287252280236
SKU_001,73,-1.3169664468228683
SKU_001,74,-1.2227710832779313
SKU_001,75,-1.1750346780637648
SKU_001,76,-1.29621323846598
SKU_001,77,-1.2635643061035964
SKU_001,78,-1.1295959998203366
SKU_001,79,-1.2986665853589547
SKU_001,80,-1.262083640699434
SKU_001,81,-1.2123612715809728
SKU_001,82,-1.2477039517376534
SKU_001,83,-1.2820821972944756
SKU_001,84,-1.2413285389634166
SKU_001,85,-1.241138330569076
SKU_001,86,-1.2338582373237639
SKU_001,87,-1.2997800420513757
SKU_001,88,-1.2559650016072221
SKU_001,89,-1.286372688398118
SKU_001,90,-1.2886846577536046
SKU_001,91,-1.3474506881369388
SKU_001,92,-1.3115090876544326
SKU_001,93,-1.2620530421980767
SKU_001,94,-1.2339250119720755
SKU_001,95,-1.3400782519154544
SKU_001,96,-1.1952343749793723
SKU_001,97,-1.2887512621289223
SKU_001,98,-1.214043759508522
SKU_001,99,-1.2484534004210812
SKU_001,100,-1.225129660308646
SKU_001,101,-1.1477446450184505
SKU_001,102,-1.2193421156105193
SKU_001,103,-1.2417755868519584
SKU_001,104,-1.244484220087839
SKU_001,105,-1.2031809600008756
SKU_001,106,-1.2898810650968975
SKU_001,107,-1.2530307795384394
SKU_001,108,-1.271699604246014
SKU_001,109,-1.2472476089759457
SKU_001,110,-1.2388645972278298
SKU_001,111,-1.2931738572162024
SKU_001,112,-1.3032498597836595
SKU_001,113,-1.3787850760374836
SKU_001,114,-1.2619006001508855
SKU_001,115,-1.1909030072702957
SKU_001,116,-1.2851169530726967
SKU_001,117,-1.2455621621596946
SKU_001,118,-1.1838872342654232
SKU_001,119,-1.2624705498148288
SKU_001,120,-1.2706022956875522
SKU_001,121,-1.259268467975921
SKU_001,122,-1.2091232303057082
SKU_001,123,-1.2146438250253244
SKU_001,124,-1.2497167769008377
SKU_001,125,-1.2012537143485762
SKU_001,126,-1.2535666514957866
SKU_001,127,-1.1757139462469648
SKU_001,128,-1.2851177046366233
SKU_001,129,-1.2220222750070695
SKU_001,130,-1.2192491490675235
SKU_001,131,-1.1958573449948955
SKU_001,132,-1.2342230250173662
SKU_001,133,-1.2920240915803982
SKU_001,134,-1.2709028342843163
SKU_001,135,-1.3057387967990897
SKU_001,136,-1.2159887860738792
SKU_001,137,-1.2215672887869624
SKU_001,138,-1.2010954685947628
SKU_001,139,-1.2002120909793244
SKU_001,140,-1.219933509261801
SKU_001,141,-1.2465195352508402
SKU_001,142,-1.241514805989225
SKU_001,143,-1.237431394873641
SKU_001,144,-1.2313179241082364
SKU_001,145,-1.2534887497475995
SKU_001,146,-1.2883738356499117
SKU_001,147,-1.311190051349672
SKU_001,148,-1.2127765585034473
SKU_001,149,-1.2281411609843518
SKU_001,150,-1.214378394591555
SKU_001,151,-1.2149296580893507
SKU_001,152,-1.253516447949737
SKU_001,153,-1.2238737669409903
SKU_001,154,-1.2472459411695456
SKU_001,155,-1.2031509260571622
SKU_001,156,-1.2326777836807619
SKU_001,157,-1.2732184016683432
SKU_001,158,-1.2621658808484
SKU_001,159,-1.2818053912443979
SKU_001,160,-1.2688276561998126
SKU_001,161,-1.3098388331283
SKU_001,162,-1.2727641986054417
SKU_001,163,-1.234473420456756
SKU_001,164,-1.229464042212995
SKU_001,165,-1.1716081571157613
SKU_001,166,-1.2680187370987246
SKU_001,167,-1.08833856220993
SKU_001,168,-1.2690864385205145
SKU_001,169,-1.2753499123334107
SKU_001,170,-1.250238583761701
SKU_001,171,-1.2020651913969953
SKU_001,172,-1.2172581420068609
SKU_001,173,-1.1909507284801846
SKU_001,174,-1.322574243416766
SKU_001,175,-1.1821891753953147
SKU_001,176,-1.2314977516014067
SKU_001,177,-1.2406995626240354
SKU_001,178,-1.277144015260132
SKU_001,179,-1.3443083266482365
SKU_001,180,-1.242778059015384
SKU_001,181,-1.284337670486463
SKU_001,182,-1.2775622873185948
SKU_001,183,-1.2650728761072283
SKU_001,184,-1.2688605816806422
SKU_001,185,-1.2333310646699962
SKU_001,186,-1.3240383081066427
SKU_001,187,-1.2000296609298957
SKU_001,188,-1.2923594627864656
SKU_001,189,-1.256895400142059
SKU_001,190,-1.3302811065543851
SKU_001,191,-1.2358549008481545
SKU_001,192,-1.2800413684106964
SKU_001,193,-1.2455542165488342
SKU_001,194,-1.2202289247091886
SKU_001,195,-1.1376835783261219
SKU_001,196,-1.308827493466763
SKU_001,197,-1.3439409237711326
SKU_001,198,-1.27164549665161
SKU_001,199,-1.2778080958711178
SKU_001,200,-1.2736086642233495
SKU_001,201,-1.1783505465889401
SKU_001,202,-1.240315142295058
SKU_001,203,-1.2317723545875539
SKU_001,204,-1.182883805557402
SKU_001,205,-1.275318097848006
SKU_001,206,-1.147339493564306
SKU_001,207,-1.2706214953355786
SKU_001,208,-1.240153820300857
SKU_001,209,-1.2601517201843735
SKU_001,210,-1.1870893025654174
SKU_001,211,-1.0982587724424122
SKU_001,212,-1.1896776366316417
SKU_001,213,-1.229147541152312
SKU_001,214,-1.2046074420717294
SKU_001,215,-1.2984563233927424
SKU_001,216,-1.2475633842136837
SKU_001,217,-1.218644804809385
SKU_001,218,-1.313001401114538
SKU_001,219,-1.2415475449170943
SKU_001,220,-1.2204055308546837
SKU_001,221,-1.274508962639047
SKU_001,222,-1.1378873207281384
SKU_001,223,-1.1292050543903271
SKU_001,224,-1.2477281274515233
SKU_001,225,-1.2592252838114852
SKU_001,226,-1.2953558997497903
SKU_001,227,-1.3135766102076794
SKU_001,228,-1.29903118985484
SKU_001,229,-1.1152306405476728
SKU_001,230,-1.233021154634883
SKU_001,231,-1.2687365550549976
SKU_001,232,-1.1303101711971693
SKU_001,233,-1.316758618040228
SKU_001,234,-1.2741262734684493
SKU_001,235,-1.1881056513182604
SKU_001,236,-1.3249596497538803
SKU_001,237,-1.3244752584175918
SKU_001,238,-1.2329549236506987
SKU_001,239,-1.2252409411347132
SKU_001,240,-1.2822747058558839
SKU_001,241,-1.2699439452711228
SKU_001,242,-1.210979625629852
SKU_001,243,-1.229340021024471
SKU_001,244,-1.2661352428217056
SKU_001,245,-1.338105387784374
SKU_001,246,-1.231143616234022
SKU_001,247,-1.2004865977063126
SKU_001,248,-1.2847051588430867
SKU_001,249,-1.2061183165431348
SKU_001,250,-1.280556057499308
SKU_001,251,-1.263793807651142
SKU_001,252,-1.2313125963144276
SKU_001,253,-1.2075616904978477
SKU_001,254,-1.2838557247389826
SKU_001,255,-1.2702749868068146
SKU_001,256,-1.3079126913161045
SKU_001,257,-1.2774801699093519
SKU_001,258,-1.1643028575808476
SKU_001,259,-1.2908364357071334
SKU_001,260,-1.2072667509669013
SKU_001,261,-1.3027570429034956
SKU_001,262,-1.3272902468677077
SKU_001,263,-1.222723706094308
SKU_001,264,-1.2281598928692785
SKU_001,265,-1.2680268780743293
SKU_001,266,-1.2602602893385015
SKU_001,267,-1.253666286081487
SKU_001,268,-1.2187092429014768
SKU_001,269,-1.1944373646995385
SKU_001,270,-1.1409580298964501
SKU_001,271,-1.2637963724589711
SKU_001,272,-1.198302550053273
SKU_001,273,-1.182686454746189
SKU_001,274,-1.2594432754222333
SKU_001,275,-1.2164590646033946
SKU_001,276,-1.2553466696471294
SKU_001,277,-1.3338681699324242
SKU_001,278,-1.2316096429835277
SKU_001,279,-1.1946344318173865
SKU_001,280,-1.2153454072344554
SKU_001,281,-1.2559544186263438
SKU_001,282,-1.1316278751764361
SKU_001,283,-1.2587693119056993
SKU_001,284,-1.2558009901056817
SKU_001,285,-1.2260296418294663
SKU_001,286,-1.2817636750777137
SKU_001,287,-1.2435994256885357
SKU_001,288,-1.2415800617351074
SKU_001,289,-1.2555754643620571
SKU_001,290,-1.2108294581518593
SKU_001,291,-1.241598727550406
SKU_001,292,-1.2419956290759528
SKU_001,293,-1.2016152384799301
SKU_001,294,-1.251762506959247
SKU_001,295,-1.2216189182739936
SKU_001,296,-1.2154395546864432
SKU_001,297,-1.1726073547873865
SKU_001,298,-1.2608512741041116
SKU_001,299,-1.2112683830034565
SKU_002,0,-1.4031156887289167
SKU_002,1,-1.2815342136409535
SKU_002,2,-1.1678601938193318
SKU_002,3,-1.315809233875904
SKU_002,4,-1.1893854604863765
SKU_002,5,-1.303438336583764
SKU_002,6,-1.243164290358239
SKU_002,7,-1.2271279695958048
SKU_002,8,-1.2805220362134258
SKU_002,9,-1.2288245861062939
SKU_002,10,-1.2401562301617615
SKU_002,11,-1.2683402848294312
SKU_002,12,-1.2613511525434136
SKU_002,13,-1.3084485800053298
SKU_002,14,-1.2905213416953127
SKU_002,15,-1.2686208406083934
SKU_002,16,-1.281645242823477
SKU_002,17,-1.1343414505832432
SKU_002,18,-1.1573509270818327
SKU_002,19,-1.2516695774090567
SKU_002,20,-1.2514455905527349
SKU_002,21,-1.3542120703996126
SKU_002,22,-1.2338813554020207
SKU_002,23,-1.2733660729266219
SKU_002,24,-1.2537131259925998
SKU_002,25,-1.2197532327409124
SKU_002,26,-1.2455862794374224
SKU_002,27,-1.309093419125366
SKU_002,28,-1.2995838917051383
SKU_002,29,-1.2920700263035028
SKU_002,30,-1.2125860735585379
SKU_002,31,-1.2415306834944906
SKU_002,32,-1.2443880735027142
SKU_002,33,-1.2607783297282995
SKU_002,34,-1.1984170507068073
SKU_002,35,-1.3284092058214898
SKU_002,36,-1.3032818344232657
SKU_002,37,-1.2156151546778569
SKU_002,38,-1.2861816219939965
SKU_002,39,-1.2155802817411199
SKU_002,40,-1.2228920133983403
SKU_002,41,-1.2991341331502217
SKU_002,42,-1.2820253799727994
SKU_002,43,-1.2104276161028256
SKU_002,44,-1.182420149629157
SKU_002,45,-1.3108859876219818
SKU_002,46,-1.2927340296720313
SKU_002,47,-1.1787564946249387
SKU_002,48,-1.2769521349413575
SKU_002,49,-1.187537485249845
SKU_002,50,-1.3102053397243545
SKU_002,51,-1.2319940115424028
SKU_002,52,-1.2292851202200468
SKU_002,53,-1.2714960761831007
SKU_002,54,-1.3723376239063576
SKU_002,55,-1.233136239488981
SKU_002,56,-1.2848591083316372
SKU_002,57,-1.258967811583209
SKU_002,58,-1.264922394833615
SKU_002,59,-1.2305278687033654
SKU_002,60,-1.2568772899216245
SKU_002,61,-1.2995506398759487
SKU_002,62,-1.3228033185487633
SKU_002,63,-1.2632156592727706
SKU_002,64,-1.3006558361116205
SKU_002,65,-1.3116669631678743
SKU_002,66,-1.243065896829685
SKU_002,67,-1.2647238929816422
SKU_002,68,-1.402748876815621
SKU_002,69,-1.217517248344596
SKU_002,70,-1.27349545005551
SKU_002,71,-1.312866628005864
SKU_002,72,-1.167074656163478
SKU_002,73,-1.3192306407326226
SKU_002,74,-1.1905626158478322
SKU_002,75,-1.1712519497086569
SKU_002,76,-1.2741627674177771
SKU_002,77,-1.2627694432165926
SKU_002,78,-1.128563540145372
SKU_002,79,-1.2703849297139758
SKU_002,80,-1.274384708283414
SKU_002,81,-1.2529343757160325
SKU_002,82,-1.2251119206555485
SKU_002,83,-1.2920759017355865
SKU_002,84,-1.2323492366914195
SKU_002,85,-1.2400895961574767
SKU_002,86,-1.1809502905668616
SKU_002,87,-1.280825392203114
SKU_002,88,-1.2676020137708757
SKU_002,89,-1.275026138428408
SKU_002,90,-1.288228447694454
SKU_002,91,-1.342992478291155
SKU_002,92,-1.3079619264987297
SKU_002,93,-1.3265411784227357
SKU_002,94,-1.2740154045515757
SKU_002,95,-1.3356625748776005
SKU_002,96,-1.2404386475477835
SKU_002,97,-1.2856760570453585
SKU_002,98,-1.2164785517305048
SKU_002,99,-1.2427579888819824
SKU_002,100,-1.2170124716724033
SKU_002,101,-1.1575046046374808
SKU_002,102,-1.2592484912812987
SKU_002,103,-1.2613867559199352
SKU_002,104,-1.2679367251992366
SKU_002,105,-1.283416731995998
SKU_002,106,-1.3324949519746365
SKU_002,107,-1.2695110056060377
SKU_002,108,-1.3011421431272
SKU_002,109,-1.2820434808090033
SKU_002,110,-1.2646040681652904
SKU_002,111,-1.29093815608866
SKU_002,112,-1.3086924188265099
SKU_002,113,-1.389716139972856
SKU_002,114,-1.2282128927454947
SKU_002,115,-1.1752692582186137
SKU_002,116,-1.257747023183134
SKU_002,117,-1.2249524384368204
SKU_002,118,-1.1648749022475537
SKU_002,119,-1.326517525037051
SKU_002,120,-1.2707799005609262
SKU_002,121,-1.257293086995046
SKU_002,122,-1.2541238028832833
SKU_002,123,-1.349087638277863
SKU_002,124,-1.281173128874929
SKU_002,125,-1.1773487610484836
SKU_002,126,-1.2282812630413111
SKU_002,127,-1.1777148138704618
SKU_002,128,-1.2104333063399406
SKU_002,129,-1.287573386708263
SKU_002,130,-1.2115602493767725
SKU_002,131,-1.196263014770564
SKU_002,132,-1.246933293826387
SKU_002,133,-1.2866665525075964
SKU_002,134,-1.3445322488916023
SKU_002,135,-1.3052960612955637
SKU_002,136,-1.3345216366841066
SKU_002,137,-1.1909936319364767
SKU_002,138,-1.235466848503699
SKU_002,139,-1.2044435948067294
SKU_002,140,-1.2280796350907968
SKU_002,141,-1.2253684554451527
SKU_002,142,-1.200683402382704
SKU_002,143,-1.2716152509637304
SKU_002,144,-1.3595143553620634
SKU_002,145,-1.27557937246722
SKU_002,146,-1.3370326112349773
SKU_002,147,-1.42824288849394
SKU_002,148,-1.2150865016569474
SKU_002,149,-1.2549172153162942
SKU_002,150,-1.2216777595288921
SKU_002,151,-1.2474160446750346
SKU_002,152,-1.2585391398918262
SKU_002,153,-1.2211361114109052
SKU_002,154,-1.3005583927187472
SKU_002,155,-1.2405823293068032
SKU_002,156,-1.238415149697646
SKU_002,157,-1.2711114620590696
SKU_002,158,-1.3084848248974454
SKU_002,159,-1.2947422585526447
SKU_002,160,-1.2674964926218317
SKU_002,161,-1.3100692944779673
SKU_002,162,-1.2000405632439257
SKU_002,163,-1.2191928371566194
SKU_002,164,-1.2246634215286558
SKU_002,165,-1.1861824655780873
SKU_002,166,-1.1741752958982001
SKU_002,167,-1.1914011268157976
SKU_002,168,-1.2881430219579135
SKU_002,169,-1.3420190725413426
SKU_002,170,-1.2493234379289297
SKU_002,171,-1.2460810088330545
SKU_002,172,-1.2220872942276169
SKU_002,173,-1.1683238430180147
SKU_002,174,-1.3293535224589212
SKU_002,175,-1.2022138371637348
SKU_002,176,-1.2331571658293676
SKU_002,177,-1.270941283852316
SKU_002,178,-1.3180947546358766
SKU_002,179,-1.3216386701583387
SKU_002,180,-1.196687832374451
SKU_002,181,-1.2719675196542501
SKU_002,182,-1.3000801398565176
SKU_002,183,-1.182252642805024
SKU_002,184,-1.2019030294431492
SKU_002,185,-1.296661626198076
SKU_002,186,-1.3273357568468291
SKU_002,187,-1.2172890129575185
SKU_002,188,-1.2714613384669675
SKU_002,189,-1.3163521993456264
SKU_002,190,-1.3283356201004075
SKU_002,191,-1.226112649440185
SKU_002,192,-1.2783536264148108
SKU_002,193,-1.2270394722035025
SKU_002,194,-1.2198960298853632
SKU_002,195,-1.2011856047894858
SKU_002,196,-1.2901838544514517
SKU_002,197,-1.3401190735337245
SKU_002,198,-1.2373723020972314
SKU_002,199,-1.271217801745483
SKU_002,200,-1.292287870375336
SKU_002,201,-1.255416830747196
SKU_002,202,-1.2736897424728615
SKU_002,203,-1.2044840294725139
SKU_002,204,-1.1716811068918669
SKU_002,205,-1.3082381949837836
SKU_002,206,-1.182889067175889
SKU_002,207,-1.195111407818114
SKU_002,208,-1.2418983242973785
SKU_002,209,-1.3309967922251615
SKU_002,210,-1.2208689870955414
SKU_002,211,-1.1957719221683865
SKU_002,212,-1.348066281762058
SKU_002,213,-1.234545042002471
SKU_002,214,-1.2331297519235582
SKU_002,215,-1.2416725410577971
SKU_002,216,-1.2108844514941994
SKU_002,217,-1.223166591331706
SKU_002,218,-1.3980991237675657
SKU_002,219,-1.3387689986702942
SKU_002,220,-1.2263087209989603
SKU_002,221,-1.2739088794611322
SKU_002,222,-1.1181870596987338
SKU_002,223,-1.2224661823134988
SKU_002,224,-1.2162371036063924
SKU_002,225,-1.2646261885267147
SKU_002,226,-1.2987540904044352
SKU_002,227,-1.3111917793085632
SKU_002,228,-1.3198110668748184
SKU_002,229,-1.3965633203946994
SKU_002,230,-1.2318393300506938
SKU_002,231,-1.3090136929681315
SKU_002,232,-1.146847082782542
SKU_002,233,-1.2880023317601184
SKU_002,234,-1.3005773907005262
SKU_002,235,-1.2267301961552408
SKU_002,236,-1.3264314477436883
SKU_002,237,-1.3199129012473632
SKU_002,238,-1.1877601911482487
SKU_002,239,-1.2230043708582283
SKU_002,240,-1.3126142854269445
SKU_002,241,-1.3901054276461045
SKU_002,242,-1.213881258098409
SKU_002,243,-1.2298509936281754
SKU_002,244,-1.2775097265427298
SKU_002,245,-1.235645960501971
SKU_002,246,-1.238341860253961
SKU_002,247,-1.236273129360176
SKU_002,248,-1.2655094853672213
SKU_002,249,-1.2224698960184657
SKU_002,250,-1.2408533993678634
SKU_002,251,-1.2668841959556854
SKU_002,252,-1.1955375809219673
SKU_002,253,-1.1618232801784951
SKU_002,254,-1.2408627203418638
SKU_002,255,-1.3424845440165285
SKU_002,256,-1.2673296166612276
SKU_002,257,-1.2701856420417685
SKU_002,258,-1.2066592520227724
SKU_002,259,-1.2915489745403788
SKU_002,260,-1.244900891117653
SKU_002,261,-1.2199604612012769
SKU_002,262,-1.3221963129438052
SKU_002,263,-1.2606583619982015
SKU_002,264,-1.4205000957495628
SKU_002,265,-1.285147790851924
SKU_002,266,-1.3210853726281875
SKU_002,267,-1.344150980166898
SKU_002,268,-1.2144541254840642
SKU_002,269,-1.1853504185700985
SKU_002,270,-1.1938335869577719
SKU_002,271,-1.3472852427248283
SKU_002,272,-1.2286995748228102
SKU_002,273,-1.307719265506676
SKU_002,274,-1.2852703816150108
SKU_002,275,-1.222968651685325
SKU_002,276,-1.2400447878350664
SKU_002,277,-1.3234093424324525
SKU_002,278,-1.2051755429092623
SKU_002,279,-1.1922607641846126
SKU_002,280,-1.2224878781083586
SKU_002,281,-1.2328480262345645
SKU_002,282,-1.362772142015111
SKU_002,283,-1.2405133131800068
SKU_002,284,-1.193928236249275
SKU_002,285,-1.2338610996520043
SKU_002,286,-1.1460568729374516
SKU_002,287,-1.241538388660752
SKU_002,288,-1.2389920533200276
SKU_002,289,-1.2382223233787493
SKU_002,290,-1.1906795360456321
SKU_002,291,-1.2356042090828436
SKU_002,292,-1.223303021292895
SKU_002,293,-1.1966071856291502
SKU_002,294,-1.3420033209334912
SKU_002,295,-1.2832830661468646
SKU_002,296,-1.2072791114007828
SKU_002,297,-1.146137960433957
SKU_002,298,-1.2253746612778325
SKU_002,299,-1.2134663544334232
SKU_003,0,-2.121451849881486
SKU_003,1,-2.01654893346344
SKU_003,2,-1.9786838442441563
SKU_003,3,-2.0214497571762244
SKU_003,4,-2.060272402781481
SKU_003,5,-2.020936840422077
SKU_003,6,-1.9775429798882789
SKU_003,7,-1.9382313994105103
SKU_003,8,-2.0285187710771577
SKU_003,9,-2.117020006397219
SKU_003,10,-2.094600309358831
SKU_003,11,-1.9929095156905117
SKU_003,12,-2.0247100790861317
SKU_003,13,-2.018030516350243
SKU_003,14,-2.013927485963709
SKU_003,15,-2.0574952298180706
SKU_003,16,-1.9979760990975286
SKU_003,17,-2.024477085291901
SKU_003,18,-2.125046589022796
SKU_003,19,-2.074197286340651
SKU_003,20,-1.9453613669396699
SKU_003,21,-2.0887592533947097
SKU_003,22,-2.0031787856097134
SKU_003,23,-1.9332203987193013
SKU_003,24,-2.0385311069094683
SKU_003,25,-2.039039788269887
SKU_003,26,-2.021358158219382
SKU_003,27,-2.0265211558149687
SKU_003,28,-1.9864645206445217
SKU_003,29,-2.0090342469453932
SKU_003,30,-1.9983789856950238
SKU_003,31,-2.075809366125748
SKU_003,32,-1.9564889470009104
SKU_003,33,-2.0569529527173085
SKU_003,34,-2.0200782523316665
SKU_003,35,-2.0615251311091582
SKU_003,36,-1.9509467468527242
SKU_003,37,-2.077433624591174
SKU_003,38,-1.9481176440832502
SKU_003,39,-2.0381287108653314
SKU_003,40,-1.990269404767573
SKU_003,41,-2.116062525555538
SKU_003,42,-2.068799597082357
SKU_003,43,-2.040963991974531
SKU_003,44,-2.0219495636174547
SKU_003,45,-1.9772072514144323
SKU_003,46,-2.008079537248624
SKU_003,47,-2.020354912663638
SKU_003,48,-2.1020908276742176
SKU_003,49,-2.060558898240305
SKU_003,50,-2.0304121317083226
SKU_003,51,-2.022396139772768
SKU_003,52,-2.139070112909187
SKU_003,53,-2.127837067717401
SKU_003,54,-2.0108633989761766
SKU_003,55,-2.036903794313597
SKU_003,56,-2.150887276659379
SKU_003,57,-2.006295499427928
SKU_003,58,-2.047408998210291
SKU_003,59,-2.0158443470094767
SKU_003,60,-2.000512534706993
SKU_003,61,-1.9753718670972042
SKU_003,62,-1.9862497547923734
SKU_003,63,-2.0741683179260715
SKU_003,64,-2.052783465968689
SKU_003,65,-2.0293882571986885
SKU_003,66,-2.057211767596493
SKU_003,67,-1.9927098588385372
SKU_003,68,-2.0853016927560577
SKU_003,69,-2.0345776170300307
SKU_003,70,-1.9862306896768092
SKU_003,71,-2.1078273146848585
SKU_003,72,-2.0699959949859297
SKU_003,73,-2.0743480754632935
SKU_003,74,-2.0576055695186577
SKU_003,75,-2.069716357050836
SKU_003,76,-2.1094194372894504
SKU_003,77,-2.0755583325899827
SKU_003,78,-2.058697262021785
SKU_003,79,-2.116178408096989
SKU_003,80,-2.0330493744128413
SKU_003,81,-2.0930316782103415
SKU_003,82,-2.091431146448176
SKU_003,83,-2.1004086815955234
SKU_003,84,-2.104783181760896
SKU_003,85,-2.115426598948726
SKU_003,86,-1.9949082002703942
SKU_003,87,-1.9787052696072407
SKU_003,88,-2.067678605660659
SKU_003,89,-1.9578425123656835
SKU_003,90,-2.051412871427263
SKU_003,91,-2.136580089030534
SKU_003,92,-2.0549329567683934
SKU_003,93,-2.023618550985599
SKU_003,94,-2.1123984385688055
SKU_003,95,-1.984132233678549
SKU_003,96,-2.1275710351226955
SKU_003,97,-2.0658936509390076
SKU_003,98,-2.0179740342713846
SKU_003,99,-1.9950086030060112
SKU_003,100,-2.0168377542444245
SKU_003,101,-2.0009598706902683
SKU_003,102,-2.0587572596898145
SKU_003,103,-2.009897829863882
SKU_003,104,-2.0544008099865096
SKU_003,105,-2.0064434945235896
SKU_003,106,-2.0933673381247053
SKU_003,107,-1.998406476607188
SKU_003,108,-2.130575038614625
SKU_003,109,-2.075328425329438
SKU_003,110,-2.0151354941445203
SKU_003,111,-2.01689856659196
SKU_003,112,-2.0897214651780245
SKU_003,113,-1.9881381037077466
SKU_003,114,-2.03077711661908
SKU_003,115,-2.042322668813002
SKU_003,116,-2.0120366482840226
SKU_003,117,-2.0762261808162688
SKU_003,118,-1.9965843872377331
SKU_003,119,-2.029723384197777
SKU_003,120,-2.0168013863986864
SKU_003,121,-2.008218196575192
SKU_003,122,-2.0061968720771763
SKU_003,123,-2.050379743159428
SKU_003,124,-2.0573617224148943
SKU_003,125,-1.9394441487522176
SKU_003,126,-2.000127616540797
SKU_003,127,-2.0502405132729367
SKU_003,128,-2.0455481195142986
SKU_003,129,-1.988303544311528
SKU_003,130,-2.0105432230173568
SKU_003,131,-2.0411021694561655
SKU_003,132,-2.0582718316139563
SKU_003,133,-1.9984553881060778
SKU_003,134,-1.9639276506503691
SKU_003,135,-1.9602736726795889
SKU_003,136,-1.9612847826648876
SKU_003,137,-2.0875205908352013
SKU_003,138,-2.0281483350775424
SKU_003,139,-2.0639126913440284
SKU_003,140,-2.0304374265953142
SKU_003,141,-2.027723308533894
SKU_003,142,-2.0962063441377072
SKU_003,143,-2.038483076835395
SKU_003,144,-2.133105179115813
SKU_003,145,-2.005172038424801
SKU_003,146,-2.072097931457808
SKU_003,147,-2.042180886692803
SKU_003,148,-2.1411656669219616
SKU_003,149,-2.1002376002478993
SKU_003,150,-1.9956656530734045
SKU_003,151,-2.0081729601819536
SKU_003,152,-2.0184496230370206
SKU_003,153,-2.060191911453266
SKU_003,154,-1.9841239210913522
SKU_003,155,-1.944845506939434
SKU_003,156,-2.1757691286338785
SKU_003,157,-2.000215361435114
SKU_003,158,-2.104703326501542
SKU_003,159,-2.0516317157930968
SKU_003,160,-2.0382218238001384
SKU_003,161,-2.0101456759178804
SKU_003,162,-2.160155618084028
SKU_003,163,-1.974794577094158
SKU_003,164,-2.0732235367698237
SKU_003,165,-2.045908828374895
SKU_003,166,-2.0518883771575407
SKU_003,167,-2.0337058551366964
SKU_003,168,-2.0615910762350316
SKU_003,169,-2.1374872546232067
SKU_003,170,-2.046672006920128
SKU_003,171,-1.957430238420392
SKU_003,172,-2.058127745158004
SKU_003,173,-2.0928539700905633
SKU_003,174,-2.021124705764718
SKU_003,175,-2.040303851431599
SKU_003,176,-2.0103362059779015
SKU_003,177,-1.9643905276063196
SKU_003,178,-1.9578790659378897
SKU_003,179,-2.046150186208836
SKU_003,180,-2.055440259420697
SKU_003,181,-2.065027170910486
SKU_003,182,-2.164381852749025
SKU_003,183,-1.991834525989834
SKU_003,184,-2.2436874247359424
SKU_003,185,-2.0327817813493363
SKU_003,186,-2.049599553139662
SKU_003,187,-2.0214546408865655
SKU_003,188,-2.0101667039113047
SKU_003,189,-1.8975096283683928
SKU_003,190,-1.9651170354632512
SKU_003,191,-2.113036066872494
SKU_003,192,-2.0377647209727963
SKU_003,193,-1.9951590199401756
SKU_003,194,-2.0444963925462853
SKU_003,195,-1.999997071932861
SKU_003,196,-2.052511270391642
SKU_003,197,-2.071913789561221
SKU_003,198,-2.2018223402340364
SKU_003,199,-1.973192434159803
SKU_003,200,-2.0735749193829074
SKU_003,201,-1.9608903455712514
SKU_003,202,-2.055753033229776
SKU_003,203,-2.0871453265286113
SKU_003,204,-1.9815342322857326
SKU_003,205,-2.0536730928508806
SKU_003,206,-1.931231109053452
SKU_003,207,-2.092064052657497
SKU_003,208,-2.032658521642909
SKU_003,209,-2.0060222911426875
SKU_003,210,-1.9835107015922637
SKU_003,211,-2.1724512712132316
SKU_003,212,-2.066368789198321
SKU_003,213,-2.04248918102183
SKU_003,214,-2.0868051366624556
SKU_003,215,-2.018894602430757
SKU_003,216,-2.064936089850811
SKU_003,217,-2.045187538193572
SKU_003,218,-2.215318836104014
SKU_003,219,-2.0931108591456633
SKU_003,220,-2.0874968016977955
SKU_003,221,-1.968552219054508
SKU_003,222,-2.139215427269927
SKU_003,223,-2.04694548808258
SKU_003,224,-1.9594161292661294
SKU_003,225,-2.035548450634462
SKU_003,226,-2.0168200168893495
SKU_003,227,-2.0248735743039594
SKU_003,228,-2.0589877930817346
SKU_003,229,-2.1769253862727624
SKU_003,230,-1.9722092071890267
SKU_003,231,-1.9979945020991838
SKU_003,232,-2.115199676174559
SKU_003,233,-2.089926502241981
SKU_003,234,-2.047864671498464
SKU_003,235,-2.060207983667602
SKU_003,236,-2.0257340479648587
SKU_003,237,-2.0046264394840527
SKU_003,238,-2.0410202644425945
SKU_003,239,-2.0346785273479315
SKU_003,240,-2.0404184220636092
SKU_003,241,-2.0175471821933
SKU_003,242,-2.022033937017375
SKU_003,243,-2.081281529910008
SKU_003,244,-2.0576002620672793
SKU_003,245,-1.9167520884740294
SKU_003,246,-2.0561157155830103
SKU_003,247,-2.0491318618510515
SKU_003,248,-2.04875614605644
SKU_003,249,-2.058937362545336
SKU_003,250,-2.0662186824860473
SKU_003,251,-2.115479828309459
SKU_003,252,-1.9950814529382948
SKU_003,253,-2.0310498820783365
SKU_003,254,-1.9984464144776979
SKU_003,255,-2.076997967237136
SKU_003,256,-2.061160928591113
SKU_003,257,-1.9591036408665197
SKU_003,258,-2.067045640422234
SKU_003,259,-2.0585522031254504
SKU_003,260,-2.009532731857943
SKU_003,261,-2.1599807199531185
SKU_003,262,-2.0991588015689877
SKU_003,263,-2.014862329180711
SKU_003,264,-2.2465241311684476
SKU_003,265,-2.027491379821237
SKU_003,266,-2.188999386227978
SKU_003,267,-2.0559873515233953
SKU_003,268,-2.0873441957366166
SKU_003,269,-2.0915954034900586
SKU_003,270,-2.00926888853011
SKU_003,271,-2.1144477086373468
SKU_003,272,-2.0691247612219836
SKU_003,273,-1.9377419612440827
SKU_003,274,-2.076728673639774
SKU_003,275,-1.9782604344285855
SKU_003,276,-2.124769660574934
SKU_003,277,-1.9856710669070816
SKU_003,278,-1.9984267397354494
SKU_003,279,-2.1279692520582407
SKU_003,280,-2.044388954730923
SKU_003,281,-1.9473226926237956
SKU_003,282,-2.071316367653944
SKU_003,283,-2.029239267136139
SKU_003,284,-2.0534657203340827
SKU_003,285,-2.069780111290107
SKU_003,286,-2.053117717871069
SKU_003,287,-2.0353834173294247
SKU_003,288,-2.1203973024527674
SKU_003,289,-1.907412359424752
SKU_003,290,-2.157572309612276
SKU_003,291,-2.0610104689683677
SKU_003,292,-2.060703383579785
SKU_003,293,-2.0428524905220335
SKU_003,294,-2.09651003322992
SKU_003,295,-2.080420485022575
SKU_003,296,-2.081589243983894
SKU_003,297,-2.0396542713261976
SKU_003,298,-2.0636427058007434
SKU_003,299,-2.0634571741777195
SKU_004,0,-1.693593617166947
SKU_004,1,-1.8057142181949142
SKU_004,2,-1.7771094398837626
SKU_004,3,-1.7567240753842168
SKU_004,4,-1.7143447690493003
SKU_004,5,-1.867039701766563
SKU_004,6,-1.749470297624884
SKU_004,7,-1.7533496420053631
SKU_004,8,-1.648279356426262
SKU_004,9,-1.8708006607464371
SKU_004,10,-1.7511673034988557
SKU_004,11,-1.8953714213576274
SKU_004,12,-1.786211141811502
SKU_004,13,-1.876709915897302
SKU_004,14,-1.773241369557666
SKU_004,15,-1.7614628620569925
SKU_004,16,-1.7079482116328073
SKU_004,17,-1.7652200905297095
SKU_004,18,-1.6857862199324385
SKU_004,19,-1.5759962588019474
SKU_004,20,-1.9610226712760437
SKU_004,21,-1.6497114791050662
SKU_004,22,-1.7986565048742087
SKU_004,23,-1.655086425034913
SKU_004,24,-1.7961289626376897
SKU_004,25,-1.7758379470780528
SKU_004,26,-1.789518981676929
SKU_004,27,-1.73450469559288
SKU_004,28,-1.758257050988236
SKU_004,29,-1.8076509591933796
SKU_004,30,-1.7969788743476187
SKU_004,31,-1.7795270277026818
SKU_004,32,-1.7701696870601333
SKU_004,33,-1.6824759956496216
SKU_004,34,-1.8013544886373536
SKU_004,35,-1.722214426844274
SKU_004,36,-1.8618084706475955
SKU_004,37,-1.7458426434975247
SKU_004,38,-1.8178856705390574
SKU_004,39,-1.4882914954046185
SKU_004,40,-1.7693297212441013
SKU_004,41,-1.6563072987258867
SKU_004,42,-1.7923379699615365
SKU_004,43,-1.7250452678530108
SKU_004,44,-1.69716400424156
SKU_004,45,-1.629328166758863
SKU_004,46,-1.6928831141588734
SKU_004,47,-1.8000155792937662
SKU_004,48,-1.8786662244291863
SKU_004,49,-1.6560540299204118
SKU_004,50,-1.8034972383961327
SKU_004,51,-1.8443747820395386
SKU_004,52,-1.8211874553969147
SKU_004,53,-1.789976778328771
SKU_004,54,-1.7473863462988581
SKU_004,55,-1.832319015493733
SKU_004,56,-1.6777334485673283
SKU_004,57,-1.7604914785708006
SKU_004,58,-1.7863424953042342
SKU_004,59,-1.6923446600779184
SKU_004,60,-1.8228466816958147
SKU_004,61,-1.7969623367103171
SKU_004,62,-1.8017822670314294
SKU_004,63,-1.851085426753303
SKU_004,64,-1.7549297643709858
SKU_004,65,-1.7285879264460977
SKU_004,66,-1.8198608192655994
SKU_004,67,-1.7869323533922006
SKU_004,68,-1.6925254124221456
SKU_004,69,-1.5146541605055341
SKU_004,70,-1.7885194764889547
SKU_004,71,-1.6797414260911736
SKU_004,72,-1.7863905494902148
SKU_004,73,-1.7388816544279997
SKU_004,74,-1.7882108506552798
SKU_004,75,-1.7668785942288823
SKU_004,76,-1.7896498393165963
SKU_004,77,-1.8348533394023356
SKU_004,78,-1.884850249393836
SKU_004,79,-1.7607900100475307
SKU_004,80,-1.8003227716395924
SKU_004,81,-1.6039632965883899
SKU_004,82,-1.7527825971518105
SKU_004,83,-1.8345105158270036
SKU_004,84,-1.8503794346732811
SKU_004,85,-1.7336598097885885
SKU_004,86,-1.678715981273111
SKU_004,87,-1.7810904913700696
SKU_004,88,-1.7059638035697744
SKU_004,89,-1.8333745040421165
SKU_004,90,-1.784001249211291
SKU_004,91,-1.673436368641535
SKU_004,92,-1.8676620956478822
SKU_004,93,-1.7069308865567931
SKU_004,94,-1.7649704617378097
SKU_004,95,-1.8464814210714804
SKU_004,96,-1.7552935670147352
SKU_004,97,-1.7172079088102876
SKU_004,98,-1.6083681108398926
SKU_004,99,-1.8080869305571554
SKU_004,100,-1.7919901405774221
SKU_004,101,-1.676455640293837
SKU_004,102,-1.8094980195839863
SKU_004,103,-1.7121921695868116
SKU_004,104,-1.8767381845625968
SKU_004,105,-1.8219685979934908
SKU_004,106,-1.8303402753039504
SKU_004,107,-1.7416904727904108
SKU_004,108,-1.729004379862145
SKU_004,109,-1.727730638915161
SKU_004,110,-1.7582247647517915
SKU_004,111,-1.7499235027992803
SKU_004,112,-1.9061579627228504
SKU_004,113,-1.7595653824516564
SKU_004,114,-1.685772596566148
SKU_004,115,-1.8899615612338694
SKU_004,116,-1.7181493717587444
SKU_004,117,-1.7360404646531136
SKU_004,118,-1.6687996390189834
SKU_004,119,-1.7529484763008425
SKU_004,120,-1.7366790773880392
SKU_004,121,-1.6842737279838806
SKU_004,122,-1.8592937319366518
SKU_004,123,-1.725286139647081
SKU_004,124,-1.6830953456097961
SKU_004,125,-1.7733655079333888
SKU_004,126,-1.6961758811481933
SKU_004,127,-1.8239993001092158
SKU_004,128,-1.7632281819627416
SKU_004,129,-1.6645591235304087
SKU_004,130,-1.7634293756765869
SKU_004,131,-1.7448743358875525
SKU_004,132,-1.8603630229947767
SKU_004,133,-1.7342249756772694
SKU_004,134,-1.7365217217354831
SKU_004,135,-1.8165805878202035
SKU_004,136,-1.710103562579984
SKU_004,137,-1.8349256024612444
SKU_004,138,-1.7295340296713395
SKU_004,139,-1.7854964856147633
SKU_004,140,-1.7227190980259828
SKU_004,141,-1.949494408795213
SKU_004,142,-1.8825951530388942
SKU_004,143,-1.8546861229868552
SKU_004,144,-1.7407049487961612
SKU_004,145,-1.7339265597974232
SKU_004,146,-1.803006603754622
SKU_004,147,-1.6544942383307804
SKU_004,148,-1.7730890561855848
SKU_004,149,-1.8654936088596157
SKU_004,150,-1.8120088578891163
SKU_004,151,-1.8603986286486678
SKU_004,152,-1.6897767136558195
SKU_004,153,-1.8662645137070963
SKU_004,154,-1.6952985018007096
SKU_004,155,-1.7341201959516757
SKU_004,156,-1.7961615154909494
SKU_004,157,-1.7179943648863993
SKU_004,158,-1.838709449970441
SKU_004,159,-1.8379690344346413
SKU_004,160,-1.8470828956126653
SKU_004,161,-1.7985456149553682
SKU_004,162,-1.7622670246983363
SKU_004,163,-1.855976878905362
SKU_004,164,-1.7169042857479504
SKU_004,165,-1.8079212732066348
SKU_004,166,-1.8334585217190258
SKU_004,167,-1.9070002126878527
SKU_004,168,-1.688064249876361
SKU_004,169,-1.6253247576481886
SKU_004,170,-1.804643628167162
SKU_004,171,-1.7951207966767504
SKU_004,172,-1.8508054561206047
SKU_004,173,-1.6947061135574375
SKU_004,174,-1.8746820929111172
SKU_004,175,-1.8499506973051751
SKU_004,176,-1.7648130917232883
SKU_004,177,-1.8283916152897441
SKU_004,178,-1.826455877446503
SKU_004,179,-1.7590783932627492
SKU_004,180,-1.8446672470110865
SKU_004,181,-1.8994601750061817
SKU_004,182,-1.4998957128269261
SKU_004,183,-1.8670668929760117
SKU_004,184,-1.782866430762348
SKU_004,185,-1.8558115282251024
SKU_004,186,-1.6945248486278657
SKU_004,187,-1.844433295535144
SKU_004,188,-1.7058039569539825
SKU_004,189,-1.7669390180583042
SKU_004,190,-1.7110267770835308
SKU_004,191,-1.6494982940504421
SKU_004,192,-1.7473907230895256
SKU_004,193,-1.7659158898508152
SKU_004,194,-1.7885886499103816
SKU_004,195,-1.5896860593739797
SKU_004,196,-1.7733863292799361
SKU_004,197,-1.7478503905561045
SKU_004,198,-1.7368215548404078
SKU_004,199,-1.8798227260145706
SKU_004,200,-1.8138595093686476
SKU_004,201,-1.6943079366331038
SKU_004,202,-1.643697246748966
SKU_004,203,-1.9528673518375603
SKU_004,204,-1.7581903689122211
SKU_004,205,-1.842934956603507
SKU_004,206,-1.7046464882283436
SKU_004,207,-1.911485815998136
SKU_004,208,-1.7294190112268568
SKU_004,209,-1.8466977655512216
SKU_004,210,-1.8952880001590822
SKU_004,211,-1.8325813744908035
SKU_004,212,-1.668262045299284
SKU_004,213,-1.7680763806502369
SKU_004,214,-1.868129065866267
SKU_004,215,-1.8156020097198213
SKU_004,216,-1.8379954511840364
SKU_004,217,-1.7450075526368025
SKU_004,218,-1.6396292765589668
SKU_004,219,-1.7779377883537826
SKU_004,220,-1.8247332448876372
SKU_004,221,-1.8260103002618349
SKU_004,222,-1.7826151786119164
SKU_004,223,-1.8233246617107859
SKU_004,224,-1.7841818694559606
SKU_004,225,-1.7070219970803904
SKU_004,226,-1.732886963166426
SKU_004,227,-1.6933641399780994
SKU_004,228,-1.7915804753467202
SKU_004,229,-1.6627330442320274
SKU_004,230,-1.6790491372109246
SKU_004,231,-1.8393067168254185
SKU_004,232,-1.6137647332378933
SKU_004,233,-1.777277982773568
SKU_004,234,-1.720711620674743
SKU_004,235,-1.8292380512628772
SKU_004,236,-1.7834254497986155
SKU_004,237,-1.9302274234573584
SKU_004,238,-1.7998366918699624
SKU_004,239,-1.8085789285681961
SKU_004,240,-1.7163622634056892
SKU_004,241,-1.8131353595337372
SKU_004,242,-1.8740767016975166
SKU_004,243,-1.7542390939366022
SKU_004,244,-1.8991819637086154
SKU_004,245,-1.7986414052844186
SKU_004,246,-1.792717005881136
SKU_004,247,-1.6649243151965494
SKU_004,248,-1.902384051454022
SKU_004,249,-1.7814521419867915
SKU_004,250,-1.7712206672992843
SKU_004,251,-1.7386375208618183
SKU_004,252,-1.7081812616975822
SKU_004,253,-1.7120753578540575
SKU_004,254,-1.891682124978498
SKU_004,255,-1.7390258190089531
SKU_004,256,-1.8001941499488556
SKU_004,257,-1.8694625122916233
SKU_004,258,-1.8599169608686097
SKU_004,259,-1.8035044011826
SKU_004,260,-1.7337864044073519
SKU_004,261,-1.6982177627498574
SKU_004,262,-1.8999482141742554
SKU_004,263,-1.7749579942542877
SKU_004,264,-1.8158852500013754
SKU_004,265,-1.6855105639686114
SKU_004,266,-1.8665611046699007
SKU_004,267,-1.713546894870315
SKU_004,268,-1.7400253947106032
SKU_004,269,-1.8147961899107954
SKU_004,270,-1.7067829588079475
SKU_004,271,-1.692679950104306
SKU_004,272,-1.7479096709655115
SKU_004,273,-1.675468939224073
SKU_004,274,-1.7510395410596982
SKU_004,275,-1.8030405992299916
SKU_004,276,-1.8682983522955525
SKU_004,277,-1.8146610860263799
SKU_004,278,-1.6488918327155735
SKU_004,279,-1.7743926174517635
SKU_004,280,-1.685370242480945
SKU_004,281,-1.70800439333935
SKU_004,282,-1.6091801691797203
SKU_004,283,-1.7394565571608656
SKU_004,284,-1.7108855704680859
SKU_004,285,-1.843567535846584
SKU_004,286,-1.6918860600361993
SKU_004,287,-1.8402667509510438
SKU_004,288,-1.7916501841583252
SKU_004,289,-1.7333273063139019
SKU_004,290,-1.7129687370879896
SKU_004,291,-1.7589927649167836
SKU_004,292,-1.841234463273582
SKU_004,293,-1.832743248380137
SKU_004,294,-1.7250107970673838
SKU_004,295,-1.7829538242616036
SKU_004,296,-1.7851339704026188
SKU_004,297,-1.66332558412408
SKU_004,298,-1.741650213936388
SKU_004,299,-1.7209609363493756
SKU_005,0,-1.3044963039697433
SKU_005,1,-1.300611874809047
SKU_005,2,-1.201260800351127
SKU_005,3,-1.2922097248820863
SKU_005,4,-1.1584946168377463
SKU_005,5,-1.3159163540278043
SKU_005,6,-1.2430776713368463
SKU_005,7,-1.2394942431173102
SKU_005,8,-1.2859670254983255
SKU_005,9,-1.2348043125322716
SKU_005,10,-1.239803963101788
SKU_005,11,-1.2672785885958162
SKU_005,12,-1.2752308533685144
SKU_005,13,-1.3112051769696773
SKU_005,14,-1.2835290340148091
SKU_005,15,-1.2716912469877364
SKU_005,16,-1.2400931445404741
SKU_005,17,-1.1936102966497641
SKU_005,18,-1.1451097911926376
SKU_005,19,-1.2789360523522402
SKU_005,20,-1.2902996714494068
SKU_005,21,-1.348632615345876
SKU_005,22,-1.229636938653439
SKU_005,23,-1.2955722002731915
SKU_005,24,-1.2309668391288766
SKU_005,25,-1.2414953677811973
SKU_005,26,-1.2308265227014363
SKU_005,27,-1.2657578535328902
SKU_005,28,-1.2101676324226265
SKU_005,29,-1.3130914370169617
SKU_005,30,-1.207891564366886
SKU_005,31,-1.227440419237208
SKU_005,32,-1.2423046592072382
SKU_005,33,-1.2752017800294346
SKU_005,34,-1.183604924788159
SKU_005,35,-1.3263595528710634
SKU_005,36,-1.2976358587276735
SKU_005,37,-1.3188271581336852
SKU_005,38,-1.2799401294222155
SKU_005,39,-1.3610470970453363
SKU_005,40,-1.2168832405778052
SKU_005,41,-1.30766408351394
SKU_005,42,-1.284451828120878
SKU_005,43,-1.2924846593407628
SKU_005,44,-1.180813513454881
SKU_005,45,-1.2585311024818369
SKU_005,46,-1.3194230022272577
SKU_005,47,-1.1314485365349842
SKU_005,48,-1.2790597044765801
SKU_005,49,-1.2271598902294378
SKU_005,50,-1.2821760141985086
SKU_005,51,-1.2405712005173102
SKU_005,52,-1.2268475025598433
SKU_005,53,-1.2897695552332311
SKU_005,54,-1.331881424323151
SKU_005,55,-1.231252048880846
SKU_005,56,-1.3026639409584333
SKU_005,57,-1.2850339481612032
SKU_005,58,-1.2572750452537778
SKU_005,59,-1.2041906039810355
SKU_005,60,-1.250635132803286
SKU_005,61,-1.1328799096571551
SKU_005,62,-1.2578480929402667
SKU_005,63,-1.2596929118225257
SKU_005,64,-1.2368790404582997
SKU_005,65,-1.3289443778385768
SKU_005,66,-1.232627214131273
SKU_005,67,-1.2584722908405264
SKU_005,68,-1.3524865854134087
SKU_005,69,-1.2614562642692444
SKU_005,70,-1.2934072678272517
SKU_005,71,-1.2922835301131275
SKU_005,72,-1.2257435632423686
SKU_005,73,-1.3088577971499147
SKU_005,74,-1.281172608284479
SKU_005,75,-1.1739941361588528
SKU_005,76,-1.2665116070263154
SKU_005,77,-1.2674624471307263
SKU_005,78,-1.1656608553186893
SKU_005,79,-1.3576406604684712
SKU_005,80,-1.2667001926710295
SKU_005,81,-1.234094623623592
SKU_005,82,-1.2404386596442993
SKU_005,83,-1.4337655159947034
SKU_005,84,-1.2399156592126335
SKU_005,85,-1.2244299580809421
SKU_005,86,-1.1553141371808244
SKU_005,87,-1.2909926504416118
SKU_005,88,-1.2588498380538302
SKU_005,89,-1.261068998594726
SKU_005,90,-1.2664367704579582
SKU_005,91,-1.2624346316641937
SKU_005,92,-1.3113112543659051
SKU_005,93,-1.3487532005625193
SKU_005,94,-1.3329973684686287
SKU_005,95,-1.3356093200528971
SKU_005,96,-1.4329675274866902
SKU_005,97,-1.2953295418785362
SKU_005,98,-1.2189509223503399
SKU_005,99,-1.2397083087707925
SKU_005,100,-1.2085653229940976
SKU_005,101,-1.1532494301670928
SKU_005,102,-1.2583003383237186
SKU_005,103,-1.264995825941798
SKU_005,104,-1.260920061852608
SKU_005,105,-1.196002297330067
SKU_005,106,-1.290086299917582
SKU_005,107,-1.2390235560629979
SKU_005,108,-1.2830613973969092
SKU_005,109,-1.2221600405798598
SKU_005,110,-1.209282934963635
SKU_005,111,-1.2906565696300318
SKU_005,112,-1.3104859130905357
SKU_005,113,-1.4089675165682465
SKU_005,114,-1.251391451277351
SKU_005,115,-1.1870547374231253
SKU_005,116,-1.2511374750088669
SKU_005,117,-1.2476413074115325
SKU_005,118,-1.1332109834694453
SKU_005,119,-1.2980637127360575
SKU_005,120,-1.2708775872846636
SKU_005,121,-1.2649046742677812
SKU_005,122,-1.3233303139509678
SKU_005,123,-1.2205211544560606
SKU_005,124,-1.2729091094231952
SKU_005,125,-1.21468733180914
SKU_005,126,-1.2525624169303424
SKU_005,127,-1.1747690533355233
SKU_005,128,-1.235771054312326
SKU_005,129,-1.2948339451288395
SKU_005,130,-1.2529547990440542
SKU_005,131,-1.1941235594444428
SKU_005,132,-1.3035598048036297
SKU_005,133,-1.289666150706057
SKU_005,134,-1.216325460737241
SKU_005,135,-1.2997705289159607
SKU_005,136,-1.331855514522944
SKU_005,137,-1.2026611795211406
SKU_005,138,-1.1874311450600639
SKU_005,139,-1.22473755228012
SKU_005,140,-1.2211901506553418
SKU_005,141,-1.2577888628163727
SKU_005,142,-1.2342853305841646
SKU_005,143,-1.261974256495674
SKU_005,144,-1.2459892565052524
SKU_005,145,-1.259341716480156
SKU_005,146,-1.2960243854858073
SKU_005,147,-1.3885276445738113
SKU_005,148,-1.2374057006098613
SKU_005,149,-1.2630594911040303
SKU_005,150,-1.2121434187808278
SKU_005,151,-1.2014072593141019
SKU_005,152,-1.2552642689134568
SKU_005,153,-1.219174777770594
SKU_005,154,-1.266786893123297
SKU_005,155,-1.2646746042995995
SKU_005,156,-1.2567205495082647
SKU_005,157,-1.2230139428353617
SKU_005,158,-1.2744119895051411
SKU_005,159,-1.2860660507051933
SKU_005,160,-1.2693582270363093
SKU_005,161,-1.3099119048263717
SKU_005,162,-1.2314772821585498
SKU_005,163,-1.2196042823821756
SKU_005,164,-1.2206193622145778
SKU_005,165,-1.2116758446890168
SKU_005,166,-1.2320842209358793
SKU_005,167,-1.2181989382190324
SKU_005,168,-1.297509586138584
SKU_005,169,-1.218520533602727
SKU_005,170,-1.2491475416499072
SKU_005,171,-1.182345107124555
SKU_005,172,-1.2201215150385787
SKU_005,173,-1.1882481944060264
SKU_005,174,-1.325786382205184
SKU_005,175,-1.2745345004890891
SKU_005,176,-1.2319121180922254
SKU_005,177,-1.1950850793473136
SKU_005,178,-1.3170265758058841
SKU_005,179,-1.324199108666141
SKU_005,180,-1.2386272384538677
SKU_005,181,-1.3202797830992699
SKU_005,182,-1.3433836530378687
SKU_005,183,-1.1492071777707236
SKU_005,184,-1.216716457489795
SKU_005,185,-1.3157755330032312
SKU_005,186,-1.2947631942118674
SKU_005,187,-1.2792799669734154
SKU_005,188,-1.2791927648529053
SKU_005,189,-1.2971715255332124
SKU_005,190,-1.345654753571877
SKU_005,191,-1.2393178464373629
SKU_005,192,-1.2686370623436576
SKU_005,193,-1.2009459473340378
SKU_005,194,-1.2059760907714194
SKU_005,195,-1.1870767159699147
SKU_005,196,-1.303947604312316
SKU_005,197,-1.348611615394666
SKU_005,198,-1.2798230836715865
SKU_005,199,-1.2783019059171308
SKU_005,200,-1.2678003225166286
SKU_005,201,-1.26211633979601
SKU_005,202,-1.2385845213109474
SKU_005,203,-1.1671731304062765
SKU_005,204,-1.2261132604307579
SKU_005,205,-1.2559699759780005
SKU_005,206,-1.1418266730325934
SKU_005,207,-1.2581887037462676
SKU_005,208,-1.250896666569542
SKU_005,209,-1.2762707109597764
SKU_005,210,-1.247532043144275
SKU_005,211,-1.1730749855814142
SKU_005,212,-1.2821582376564613
SKU_005,213,-1.2448592937118175
SKU_005,214,-1.212490109275968
SKU_005,215,-1.2920826814983042
SKU_005,216,-1.2530441805459898
SKU_005,217,-1.193362493652002
SKU_005,218,-1.327182327339148
SKU_005,219,-1.2991392255003469
SKU_005,220,-1.2316749575098023
SKU_005,221,-1.2732566593111478
SKU_005,222,-1.1451784159933842
SKU_005,223,-1.1454770154946414
SKU_005,224,-1.2958899176918115
SKU_005,225,-1.173968925665047
SKU_005,226,-1.2944526714849354
SKU_005,227,-1.3105931676484257
SKU_005,228,-1.3244043741944589
SKU_005,229,-1.3848436495715788
SKU_005,230,-1.2323671852428746
SKU_005,231,-1.3365635936297213
SKU_005,232,-1.2714715335081408
SKU_005,233,-1.2941911171638607
SKU_005,234,-1.3309262839875284
SKU_005,235,-1.214967161241328
SKU_005,236,-1.3195536163550134
SKU_005,237,-1.3507160708319221
SKU_005,238,-1.225925413021141
SKU_005,239,-1.224564485215543
SKU_005,240,-1.3150851663672436
SKU_005,241,-1.3528843583619974
SKU_005,242,-1.2096756449106523
SKU_005,243,-1.233813825697365
SKU_005,244,-1.3176490973289627
SKU_005,245,-1.2370857074319352
SKU_005,246,-1.2280880708614368
SKU_005,247,-1.278386958145874
SKU_005,248,-1.2469289632327236
SKU_005,249,-1.2270503273491646
SKU_005,250,-1.227554778777007
SKU_005,251,-1.265028688569281
SKU_005,252,-1.1583697677071436
SKU_005,253,-1.2193599843242027
SKU_005,254,-1.2499739168789383
SKU_005,255,-1.2782805901642451
SKU_005,256,-1.2671130112065583
SKU_005,257,-1.2712262631095943
SKU_005,258,-1.2020281241774178
SKU_005,259,-1.2912869230157304
SKU_005,260,-1.1970045441712014
SKU_005,261,-1.2266180737550576
SKU_005,262,-1.2455894043100955
SKU_005,263,-1.3483047173668685
SKU_005,264,-1.3961263159188695
SKU_005,265,-1.37643212778798
SKU_005,266,-1.2718657849771076
SKU_005,267,-1.2880023574389585
SKU_005,268,-1.225207636221044
SKU_005,269,-1.1817565569540798
SKU_005,270,-1.1560113021477592
SKU_005,271,-1.2831101309872859
SKU_005,272,-1.2171775629480606
SKU_005,273,-1.2549607482844292
SKU_005,274,-1.2682569076029662
SKU_005,275,-1.3019263839450073
SKU_005,276,-1.257786471549131
SKU_005,277,-1.328224009612064
SKU_005,278,-1.2198001711934623
SKU_005,279,-1.1764921032620435
SKU_005,280,-1.2232453543589181
SKU_005,281,-1.2843495593259153
SKU_005,282,-1.2398393756328865
SKU_005,283,-1.2452097443566468
SKU_005,284,-1.2393359335151792
SKU_005,285,-1.2301287418605578
SKU_005,286,-1.2238239910210071
SKU_005,287,-1.2330367692933133
SKU_005,288,-1.2582872288526383
SKU_005,289,-1.239413882236477
SKU_005,290,-1.2894370352005788
SKU_005,291,-1.2363737848961454
SKU_005,292,-1.2488660052330056
SKU_005,293,-1.185074581370778
SKU_005,294,-1.275955460034134
SKU_005,295,-1.2526028299483256
SKU_005,296,-1.2148820017229596
SKU_005,297,-1.142757834796042
SKU_005,298,-1.2154812967844026
SKU_005,299,-1.2058109247994562
SKU_006,0,-1.3434235063200863
SKU_006,1,-1.232933090167171
SKU_006,2,-1.1856710246980948
SKU_006,3,-1.340183548865946
SKU_006,4,-1.2453416657422396
SKU_006,5,-1.2651062382743234
SKU_006,6,-1.2898893468164758
SKU_006,7,-1.2536047560532249
SKU_006,8,-1.2233395955467175
SKU_006,9,-1.2192371763365293
SKU_006,10,-1.2431990551053158
SKU_006,11,-1.2682734392287636
SKU_006,12,-1.2484566911774908
SKU_006,13,-1.3295968266136828
SKU_006,14,-1.2896962211459697
SKU_006,15,-1.2718961052553275
SKU_006,16,-1.248468518254279
SKU_006,17,-1.1179315483996404
SKU_006,18,-1.1488019455456322
SKU_006,19,-1.1598895618163287
SKU_006,20,-1.2499186526067203
SKU_006,21,-1.2716703830289124
SKU_006,22,-1.2382701449953568
SKU_006,23,-1.216882983526854
SKU_006,24,-1.2705980190850823
SKU_006,25,-1.2236948768247657
SKU_006,26,-1.2528946456868009
SKU_006,27,-1.2635331174287374
SKU_006,28,-1.2261106135230782
SKU_006,29,-1.296439475963977
SKU_006,30,-1.2086625944233969
SKU_006,31,-1.2314942280735965
SKU_006,32,-1.2434136425695734
SKU_006,33,-1.2630062813062666
SKU_006,34,-1.1866276705643388
SKU_006,35,-1.3316814500792875
SKU_006,36,-1.2978816716202524
SKU_006,37,-1.1950093325773354
SKU_006,38,-1.2812199689377102
SKU_006,39,-1.280773670759562
SKU_006,40,-1.2151478091050991
SKU_006,41,-1.3303464185867362
SKU_006,42,-1.2852141615937305
SKU_006,43,-1.3609950067772218
SKU_006,44,-1.181502110695672
SKU_006,45,-1.2936276111363132
SKU_006,46,-1.3352271353308693
SKU_006,47,-1.2531854952670027
SKU_006,48,-1.2732276858436995
SKU_006,49,-1.2286236995410624
SKU_006,50,-1.261988066922172
SKU_006,51,-1.2139609040296284
SKU_006,52,-1.2286431537408282
SKU_006,53,-1.287866656260478
SKU_006,54,-1.3616503023526536
SKU_006,55,-1.2674573012303803
SKU_006,56,-1.3001075129796873
SKU_006,57,-1.295553964364878
SKU_006,58,-1.2637801777780975
SKU_006,59,-1.144513994932179
SKU_006,60,-1.246472024796702
SKU_006,61,-1.1374173422962293
SKU_006,62,-1.2389689222544742
SKU_006,63,-1.284901891569793
SKU_006,64,-1.2966988913134396
SKU_006,65,-1.3243917606797675
SKU_006,66,-1.2465547327838922
SKU_006,67,-1.2971033640470881
SKU_006,68,-1.352506004340961
SKU_006,69,-1.2566086491833326
SKU_006,70,-1.3480191032848314
SKU_006,71,-1.2378702825879109
SKU_006,72,-1.1861136491101567
SKU_006,73,-1.3136367750968188
SKU_006,74,-1.140553914088323
SKU_006,75,-1.1738540486710607
SKU_006,76,-1.2810588526393827
SKU_006,77,-1.2675560733469946
SKU_006,78,-1.2396674779646684
SKU_006,79,-1.304093784804455
SKU_006,80,-1.2579248441050785
SKU_006,81,-1.244540988380101
SKU_006,82,-1.2383881105284522
SKU_006,83,-1.4582727796444217
SKU_006,84,-1.2401116298940744
SKU_006,85,-1.2448205754463089
SKU_006,86,-1.1828190473119624
SKU_006,87,-1.2880316275541783
SKU_006,88,-1.2691159422139244
SKU_006,89,-1.2765495656086894
SKU_006,90,-1.2948278416950696
SKU_006,91,-1.3542489822810995
SKU_006,92,-1.3130159597015714
SKU_006,93,-1.2747332290819942
SKU_006,94,-1.2973818923236276
SKU_006,95,-1.3385957653233982
SKU_006,96,-1.3623908429208382
SKU_006,97,-1.307887809242473
SKU_006,98,-1.214745176574626
SKU_006,99,-1.2425104549168877
SKU_006,100,-1.2172582287512608
SKU_006,101,-1.1140605863027435
SKU_006,102,-1.2279380655254502
SKU_006,103,-1.2639375516366194
SKU_006,104,-1.2539051762699864
SKU_006,105,-1.2651241915398357
SKU_006,106,-1.274447295192072
SKU_006,107,-1.2257916173748264
SKU_006,108,-1.3149131022713187
SKU_006,109,-1.2399419339964772
SKU_006,110,-1.2402713825732905
SKU_006,111,-1.2918395210251084
SKU_006,112,-1.306358781677756
SKU_006,113,-1.3794517351782016
SKU_006,114,-1.2478674251105126
SKU_006,115,-1.1786215079024276
SKU_006,116,-1.2891498426958845
SKU_006,117,-1.2145575975475098
SKU_006,118,-1.0844714340993786
SKU_006,119,-1.3168345957653573
SKU_006,120,-1.2707015995703792
SKU_006,121,-1.2516425789812449
SKU_006,122,-1.3404730336399577
SKU_006,123,-1.26080416283052
SKU_006,124,-1.2251133698371968
SKU_006,125,-1.2699732061379727
SKU_006,126,-1.3208013492204171
SKU_006,127,-1.1877320288762827
SKU_006,128,-1.3247202417492918
SKU_006,129,-1.2247683561983216
SKU_006,130,-1.279991743727368
SKU_006,131,-1.1939173709088335
SKU_006,132,-1.2605938085112205
SKU_006,133,-1.2858191433478672
SKU_006,134,-1.2499396288955658
SKU_006,135,-1.3026656650732975
SKU_006,136,-1.2785385583905011
SKU_006,137,-1.2000104182389277
SKU_006,138,-1.2090325083512365
SKU_006,139,-1.230545273118611
SKU_006,140,-1.2186940795913954
SKU_006,141,-1.2442411333142167
SKU_006,142,-1.2657130226482054
SKU_006,143,-1.245758219286279
SKU_006,144,-1.3381145985978795
SKU_006,145,-1.253138897411427
SKU_006,146,-1.3724647233156215
SKU_006,147,-1.3711232075098256
SKU_006,148,-1.2609030225860984
SKU_006,149,-1.1753177099282823
SKU_006,150,-1.2069541495670415
SKU_006,151,-1.2304358247119913
SKU_006,152,-1.2537959824089964
SKU_006,153,-1.233316238069829
SKU_006,154,-1.1877351493140622
SKU_006,155,-1.2030506561372374
SKU_006,156,-1.28512333415495
SKU_006,157,-1.2791108667288638
SKU_006,158,-1.247569159162003
SKU_006,159,-1.2632905947800075
SKU_006,160,-1.2641691651452107
SKU_006,161,-1.309944395453304
SKU_006,162,-1.3275146336046515
SKU_006,163,-1.2331268230415793
SKU_006,164,-1.2146000407110666
SKU_006,165,-1.2005669839502562
SKU_006,166,-1.221974993532304
SKU_006,167,-1.1751720752118182
SKU_006,168,-1.27995430116846
SKU_006,169,-1.2363443507897645
SKU_006,170,-1.2493983605709293
SKU_006,171,-1.239280098070661
SKU_006,172,-1.2235139973316702
SKU_006,173,-1.2303725843097826
SKU_006,174,-1.3720951277583227
SKU_006,175,-1.2697260152756575
SKU_006,176,-1.2357619466720438
SKU_006,177,-1.2249738031446686
SKU_006,178,-1.329649493509082
SKU_006,179,-1.3451439685933901
SKU_006,180,-1.2537254977042993
SKU_006,181,-1.3621466229794446
SKU_006,182,-1.5229535641329892
SKU_006,183,-1.3378006653485168
SKU_006,184,-1.220145778273289
SKU_006,185,-1.3278782430734133
SKU_006,186,-1.2971499161616813
SKU_006,187,-1.3857935264692427
SKU_006,188,-1.2874598795387047
SKU_006,189,-1.2904090969302904
SKU_006,190,-1.3640625105663582
SKU_006,191,-1.2334263174099478
SKU_006,192,-1.2630381203235264
SKU_006,193,-1.2747699811743494
SKU_006,194,-1.216396098167369
SKU_006,195,-1.199857092513672
SKU_006,196,-1.3063942412769738
SKU_006,197,-1.3489138617447667
SKU_006,198,-1.2321903132326477
SKU_006,199,-1.2713885112817318
SKU_006,200,-1.2613978637881471
SKU_006,201,-1.2466815423627828
SKU_006,202,-1.2416451699919764
SKU_006,203,-1.2360934499981986
SKU_006,204,-1.1590174585212745
SKU_006,205,-1.2891763459225147
SKU_006,206,-1.1614203654656725
SKU_006,207,-1.2850989734492366
SKU_006,208,-1.272340566888623
SKU_006,209,-1.3147258330990708
SKU_006,210,-1.2211302012622078
SKU_006,211,-1.2637043121734735
SKU_006,212,-1.1924777623365592
SKU_006,213,-1.2417468687288493
SKU_006,214,-1.2121362394973472
SKU_006,215,-1.127532719919138
SKU_006,216,-1.2361451843837659
SKU_006,217,-1.1949200003992597
SKU_006,218,-1.244890625553501
SKU_006,219,-1.331979844018588
SKU_006,220,-1.2253058822919356
SKU_006,221,-1.2750798067103695
SKU_006,222,-1.187613540504252
SKU_006,223,-1.1906408969450935
SKU_006,224,-1.2965827574872195
SKU_006,225,-1.222072530840143
SKU_006,226,-1.2979999778875078
SKU_006,227,-1.3132408258737638
SKU_006,228,-1.287319353763637
SKU_006,229,-1.257020405926295
SKU_006,230,-1.2332378319281956
SKU_006,231,-1.3160471547510746
SKU_006,232,-1.2970285461347417
SKU_006,233,-1.279440329790614
SKU_006,234,-1.2887280214701173
SKU_006,235,-1.206928217545888
SKU_006,236,-1.322209427367149
SKU_006,237,-1.3038799053506318
SKU_006,238,-1.211037539556499
SKU_006,239,-1.2270778709776187
SKU_006,240,-1.294322595149473
SKU_006,241,-1.3446228110498903
SKU_006,242,-1.2126167310558984
SKU_006,243,-1.23845154235222
SKU_006,244,-1.2988293426874151
SKU_006,245,-1.2607011054642012
SKU_006,246,-1.2549427744705284
SKU_006,247,-1.1689917829574332
SKU_006,248,-1.256293588570134
SKU_006,249,-1.241897262980311
SKU_006,250,-1.2897234276798133
SKU_006,251,-1.2715228084016024
SKU_006,252,-1.1956117457886444
SKU_006,253,-1.231518578762343
SKU_006,254,-1.2542766899078563
SKU_006,255,-1.405609309808518
SKU_006,256,-1.2707908238132724
SKU_006,257,-1.2745826032932912
SKU_006,258,-1.1683160973131224
SKU_006,259,-1.3059680524646673
SKU_006,260,-1.256126450870575
SKU_006,261,-1.3683886902642373
SKU_006,262,-1.238510734093594
SKU_006,263,-1.2660415569752175
SKU_006,264,-1.2497362216218775
SKU_006,265,-1.3786268747136599
SKU_006,266,-1.3959193530528482
SKU_006,267,-1.3324525868245278
SKU_006,268,-1.2232478658862969
SKU_006,269,-1.185200861040365
SKU_006,270,-1.1906167089472313
SKU_006,271,-1.3456114971334852
SKU_006,272,-1.2231049832660306
SKU_006,273,-1.248898546191504
SKU_006,274,-1.2816160683143012
SKU_006,275,-1.2550342785628312
SKU_006,276,-1.2620970178268975
SKU_006,277,-1.3221783188597116
SKU_006,278,-1.211668134776765
SKU_006,279,-1.1723277276148052
SKU_006,280,-1.216115945817055
SKU_006,281,-1.2260063239525523
SKU_006,282,-1.320340399158655
SKU_006,283,-1.2448947330217204
SKU_006,284,-1.2476107819203448
SKU_006,285,-1.215929023899966
SKU_006,286,-1.2791585867756532
SKU_006,287,-1.2488390626294876
SKU_006,288,-1.2356353712615642
SKU_006,289,-1.2512034281942221
SKU_006,290,-1.3181585661357778
SKU_006,291,-1.2270233485005366
SKU_006,292,-1.234537008756376
SKU_006,293,-1.2031612969805316
SKU_006,294,-1.3206501855711754
SKU_006,295,-1.2220912870668297
SKU_006,296,-1.2178119382140304
SKU_006,297,-1.3360251424397978
SKU_006,298,-1.2731248686796617
SKU_006,299,-1.2077446182569989
SKU_007,0,-0.8070058413547497
SKU_007,1,-0.9432516186640327
SKU_007,2,-0.820754713523444
SKU_007,3,-0.9134288706083791
SKU_007,4,-0.9329668745955029
SKU_007,5,-0.8198534080875828
SKU_007,6,-0.889897122964519
SKU_007,7,-0.8729665054636753
SKU_007,8,-0.8499776644926423
SKU_007,9,-0.844923530951459
SKU_007,10,-0.9234772421352514
SKU_007,11,-0.8504100835953589
SKU_007,12,-0.8478159234980515
SKU_007,13,-0.8700473019380003
SKU_007,14,-0.9291102467742586
SKU_007,15,-0.8893063178553183
SKU_007,16,-0.8748750057566287
SKU_007,17,-0.8378664167192401
SKU_007,18,-0.9405398179010469
SKU_007,19,-0.8313134065454298
SKU_007,20,-0.8795380322432845
SKU_007,21,-0.9774873728836595
SKU_007,22,-0.8564265483928987
SKU_007,23,-0.7573738446425072
SKU_007,24,-0.8790866803122581
SKU_007,25,-0.8359503658929575
SKU_007,26,-0.8461517671938689
SKU_007,27,-0.8423411976290092
SKU_007,28,-0.9763342960769007
SKU_007,29,-0.9561953043833429
SKU_007,30,-0.8101266845725575
SKU_007,31,-0.9099430730077079
SKU_007,32,-0.7861464166932842
SKU_007,33,-0.888049446514037
SKU_007,34,-0.8326236193742158
SKU_007,35,-0.8359727169631711
SKU_007,36,-0.8855218681463891
SKU_007,37,-0.7790921512215586
SKU_007,38,-0.9220758477885305
SKU_007,39,-0.755878876449754
SKU_007,40,-0.9143380056774942
SKU_007,41,-0.9195761922752748
SKU_007,42,-0.8449995060246295
SKU_007,43,-0.7893260358238265
SKU_007,44,-0.8158106858764669
SKU_007,45,-0.8537239173010723
SKU_007,46,-0.8761666624616703
SKU_007,47,-0.9376064287697499
SKU_007,48,-0.8678199786442939
SKU_007,49,-0.913228589630254
SKU_007,50,-0.9149481064128353
SKU_007,51,-0.7156286222924704
SKU_007,52,-0.8667970053559726
SKU_007,53,-0.8379222137085501
SKU_007,54,-0.829502092770874
SKU_007,55,-0.9162547737581732
SKU_007,56,-0.9005257408659162
SKU_007,57,-0.8761931686380077
SKU_007,58,-0.9089169019416427
SKU_007,59,-0.8921643977738861
SKU_007,60,-0.969401676563172
SKU_007,61,-0.7058616631153933
SKU_007,62,-0.8546496264403102
SKU_007,63,-0.9529593638298098
SKU_007,64,-0.9045586250115273
SKU_007,65,-0.9091516750564956
SKU_007,66,-0.8776619683462011
SKU_007,67,-0.9604016070298349
SKU_007,68,-0.8712006613167215
SKU_007,69,-0.7988447334271195
SKU_007,70,-0.9296148007586492
SKU_007,71,-0.7407619005068319
SKU_007,72,-0.869436586216962
SKU_007,73,-0.9532216362048711
SKU_007,74,-0.8810872528624564
SKU_007,75,-0.7684400205464077
SKU_007,76,-0.7677331025175437
SKU_007,77,-0.923037643671461
SKU_007,78,-0.8409009728332841
SKU_007,79,-0.8702267483952182
SKU_007,80,-0.8785979898681728
SKU_007,81,-0.8242820833472224
SKU_007,82,-0.8361414671359464
SKU_007,83,-0.9313903138207884
SKU_007,84,-0.9161702479602062
SKU_007,85,-0.8464668595294813
SKU_007,86,-0.8372038973139497
SKU_007,87,-0.8741020058921454
SKU_007,88,-0.9066896417173421
SKU_007,89,-0.8627892850931052
SKU_007,90,-0.9016289656707153
SKU_007,91,-0.9385627991824851
SKU_007,92,-0.916231124084372
SKU_007,93,-0.7723272121339648
SKU_007,94,-0.8402280633181048
SKU_007,95,-0.8042856924835811
SKU_007,96,-0.7987092719581168
SKU_007,97,-0.8014866821968835
SKU_007,98,-0.8513019502904043
SKU_007,99,-0.9602909371112113
SKU_007,100,-0.8740804791229128
SKU_007,101,-0.9042090976614594
SKU_007,102,-0.893555748506671
SKU_007,103,-0.8631175458737336
SKU_007,104,-0.9465812260053348
SKU_007,105,-0.8654393239604025
SKU_007,106,-0.772912662707347
SKU_007,107,-0.9150911572520221
SKU_007,108,-0.8216624810204843
SKU_007,109,-0.7098086762466983
SKU_007,110,-0.8783144901647667
SKU_007,111,-0.8244760000661882
SKU_007,112,-0.9085265126445689
SKU_007,113,-0.8566409824483042
SKU_007,114,-0.9105205893700019
SKU_007,115,-0.8917752467700175
SKU_007,116,-0.9448171182299745
SKU_007,117,-0.8634031874637997
SKU_007,118,-0.9748596373831283
SKU_007,119,-1.0776051324815383
SKU_007,120,-0.9000585070652541
SKU_007,121,-0.8202051060052131
SKU_007,122,-0.8198731297121498
SKU_007,123,-0.941811751188269
SKU_007,124,-0.9237049104576813
SKU_007,125,-0.775713872043941
SKU_007,126,-0.8653924196753404
SKU_007,127,-0.8884924854644479
SKU_007,128,-0.8983710965786647
SKU_007,129,-0.9085770633441544
SKU_007,130,-0.8578306041807526
SKU_007,131,-0.8548658710227186
SKU_007,132,-0.7771423738697304
SKU_007,133,-0.9159774651639662
SKU_007,134,-0.9161171109822653
SKU_007,135,-0.9922662217707868
SKU_007,136,-0.8890251571318455
SKU_007,137,-0.8719013525093314
SKU_007,138,-0.8678597746377992
SKU_007,139,-0.8467539815100025
SKU_007,140,-0.8690159535226847
SKU_007,141,-0.8807627818292773
SKU_007,142,-0.8902367670014046
SKU_007,143,-0.8995494718785337
SKU_007,144,-0.8394685790116252
SKU_007,145,-0.8497149459876074
SKU_007,146,-0.8644607140766734
SKU_007,147,-0.9515187705402463
SKU_007,148,-0.7625347108495596
SKU_007,149,-0.8963814450105704
SKU_007,150,-0.9393397210351538
SKU_007,151,-0.8883763612264757
SKU_007,152,-0.9095088899112054
SKU_007,153,-0.891966545549516
SKU_007,154,-0.7834546741298931
SKU_007,155,-0.9149727184701545
SKU_007,156,-0.9193200188882229
SKU_007,157,-0.9507774971503469
SKU_007,158,-0.7954353587174702
SKU_007,159,-0.8880157821967709
SKU_007,160,-0.8716377156352056
SKU_007,161,-0.8096284752979651
SKU_007,162,-0.9530120537262118
SKU_007,163,-0.8559196307425697
SKU_007,164,-0.857793306123613
SKU_007,165,-0.8544581333459701
SKU_007,166,-0.8317353470732678
SKU_007,167,-0.9369951484591341
SKU_007,168,-0.8573513364327481
SKU_007,169,-0.8969265690010397
SKU_007,170,-0.9038254478807227
SKU_007,171,-0.857226195704766
SKU_007,172,-0.8615847280290343
SKU_007,173,-0.8671390026703899
SKU_007,174,-0.9062639108774405
SKU_007,175,-0.829142795040641
SKU_007,176,-0.8611842075338433
SKU_007,177,-0.8250776366073871
SKU_007,178,-0.8444371138339457
SKU_007,179,-0.9441098622401299
SKU_007,180,-0.8264227692726803
SKU_007,181,-0.9652274266442121
SKU_007,182,-0.940246017624641
SKU_007,183,-0.9817142911608043
SKU_007,184,-0.8988862168649051
SKU_007,185,-0.934163547556024
SKU_007,186,-0.8112947531598196
SKU_007,187,-0.8449880229496288
SKU_007,188,-0.8420004037060446
SKU_007,189,-0.873368955118206
SKU_007,190,-0.8367917676676127
SKU_007,191,-0.8295603548468645
SKU_007,192,-0.8334544218737605
SKU_007,193,-0.9792049911961945
SKU_007,194,-0.8561383966857883
SKU_007,195,-0.7976377088784178
SKU_007,196,-0.8861666517010225
SKU_007,197,-0.9115114377359935
SKU_007,198,-0.7586181154713972
SKU_007,199,-0.8726374068657483
SKU_007,200,-0.8708932459991823
SKU_007,201,-0.8830810299319491
SKU_007,202,-0.893445731396875
SKU_007,203,-0.933312021965553
SKU_007,204,-0.895878974761149
SKU_007,205,-0.9804310984179396
SKU_007,206,-0.9038572345337333
SKU_007,207,-0.8748226551668872
SKU_007,208,-0.8546093377975896
SKU_007,209,-0.9462206346076911
SKU_007,210,-0.8152798465353063
SKU_007,211,-0.882566497644939
SKU_007,212,-0.8027651771783204
SKU_007,213,-0.951981916622188
SKU_007,214,-0.8191840279185437
SKU_007,215,-0.6388826128918189
SKU_007,216,-0.9286673782386541
SKU_007,217,-0.8552586103031707
SKU_007,218,-0.9507222989980147
SKU_007,219,-0.8959075147332755
SKU_007,220,-0.9537925019020749
SKU_007,221,-0.8837644912942926
SKU_007,222,-0.9141527423553787
SKU_007,223,-0.9680435631534154
SKU_007,224,-0.7688501922270315
SKU_007,225,-0.8428391100034875
SKU_007,226,-0.7841776368600758
SKU_007,227,-0.8802440487758321
SKU_007,228,-0.8613162010687238
SKU_007,229,-0.8643590035386772
SKU_007,230,-0.8781152043967968
SKU_007,231,-0.9472684612607224
SKU_007,232,-0.811229909071401
SKU_007,233,-0.9839974491948704
SKU_007,234,-0.8596470576905406
SKU_007,235,-0.7968933290871814
SKU_007,236,-0.8075321291286088
SKU_007,237,-0.8520608954722603
SKU_007,238,-0.8741960862615991
SKU_007,239,-0.8600392385398556
SKU_007,240,-0.866799758666809
SKU_007,241,-0.8187540200602095
SKU_007,242,-0.8648583807873854
SKU_007,243,-0.9010173214165441
SKU_007,244,-0.8942726215686824
SKU_007,245,-0.8539855613238013
SKU_007,246,-0.7975740816985682
SKU_007,247,-0.8491619644407401
SKU_007,248,-0.8717339793702337
SKU_007,249,-0.8617809922134988
SKU_007,250,-0.8751124257945272
SKU_007,251,-0.8874084120453977
SKU_007,252,-0.8406455461326082
SKU_007,253,-0.8574968569738357
SKU_007,254,-0.7316101117682676
SKU_007,255,-0.7846417265459878
SKU_007,256,-0.9080522877088227
SKU_007,257,-0.823444866532709
SKU_007,258,-0.8634240260813717
SKU_007,259,-0.8308576151999544
SKU_007,260,-0.9196778112643121
SKU_007,261,-0.7435268387976095
SKU_007,262,-0.8330127042893346
SKU_007,263,-0.7785090630561508
SKU_007,264,-0.8064259404479565
SKU_007,265,-0.95603023755966
SKU_007,266,-0.7693288273205698
SKU_007,267,-0.8834675446715587
SKU_007,268,-0.8632669440188236
SKU_007,269,-0.8894316420120661
SKU_007,270,-0.8856681355283591
SKU_007,271,-0.8902647093219295
SKU_007,272,-0.9152705793900262
SKU_007,273,-0.8762550907279238
SKU_007,274,-0.997967827199514
SKU_007,275,-0.8033758653845132
SKU_007,276,-0.921937010500315
SKU_007,277,-0.8274221896746149
SKU_007,278,-0.9031957135707603
SKU_007,279,-0.8620763249384008
SKU_007,280,-0.903531711880522
SKU_007,281,-0.914941285593752
SKU_007,282,-0.8510406899089431
SKU_007,283,-0.8825683896107203
SKU_007,284,-0.9053502866313143
SKU_007,285,-0.9390717000067875
SKU_007,286,-0.9221628737919139
SKU_007,287,-0.91344237096514
SKU_007,288,-0.8952666470557953
SKU_007,289,-0.8222801132503583
SKU_007,290,-0.796226832841862
SKU_007,291,-0.8926213892905771
SKU_007,292,-0.8805301855338694
SKU_007,293,-0.9709124380195778
SKU_007,294,-0.8139335094049697
SKU_007,295,-0.9383908982107003
SKU_007,296,-0.8464773039796156
SKU_007,297,-0.8591601446734355
SKU_007,298,-0.8229231413645818
SKU_007,299,-1.0155931062801944
SKU_008,0,-1.3496484599771015
SKU_008,1,-1.2684999048444356
SKU_008,2,-1.16913964226905
SKU_008,3,-1.2349574790606865
SKU_008,4,-1.2199660032485216
SKU_008,5,-1.3177540332918982
SKU_008,6,-1.3168439912948575
SKU_008,7,-1.2443237476789586
SKU_008,8,-1.2247393050223765
SKU_008,9,-1.2313197184303912
SKU_008,10,-1.2479639934121514
SKU_008,11,-1.2676945283471301
SKU_008,12,-1.2434517899644293
SKU_008,13,-1.2974226297247478
SKU_008,14,-1.2820614401634818
SKU_008,15,-1.26690182050964
SKU_008,16,-1.242705585297585
SKU_008,17,-1.2257447818073615
SKU_008,18,-1.1559066094425816
SKU_008,19,-1.140797895710836
SKU_008,20,-1.2385340377952065
SKU_008,21,-1.45377636046878
SKU_008,22,-1.2314987848993622
SKU_008,23,-1.3325390243018118
SKU_008,24,-1.2746928612864508
SKU_008,25,-1.1969037481748042
SKU_008,26,-1.2709079848201679
SKU_008,27,-1.2764362781721608
SKU_008,28,-1.2323796045836883
SKU_008,29,-1.3076749935733936
SKU_008,30,-1.2110863788496802
SKU_008,31,-1.234712006720595
SKU_008,32,-1.2450664572991856
SKU_008,33,-1.2816653573265273
SKU_008,34,-1.203707040790071
SKU_008,35,-1.31881574409128
SKU_008,36,-1.3222335059573624
SKU_008,37,-1.3091609402407196
SKU_008,38,-1.2872378436417506
SKU_008,39,-1.1998562285395513
SKU_008,40,-1.2813902763810796
SKU_008,41,-1.3196733704871733
SKU_008,42,-1.282166640094017
SKU_008,43,-1.3201219226299903
SKU_008,44,-1.1656538017867624
SKU_008,45,-1.2792209564866384
SKU_008,46,-1.3417365563541253
SKU_008,47,-1.185504803085576
SKU_008,48,-1.2553536507776575
SKU_008,49,-1.1878235313931098
SKU_008,50,-1.270150318037868
SKU_008,51,-1.2450240201729155
SKU_008,52,-1.231224803899138
SKU_008,53,-1.2725958627940355
SKU_008,54,-1.32035569619831
SKU_008,55,-1.275016732991791
SKU_008,56,-1.3332080242176951
SKU_008,57,-1.2350013986228612
SKU_008,58,-1.313758582109474
SKU_008,59,-1.2285722889412756
SKU_008,60,-1.2702650683850787
SKU_008,61,-1.2198765121613395
SKU_008,62,-1.2475312007343229
SKU_008,63,-1.2477383468362102
SKU_008,64,-1.2503015506983037
SKU_008,65,-1.344341569082541
SKU_008,66,-1.2363079564445423
SKU_008,67,-1.2922696198503982
SKU_008,68,-1.3181822796662448
SKU_008,69,-1.2871697247872187
SKU_008,70,-1.2855679181100055
SKU_008,71,-1.2353537047826415
SKU_008,72,-1.1998042715659538
SKU_008,73,-1.2960666162419014
SKU_008,74,-1.170297552978859
SKU_008,75,-1.1694403422892987
SKU_008,76,-1.273796312611146
SKU_008,77,-1.2654254779848373
SKU_008,78,-1.2123073596548248
SKU_008,79,-1.3196511908114565
SKU_008,80,-1.24712729563663
SKU_008,81,-1.2136492904522853
SKU_008,82,-1.2443297209399558
SKU_008,83,-1.3090082877490001
SKU_008,84,-1.2372649034496157
SKU_008,85,-1.240818156460138
SKU_008,86,-1.2555267842199718
SKU_008,87,-1.266683708607971
SKU_008,88,-1.2702777303739723
SKU_008,89,-1.2624092290024078
SKU_008,90,-1.3004640411650894
SKU_008,91,-1.5096736626052472
SKU_008,92,-1.3150903577679842
SKU_008,93,-1.3306800788543873
SKU_008,94,-1.3427246979670873
SKU_008,95,-1.3335403510335604
SKU_008,96,-1.2791781224312755
SKU_008,97,-1.2887010738016995
SKU_008,98,-1.2204388468618648
SKU_008,99,-1.2541761636570015
SKU_008,100,-1.207330139095632
SKU_008,101,-1.1554623931942403
SKU_008,102,-1.2086206361100393
SKU_008,103,-1.231303104604309
SKU_008,104,-1.310485004322247
SKU_008,105,-1.2669082861600536
SKU_008,106,-1.2824660073874954
SKU_008,107,-1.2688226668098295
SKU_008,108,-1.3393914955980168
SKU_008,109,-1.2670530848989454
SKU_008,110,-1.227249596787691
SKU_008,111,-1.292132103460562
SKU_008,112,-1.3083825028213167
SKU_008,113,-1.3619171113692141
SKU_008,114,-1.2483243817848964
SKU_008,115,-1.177755417917272
SKU_008,116,-1.234578178780431
SKU_008,117,-1.2258533535907994
SKU_008,118,-1.1082777006358377
SKU_008,119,-1.1296923806074544
SKU_008,120,-1.2703502791153662
SKU_008,121,-1.2648920686697318
SKU_008,122,-1.2670772656989824
SKU_008,123,-1.3032530663309856
SKU_008,124,-1.2683635037182897
SKU_008,125,-1.2199327394140387
SKU_008,126,-1.3275304297588337
SKU_008,127,-1.1859289058874525
SKU_008,128,-1.2985957920262285
SKU_008,129,-1.2985482718634296
SKU_008,130,-1.2551667212240918
SKU_008,131,-1.1964173719849118
SKU_008,132,-1.2737934692004642
SKU_008,133,-1.2940017944020121
SKU_008,134,-1.2851988449548895
SKU_008,135,-1.2856399005318857
SKU_008,136,-1.2080056904281113
SKU_008,137,-1.187780888088332
SKU_008,138,-1.2202549776561806
SKU_008,139,-1.2087174813034474
SKU_008,140,-1.2186906782751064
SKU_008,141,-1.2205881879649225
SKU_008,142,-1.2150316606614115
SKU_008,143,-1.2202123650273613
SKU_008,144,-1.394379903077436
SKU_008,145,-1.2615874061543162
SKU_008,146,-1.3539430645150115
SKU_008,147,-1.3589054719646858
SKU_008,148,-1.2089753996842811
SKU_008,149,-1.2816710295019533
SKU_008,150,-1.210915771480429
SKU_008,151,-1.2268535161545258
SKU_008,152,-1.2734788056365773
SKU_008,153,-1.2200286085734804
SKU_008,154,-1.2430870794587412
SKU_008,155,-1.215163376062804
SKU_008,156,-1.2319524064714669
SKU_008,157,-1.2450088639125194
SKU_008,158,-1.2736537818493516
SKU_008,159,-1.2705897651404492
SKU_008,160,-1.2739272404743383
SKU_008,161,-1.3101108232309493
SKU_008,162,-1.2350189526738813
SKU_008,163,-1.269904308974038
SKU_008,164,-1.2234346169017765
SKU_008,165,-1.2008520992554945
SKU_008,166,-1.3227339960085438
SKU_008,167,-1.1590246915971913
SKU_008,168,-1.3723616574926363
SKU_008,169,-1.2867233358480303
SKU_008,170,-1.2465157100246393
SKU_008,171,-1.2463228313554595
SKU_008,172,-1.2173882338904134
SKU_008,173,-1.1845912173586381
SKU_008,174,-1.3343991390229095
SKU_008,175,-1.3079578956759474
SKU_008,176,-1.2459052497913146
SKU_008,177,-1.245798476197541
SKU_008,178,-1.3567297323502754
SKU_008,179,-1.3288383875579641
SKU_008,180,-1.203524074614966
SKU_008,181,-1.3434316036342502
SKU_008,182,-1.3375751472258963
SKU_008,183,-1.2466657919939632
SKU_008,184,-1.2304707191261253
SKU_008,185,-1.2386558835222172
SKU_008,186,-1.3510280157819357
SKU_008,187,-1.284455698998266
SKU_008,188,-1.2968746933965567
SKU_008,189,-1.2648460455073451
SKU_008,190,-1.2661209709965997
SKU_008,191,-1.2290639056930794
SKU_008,192,-1.261441608060772
SKU_008,193,-1.2769554761971347
SKU_008,194,-1.2120788907210276
SKU_008,195,-1.2255770089677354
SKU_008,196,-1.3069766816263775
SKU_008,197,-1.330326722259953
SKU_008,198,-1.3073316253460117
SKU_008,199,-1.2766099773758
SKU_008,200,-1.2839725815917775
SKU_008,201,-1.2815094034279384
SKU_008,202,-1.2313693092242537
SKU_008,203,-1.2048220278607518
SKU_008,204,-1.2172386178906587
SKU_008,205,-1.2648033051907124
SKU_008,206,-1.1257211678812342
SKU_008,207,-1.2998883078651866
SKU_008,208,-1.2810305132857056
SKU_008,209,-1.2255099486769079
SKU_008,210,-1.2191915328267777
SKU_008,211,-1.277201553756269
SKU_008,212,-1.3359108977547853
SKU_008,213,-1.2280565674498691
SKU_008,214,-1.2172257821286856
SKU_008,215,-1.3188315710339282
SKU_008,216,-1.2613445175520483
SKU_008,217,-1.1765632485842674
SKU_008,218,-1.361821747344751
SKU_008,219,-1.3288694780307768
SKU_008,220,-1.2285273095965559
SKU_008,221,-1.2740399775863172
SKU_008,222,-1.2080658367636792
SKU_008,223,-1.1753423362966824
SKU_008,224,-1.343210053707807
SKU_008,225,-1.3424545594089647
SKU_008,226,-1.296028136315714
SKU_008,227,-1.3131786941136168
SKU_008,228,-1.3215891921773386
SKU_008,229,-1.314539221755903
SKU_008,230,-1.2354279833190147
SKU_008,231,-1.3583767638583035
SKU_008,232,-1.2440019366257073
SKU_008,233,-1.2734313616106092
SKU_008,234,-1.326824454698659
SKU_008,235,-1.178598466304826
SKU_008,236,-1.312972035974921
SKU_008,237,-1.3384091073716466
SKU_008,238,-1.2132465764327824
SKU_008,239,-1.221835222335063
SKU_008,240,-1.3132518616604547
SKU_008,241,-1.3063969204424632
SKU_008,242,-1.2123400110179436
SKU_008,243,-1.238086647047519
SKU_008,244,-1.2442772489670535
SKU_008,245,-1.2787823088790318
SKU_008,246,-1.2619537905016047
SKU_008,247,-1.2186833432401816
SKU_008,248,-1.2902644958783487
SKU_008,249,-1.214558823678749
SKU_008,250,-1.2882754998549242
SKU_008,251,-1.2618878072845994
SKU_008,252,-1.2106329666320106
SKU_008,253,-1.236316323324045
SKU_008,254,-1.2465104131125067
SKU_008,255,-1.4407904908655735
SKU_008,256,-1.2813309624411877
SKU_008,257,-1.2589433552596734
SKU_008,258,-1.1681527349119962
SKU_008,259,-1.282923534516088
SKU_008,260,-1.0934281893667712
SKU_008,261,-1.3148320226666297
SKU_008,262,-1.2775824865371863
SKU_008,263,-1.235576861504548
SKU_008,264,-1.4404290938288724
SKU_008,265,-1.2985327480943836
SKU_008,266,-1.3663118970490857
SKU_008,267,-1.3406047610626097
SKU_008,268,-1.2193054555090361
SKU_008,269,-1.1807268376699283
SKU_008,270,-1.2525968930331233
SKU_008,271,-1.2673240990008174
SKU_008,272,-1.2383864830694444
SKU_008,273,-1.2397211541265742
SKU_008,274,-1.2340227703214495
SKU_008,275,-1.220286271895118
SKU_008,276,-1.266270394006302
SKU_008,277,-1.3299153373076331
SKU_008,278,-1.2084015119921474
SKU_008,279,-1.2298298890566215
SKU_008,280,-1.227738218256286
SKU_008,281,-1.2886977419101089
SKU_008,282,-1.3152318188334955
SKU_008,283,-1.252014902738792
SKU_008,284,-1.2478561806574568
SKU_008,285,-1.2218924264169342
SKU_008,286,-1.266383521927503
SKU_008,287,-1.2372597963324816
SKU_008,288,-1.243608856861221
SKU_008,289,-1.231926619751166
SKU_008,290,-1.2814503499170156
SKU_008,291,-1.2159505486408244
SKU_008,292,-1.2029998527159758
SKU_008,293,-1.1889629194394653
SKU_008,294,-1.3802555476677905
SKU_008,295,-1.237777141802323
SKU_008,296,-1.2095117170161862
SKU_008,297,-1.3651551728148588
SKU_008,298,-1.2860099614157943
SKU_008,299,-1.2205517964107078
SKU_009,0,-2.0135481682851735
SKU_009,1,-2.038933695101103
SKU_009,2,-2.0296658107545613
SKU_009,3,-2.0379704034731283
SKU_009,4,-2.0875635894059257
SKU_009,5,-1.9833549020820256
SKU_009,6,-2.0245498473876826
SKU_009,7,-1.9099851443370177
SKU_009,8,-2.0173577381691534
SKU_009,9,-2.0864367077647255
SKU_009,10,-2.0950920149236776
SKU_009,11,-1.9927284184606031
SKU_009,12,-2.00377568011208
SKU_009,13,-2.0398889250261525
SKU_009,14,-2.0389125634667233
SKU_009,15,-2.0494461278898877
SKU_009,16,-1.9777511857006285
SKU_009,17,-2.015704003788303
SKU_009,18,-2.123159745818397
SKU_009,19,-2.131279394107644
SKU_009,20,-1.9603328106619908
SKU_009,21,-2.1971301981217963
SKU_009,22,-2.010971293809202
SKU_009,23,-2.0251877691687947
SKU_009,24,-2.021005481940661
SKU_009,25,-2.013371618756293
SKU_009,26,-1.9984434397760964
SKU_009,27,-2.0156315071077873
SKU_009,28,-1.958973025100944
SKU_009,29,-2.0183708765316934
SKU_009,30,-1.9987015954791445
SKU_009,31,-2.0725588280915757
SKU_009,32,-1.9602453658456132
SKU_009,33,-2.088702162695274
SKU_009,34,-2.0434950983803684
SKU_009,35,-2.0624392218807257
SKU_009,36,-1.9463116421048958
SKU_009,37,-2.0336515240566224
SKU_009,38,-1.961349168489054
SKU_009,39,-2.1716115508338953
SKU_009,40,-1.9742812298486696
SKU_009,41,-2.1304379604392794
SKU_009,42,-2.06874431499097
SKU_009,43,-2.088554975262763
SKU_009,44,-2.0181665075438056
SKU_009,45,-1.9698279642875407
SKU_009,46,-2.018158417479362
SKU_009,47,-2.0354059696891973
SKU_009,48,-2.121270137726207
SKU_009,49,-2.0580085815714346
SKU_009,50,-2.0184992099199017
SKU_009,51,-2.008498560648355
SKU_009,52,-2.1405806673639605
SKU_009,53,-2.117866518435076
SKU_009,54,-1.9907770459667358
SKU_009,55,-2.0396815231550716
SKU_009,56,-2.0584161820815816
SKU_009,57,-2.0660435832640167
SKU_009,58,-2.025302724027384
SKU_009,59,-2.094553560922446
SKU_009,60,-2.011199253205845
SKU_009,61,-1.9853479982968993
SKU_009,62,-1.9813848651018666
SKU_009,63,-2.10190722070432
SKU_009,64,-1.9411972736347944
SKU_009,65,-2.0503074011648312
SKU_009,66,-2.0587466480862044
SKU_009,67,-1.9716872259986133
SKU_009,68,-2.127122622643381
SKU_009,69,-2.0471327325878472
SKU_009,70,-1.9385805450503926
SKU_009,71,-2.171280932024907
SKU_009,72,-2.0798598665127486
SKU_009,73,-2.0676707240776153
SKU_009,74,-2.0331546912526757
SKU_009,75,-2.062372354467659
SKU_009,76,-2.078943977409085
SKU_009,77,-2.0811278128379214
SKU_009,78,-2.0211768483274968
SKU_009,79,-2.112533244238823
SKU_009,80,-2.012803052370863
SKU_009,81,-2.0930960066126243
SKU_009,82,-2.0937002955625976
SKU_009,83,-2.19599576362201
SKU_009,84,-2.1126910412600566
SKU_009,85,-2.095233874265109
SKU_009,86,-1.9867766862595306
SKU_009,87,-1.9054125147165524
SKU_009,88,-2.0811796164843117
SKU_009,89,-1.9482564452601714
SKU_009,90,-2.08978969679178
SKU_009,91,-2.050480697193349
SKU_009,92,-2.0670259414209604
SKU_009,93,-2.0299130379991075
SKU_009,94,-2.0667745006769636
SKU_009,95,-1.9787509928953269
SKU_009,96,-1.9696293931582283
SKU_009,97,-2.072580971731623
SKU_009,98,-2.0169105483521936
SKU_009,99,-1.997662177246961
SKU_009,100,-2.015342246046721
SKU_009,101,-2.021616144243004
SKU_009,102,-2.050642144174351
SKU_009,103,-2.0216225143468205
SKU_009,104,-2.051439439510328
SKU_009,105,-2.0329451582426006
SKU_009,106,-2.0466876709856496
SKU_009,107,-2.037079398664453
SKU_009,108,-2.0822842903631993
SKU_009,109,-2.0627677719294657
SKU_009,110,-2.02621515524146
SKU_009,111,-2.0192239073347666
SKU_009,112,-2.0906828662798387
SKU_009,113,-2.0492116622456282
SKU_009,114,-2.002973135195314
SKU_009,115,-2.058840049493626
SKU_009,116,-2.0143235892322107
SKU_009,117,-2.0383349474744334
SKU_009,118,-2.000711492388053
SKU_009,119,-1.931810518967836
SKU_009,120,-2.0168135435855836
SKU_009,121,-2.0091609549712817
SKU_009,122,-2.005646237428578
SKU_009,123,-1.9645897545826183
SKU_009,124,-2.0537207484312927
SKU_009,125,-1.9738388063130523
SKU_009,126,-1.9893632962223915
SKU_009,127,-2.034657069381052
SKU_009,128,-2.0290446666574304
SKU_009,129,-2.0017509188386144
SKU_009,130,-2.028265006080717
SKU_009,131,-2.04415751835734
SKU_009,132,-2.0706582812551413
SKU_009,133,-1.9903011629278438
SKU_009,134,-1.8631502932605195
SKU_009,135,-1.9391220031283103
SKU_009,136,-2.018642488536701
SKU_009,137,-2.0714004645052833
SKU_009,138,-2.0365993682331314
SKU_009,139,-2.0505921694658187
SKU_009,140,-2.025041767299464
SKU_009,141,-2.023749370737535
SKU_009,142,-2.057115854235117
SKU_009,143,-2.050904545273837
SKU_009,144,-1.9327924600107336
SKU_009,145,-2.019240522205935
SKU_009,146,-2.0926183440882733
SKU_009,147,-1.9550657378549596
SKU_009,148,-2.1409579286011824
SKU_009,149,-2.1020779523642106
SKU_009,150,-1.995038487323481
SKU_009,151,-2.0269007864090574
SKU_009,152,-2.0223653922544678
SKU_009,153,-2.0519915520718937
SKU_009,154,-1.8992980394317542
SKU_009,155,-1.9944868254605292
SKU_009,156,-2.0200305203916193
SKU_009,157,-1.9999613646370618
SKU_009,158,-2.069935817338919
SKU_009,159,-2.0523012922344606
SKU_009,160,-2.032621128175719
SKU_009,161,-2.010308435284179
SKU_009,162,-2.0235369554691913
SKU_009,163,-1.9931533819561507
SKU_009,164,-2.072069234354777
SKU_009,165,-2.0825701147300664
SKU_009,166,-2.0976007266153744
SKU_009,167,-1.9378597110565103
SKU_009,168,-2.030885396099462
SKU_009,169,-1.9798680866456089
SKU_009,170,-2.044546019052478
SKU_009,171,-1.9240960588156593
SKU_009,172,-2.0742825692335094
SKU_009,173,-2.0482601468924018
SKU_009,174,-2.07058098685243
SKU_009,175,-1.9841399036415075
SKU_009,176,-2.005890680251624
SKU_009,177,-1.9854175092630444
SKU_009,178,-1.9763825352531041
SKU_009,179,-2.040959257566548
SKU_009,180,-2.020001661736958
SKU_009,181,-2.007228088175585
SKU_009,182,-1.977899399451721
SKU_009,183,-1.9970100523632262
SKU_009,184,-2.129810223263499
SKU_009,185,-2.096574717705916
SKU_009,186,-2.027554913317568
SKU_009,187,-2.069843876329135
SKU_009,188,-2.005952081602007
SKU_009,189,-2.0255600283109065
SKU_009,190,-1.9804947375586732
SKU_009,191,-2.1215750952638484
SKU_009,192,-2.0427475947852356
SKU_009,193,-1.952502375065748
SKU_009,194,-2.0485592927126164
SKU_009,195,-2.0468420504330527
SKU_009,196,-2.040152105854472
SKU_009,197,-2.0839098775659837
SKU_009,198,-1.99048665023723
SKU_009,199,-1.9655661212914648
SKU_009,200,-2.078486740078221
SKU_009,201,-2.0563564207868255
SKU_009,202,-2.046955294246644
SKU_009,203,-2.142660101603433
SKU_009,204,-1.9762284420208447
SKU_009,205,-2.06756699899319
SKU_009,206,-1.986791908560606
SKU_009,207,-2.023573759821381
SKU_009,208,-2.049196654009672
SKU_009,209,-2.0242118824300444
SKU_009,210,-1.9741792748110865
SKU_009,211,-2.054917134101947
SKU_009,212,-2.035097661914565
SKU_009,213,-2.031612823062328
SKU_009,214,-2.11012895456085
SKU_009,215,-1.9959217332213814
SKU_009,216,-2.0848942758250053
SKU_009,217,-2.0371342360205684
SKU_009,218,-2.0918515618232854
SKU_009,219,-2.091263081423146
SKU_009,220,-2.087914590757711
SKU_009,221,-1.9670337552886166
SKU_009,222,-2.067970398581164
SKU_009,223,-2.0839267540633295
SKU_009,224,-2.0353704476007635
SKU_009,225,-2.0427197951110925
SKU_009,226,-2.021503833218385
SKU_009,227,-2.024673001174562
SKU_009,228,-2.05107019513664
SKU_009,229,-2.0466488769344227
SKU_009,230,-1.9735993564472056
SKU_009,231,-1.9814425528418242
SKU_009,232,-1.9455908742281316
SKU_009,233,-2.200362144762932
SKU_009,234,-1.9442462146895303
SKU_009,235,-2.011679538148552
SKU_009,236,-2.019920201103822
SKU_009,237,-1.96432053762902
SKU_009,238,-2.0470615452127325
SKU_009,239,-2.0329087181106007
SKU_009,240,-2.0292563835055986
SKU_009,241,-2.0556365974541917
SKU_009,242,-2.027567735817102
SKU_009,243,-2.0831272958340636
SKU_009,244,-2.0084255349209106
SKU_009,245,-1.784152592226389
SKU_009,246,-2.0473764542337154
SKU_009,247,-2.0455254714104645
SKU_009,248,-1.954918901744894
SKU_009,249,-2.055130159027682
SKU_009,250,-2.029695346500187
SKU_009,251,-2.113682907954986
SKU_009,252,-2.0258070696584403
SKU_009,253,-1.9993317198317746
SKU_009,254,-1.9536642661887542
SKU_009,255,-1.902776904629468
SKU_009,256,-2.0254816666304407
SKU_009,257,-1.948281647831365
SKU_009,258,-2.185282643412725
SKU_009,259,-2.024155975625122
SKU_009,260,-2.075066734996682
SKU_009,261,-2.025998587454899
SKU_009,262,-2.0048317379101794
SKU_009,263,-2.0276268005785507
SKU_009,264,-2.1205564447961085
SKU_009,265,-2.0423830568445873
SKU_009,266,-2.1706625410982134
SKU_009,267,-2.1360241643186724
SKU_009,268,-2.098577429203909
SKU_009,269,-2.112647325465172
SKU_009,270,-1.9398577556979153
SKU_009,271,-2.0592981406637403
SKU_009,272,-2.054482496679414
SKU_009,273,-1.9833048847793906
SKU_009,274,-2.0225606812958197
SKU_009,275,-1.972744729772878
SKU_009,276,-2.120304830583118
SKU_009,277,-1.9913735783418436
SKU_009,278,-2.0048414903647944
SKU_009,279,-2.0781588795359873
SKU_009,280,-2.0431438066812557
SKU_009,281,-1.9672266774723708
SKU_009,282,-1.9558231703523021
SKU_009,283,-2.0279616845295028
SKU_009,284,-1.9957797637737458
SKU_009,285,-2.0663944716922646
SKU_009,286,-2.036224306809256
SKU_009,287,-2.035134892809071
SKU_009,288,-2.137820930845978
SKU_009,289,-1.8939688549681928
SKU_009,290,-2.1091964092923114
SKU_009,291,-2.0700987200706553
SKU_009,292,-2.0670371981791376
SKU_009,293,-2.0402242290263626
SKU_009,294,-2.042465782073738
SKU_009,295,-2.076594406405819
SKU_009,296,-2.0895888235509736
SKU_009,297,-1.9557681781345628
SKU_009,298,-2.017554403266098
SKU_009,299,-2.0965810210475655
SKU_010,0,-1.1750986359494597
SKU_010,1,-1.2625515130038798
SKU_010,2,-1.1970634720347824
SKU_010,3,-1.2324990522209964
SKU_010,4,-1.2206034484349066
SKU_010,5,-1.3177317056290458
SKU_010,6,-1.2142104236093458
SKU_010,7,-1.194982358371019
SKU_010,8,-1.2543602374155784
SKU_010,9,-1.1646139066971326
SKU_010,10,-1.226133782550711
SKU_010,11,-1.2681097406610673
SKU_010,12,-1.2633738798703378
SKU_010,13,-1.3197877019555768
SKU_010,14,-1.2785318933829974
SKU_010,15,-1.2674637168084935
SKU_010,16,-1.2797567579745341
SKU_010,17,-1.2719784773192737
SKU_010,18,-1.160732979211016
SKU_010,19,-1.2006976236910765
SKU_010,20,-1.2232902523611644
SKU_010,21,-1.2703438924843569
SKU_010,22,-1.2375008922721378
SKU_010,23,-1.263712288981196
SKU_010,24,-1.274885314211608
SKU_010,25,-1.231709926399142
SKU_010,26,-1.2695490821783437
SKU_010,27,-1.3130711461966267
SKU_010,28,-1.2530890659449367
SKU_010,29,-1.2758195488066495
SKU_010,30,-1.208047922843634
SKU_010,31,-1.2416171974452717
SKU_010,32,-1.2427305222109613
SKU_010,33,-1.2887058458249658
SKU_010,34,-1.1927042053297767
SKU_010,35,-1.3223750205555185
SKU_010,36,-1.3437400967637778
SKU_010,37,-1.224948694843144
SKU_010,38,-1.2896431004500581
SKU_010,39,-1.2600995668385224
SKU_010,40,-1.3087925612944125
SKU_010,41,-1.3126683168658893
SKU_010,42,-1.2844740827861398
SKU_010,43,-1.2361777203891922
SKU_010,44,-1.1680126783510365
SKU_010,45,-1.2604217162362588
SKU_010,46,-1.2849324203466375
SKU_010,47,-1.1489148792815194
SKU_010,48,-1.2854543042501736
SKU_010,49,-1.0903040294083066
SKU_010,50,-1.2946089187568943
SKU_010,51,-1.2129424120742416
SKU_010,52,-1.2303338294915525
SKU_010,53,-1.3000558602380583
SKU_010,54,-1.3284563301529038
SKU_010,55,-1.2460934573457432
SKU_010,56,-1.2929587633024113
SKU_010,57,-1.2922779588953959
SKU_010,58,-1.2995637940656994
SKU_010,59,-1.1872577652755822
SKU_010,60,-1.2709155811384194
SKU_010,61,-1.2515631362689605
SKU_010,62,-1.2254677715388984
SKU_010,63,-1.2603548538556026
SKU_010,64,-1.2737425623107772
SKU_010,65,-1.2986683491863553
SKU_010,66,-1.2394747772500514
SKU_010,67,-1.2759511108382813
SKU_010,68,-1.34638190366787
SKU_010,69,-1.364335338654377
SKU_010,70,-1.1489866326539642
SKU_010,71,-1.2573557071039065
SKU_010,72,-1.2613457371992045
SKU_010,73,-1.296173427940682
SKU_010,74,-1.114537564624245
SKU_010,75,-1.1730987579539216
SKU_010,76,-1.2791244110416147
SKU_010,77,-1.2636741014375281
SKU_010,78,-1.1856570855088613
SKU_010,79,-1.2768578618300073
SKU_010,80,-1.2714612372088538
SKU_010,81,-1.2742962396716648
SKU_010,82,-1.2578273828372413
SKU_010,83,-1.354407233195448
SKU_010,84,-1.2350645559620042
SKU_010,85,-1.187321742612262
SKU_010,86,-1.2187573118761046
SKU_010,87,-1.2189321399976254
SKU_010,88,-1.2575036815547693
SKU_010,89,-1.25690867544705
SKU_010,90,-1.305959320467758
SKU_010,91,-1.3105546422097767
SKU_010,92,-1.3101873615375699
SKU_010,93,-1.2935589698741643
SKU_010,94,-1.2948740270791306
SKU_010,95,-1.3393372866009445
SKU_010,96,-1.3804761803038397
SKU_010,97,-1.2849678821949595
SKU_010,98,-1.2113765403389227
SKU_010,99,-1.2350491869176234
SKU_010,100,-1.2937041717849007
SKU_010,101,-1.1439141745338213
SKU_010,102,-1.240848125946717
SKU_010,103,-1.2251386819410253
SKU_010,104,-1.2496461753468142
SKU_010,105,-1.230684009784922
SKU_010,106,-1.2903510647883343
SKU_010,107,-1.2683615191148832
SKU_010,108,-1.2380064788517495
SKU_010,109,-1.2211346328713661
SKU_010,110,-1.243211832324993
SKU_010,111,-1.2917910861864552
SKU_010,112,-1.306695278743462
SKU_010,113,-1.3705973212506908
SKU_010,114,-1.2499539399330186
SKU_010,115,-1.1954501400518802
SKU_010,116,-1.2461006276682136
SKU_010,117,-1.2372310575607959
SKU_010,118,-1.1211336620027335
SKU_010,119,-1.2309642086111308
SKU_010,120,-1.2698339445860736
SKU_010,121,-1.2536294431981587
SKU_010,122,-1.263640445626786
SKU_010,123,-1.2568116600334582
SKU_010,124,-1.2523981198976193
SKU_010,125,-1.2456208707767082
SKU_010,126,-1.3235521037166087
SKU_010,127,-1.1782011763593838
SKU_010,128,-1.2493012833664263
SKU_010,129,-1.2774611355617342
SKU_010,130,-1.2962684375720144
SKU_010,131,-1.1945939404396781
SKU_010,132,-1.185535821757019
SKU_010,133,-1.2839194458193568
SKU_010,134,-1.2727685502535686
SKU_010,135,-1.2731659898232859
SKU_010,136,-1.307287536358967
SKU_010,137,-1.2113673856778804
SKU_010,138,-1.1882692572690694
SKU_010,139,-1.2033130948034156
SKU_010,140,-1.2380149786284287
SKU_010,141,-1.2159139699720223
SKU_010,142,-1.204398215948834
SKU_010,143,-1.2635217939576011
SKU_010,144,-1.1359126447701455
SKU_010,145,-1.2626677116675604
SKU_010,146,-1.3129590215683047
SKU_010,147,-1.365846952051425
SKU_010,148,-1.2885665456055777
SKU_010,149,-1.2575916800027593
SKU_010,150,-1.2213322097076256
SKU_010,151,-1.2594614158162354
SKU_010,152,-1.24727264331021
SKU_010,153,-1.2282466514924713
SKU_010,154,-1.2282707173294283
SKU_010,155,-1.2689315029443315
SKU_010,156,-1.2066830748594255
SKU_010,157,-1.2732758463777147
SKU_010,158,-1.2273636605296592
SKU_010,159,-1.2692774575970207
SKU_010,160,-1.2683314467972955
SKU_010,161,-1.309830632638606
SKU_010,162,-1.3273627603702163
SKU_010,163,-1.2250005993233937
SKU_010,164,-1.2331017671698066
SKU_010,165,-1.1608786869589116
SKU_010,166,-1.2288261410309327
SKU_010,167,-1.144230385041915
SKU_010,168,-1.3050003114028064
SKU_010,169,-1.2158531742119447
SKU_010,170,-1.2490997427876631
SKU_010,171,-1.2145233581546842
SKU_010,172,-1.216202268902746
SKU_010,173,-1.1937811651020063
SKU_010,174,-1.293516675294368
SKU_010,175,-1.2619005906909793
SKU_010,176,-1.2220475477889619
SKU_010,177,-1.1924027363687653
SKU_010,178,-1.338242399578629
SKU_010,179,-1.324188956961208
SKU_010,180,-1.2263844790799743
SKU_010,181,-1.3105386010670452
SKU_010,182,-1.3807192740992302
SKU_010,183,-1.3072743812697352
SKU_010,184,-1.285458210738985
SKU_010,185,-1.234547699953237
SKU_010,186,-1.3017718738938127
SKU_010,187,-1.2929371166164778
SKU_010,188,-1.273917733914531
SKU_010,189,-1.2766311490339846
SKU_010,190,-1.2730534384713197
SKU_010,191,-1.2404143950843642
SKU_010,192,-1.2578167945095975
SKU_010,193,-1.3263550487183224
SKU_010,194,-1.215539476879534
SKU_010,195,-1.1674269397426404
SKU_010,196,-1.3179539676700105
SKU_010,197,-1.3355397786053582
SKU_010,198,-1.3348845526203705
SKU_010,199,-1.2781451699172572
SKU_010,200,-1.2657307092992354
SKU_010,201,-1.3233219329368002
SKU_010,202,-1.257759303241504
SKU_010,203,-1.2362421615272579
SKU_010,204,-1.2234530830933272
SKU_010,205,-1.3061490515713572
SKU_010,206,-1.1877315526673748
SKU_010,207,-1.2699777452841934
SKU_010,208,-1.2007782456947298
SKU_010,209,-1.2714420875397432
SKU_010,210,-1.217562414939695
SKU_010,211,-1.3064664441148452
SKU_010,212,-1.315589331582757
SKU_010,213,-1.2370183992958592
SKU_010,214,-1.2244389792608437
SKU_010,215,-1.2694289411685504
SKU_010,216,-1.236391935832888
SKU_010,217,-1.2194615627674092
SKU_010,218,-1.2163139919963881
SKU_010,219,-1.2706774064609345
SKU_010,220,-1.2325060905105618
SKU_010,221,-1.2740446581343925
SKU_010,222,-1.182746238194483
SKU_010,223,-1.1584410358247783
SKU_010,224,-1.3106885327347955
SKU_010,225,-1.2299575324550276
SKU_010,226,-1.294607185611871
SKU_010,227,-1.3118536881916638
SKU_010,228,-1.3167978827782405
SKU_010,229,-1.2450925129751989
SKU_010,230,-1.23490548561271
SKU_010,231,-1.260868811136367
SKU_010,232,-1.2638360039914245
SKU_010,233,-1.1803201641636525
SKU_010,234,-1.3122540013855089
SKU_010,235,-1.1801046784109561
SKU_010,236,-1.3197044774998605
SKU_010,237,-1.298875575703307
SKU_010,238,-1.1557432870004665
SKU_010,239,-1.2258655970077832
SKU_010,240,-1.3068147840685076
SKU_010,241,-1.3549324535723934
SKU_010,242,-1.2108338574223652
SKU_010,243,-1.2331286076000232
SKU_010,244,-1.2553384203008504
SKU_010,245,-1.3029555684932692
SKU_010,246,-1.2327647165342452
SKU_010,247,-1.2099960953238011
SKU_010,248,-1.2813474876452549
SKU_010,249,-1.2307976316086071
SKU_010,250,-1.2448051613266602
SKU_010,251,-1.263897477045034
SKU_010,252,-1.220761603890371
SKU_010,253,-1.2032557411511957
SKU_010,254,-1.2586257600779873
SKU_010,255,-1.3369795307819574
SKU_010,256,-1.290483286856244
SKU_010,257,-1.263308879529069
SKU_010,258,-1.1995512537675335
SKU_010,259,-1.296836353192167
SKU_010,260,-1.2137283461402584
SKU_010,261,-1.350775713835574
SKU_010,262,-1.2849301043390862
SKU_010,263,-1.2559164779435494
SKU_010,264,-1.3207769578650626
SKU_010,265,-1.347652735603362
SKU_010,266,-1.3566660601875846
SKU_010,267,-1.3807073466286315
SKU_010,268,-1.2194419912200822
SKU_010,269,-1.1979005617758731
SKU_010,270,-1.2821465768564815
SKU_010,271,-1.3213236633823275
SKU_010,272,-1.2273006758955158
SKU_010,273,-1.1669497283948584
SKU_010,274,-1.2632304664153533
SKU_010,275,-1.2633398147283899
SKU_010,276,-1.2419561186093293
SKU_010,277,-1.329350798876262
SKU_010,278,-1.2107433668594587
SKU_010,279,-1.2119815140346812
SKU_010,280,-1.2127007446530507
SKU_010,281,-1.2087964574994594
SKU_010,282,-1.1216988537368424
SKU_010,283,-1.2410274847347194
SKU_010,284,-1.2154771561756865
SKU_010,285,-1.2182704262504562
SKU_010,286,-1.2297279242446133
SKU_010,287,-1.2415666851837175
SKU_010,288,-1.2359151638085368
SKU_010,289,-1.2340932091227992
SKU_010,290,-1.2301979882954088
SKU_010,291,-1.2286824041858222
SKU_010,292,-1.2427505486095245
SKU_010,293,-1.1965584554639126
SKU_010,294,-1.284334484049553
SKU_010,295,-1.228587880817163
SKU_010,296,-1.2150562959298077
SKU_010,297,-1.3631295238622858
SKU_010,298,-1.255476872885046
SKU_010,299,-1.218924465865566
SKU_011,0,-2.0902817974689505
SKU_011,1,-2.016132902809126
SKU_011,2,-2.0011520418025732
SKU_011,3,-2.042164990927486
SKU_011,4,-2.012350078300112
SKU_011,5,-2.000782036707518
SKU_011,6,-2.0693841574641927
SKU_011,7,-1.9267928148140003
SKU_011,8,-2.0332999380005106
SKU_011,9,-2.120973743119127
SKU_011,10,-2.100306126137481
SKU_011,11,-1.992959484675983
SKU_011,12,-2.014686914407405
SKU_011,13,-2.0204469707935577
SKU_011,14,-2.0329636412610603
SKU_011,15,-2.0436412160676745
SKU_011,16,-1.9730553914789242
SKU_011,17,-1.9598729591879078
SKU_011,18,-2.129247201615197
SKU_011,19,-2.0564935933559934
SKU_011,20,-1.9298605851173036
SKU_011,21,-2.0715983825537965
SKU_011,22,-2.0085720851952136
SKU_011,23,-2.035615770269974
SKU_011,24,-2.0211763350482754
SKU_011,25,-1.9933613828616745
SKU_011,26,-1.9721280861495047
SKU_011,27,-2.0083086451946865
SKU_011,28,-2.0139329277449667
SKU_011,29,-2.0238715176004747
SKU_011,30,-1.9977207383622801
SKU_011,31,-2.0766062853977885
SKU_011,32,-1.9607696676542232
SKU_011,33,-2.0824072754370615
SKU_011,34,-2.0250949988229223
SKU_011,35,-2.0455116479905984
SKU_011,36,-1.9837208293621384
SKU_011,37,-2.0679820070437414
SKU_011,38,-1.9746971501977864
SKU_011,39,-2.255576299343462
SKU_011,40,-2.0045406073002945
SKU_011,41,-2.087547609368537
SKU_011,42,-2.0668538039308513
SKU_011,43,-2.070923723408993
SKU_011,44,-2.0225871707785448
SKU_011,45,-1.9869251820820517
SKU_011,46,-2.0234655855611403
SKU_011,47,-2.032796600535438
SKU_011,48,-2.1023502425171663
SKU_011,49,-2.0291623344480807
SKU_011,50,-2.020849883459068
SKU_011,51,-2.05041152277268
SKU_011,52,-2.14080969567862
SKU_011,53,-2.128143802766729
SKU_011,54,-1.9926696312752876
SKU_011,55,-2.037881670794673
SKU_011,56,-2.000521339218819
SKU_011,57,-2.0713822945150477
SKU_011,58,-2.02502283464786
SKU_011,59,-2.041747061726236
SKU_011,60,-1.9961740703647612
SKU_011,61,-1.9626695363739943
SKU_011,62,-2.0112845723595663
SKU_011,63,-2.079056558174805
SKU_011,64,-1.9115151322365582
SKU_011,65,-2.030393371925646
SKU_011,66,-2.049781667096154
SKU_011,67,-1.982367261291934
SKU_011,68,-2.068937067579284
SKU_011,69,-2.122070902516575
SKU_011,70,-2.114980716466487
SKU_011,71,-2.1146789933806733
SKU_011,72,-2.0653588270244954
SKU_011,73,-2.0625801563440302
SKU_011,74,-1.9932343335181342
SKU_011,75,-2.0612135072258004
SKU_011,76,-2.1144189577113446
SKU_011,77,-2.077596658507011
SKU_011,78,-2.0706573926417025
SKU_011,79,-2.118423245035852
SKU_011,80,-1.9945131703449173
SKU_011,81,-2.087419615998189
SKU_011,82,-2.0871499945658027
SKU_011,83,-2.1171412684745414
SKU_011,84,-2.1026677901877657
SKU_011,85,-2.10501557628707
SKU_011,86,-2.0068722733899396
SKU_011,87,-2.028900719858841
SKU_011,88,-2.0802618727387236
SKU_011,89,-1.9836964678495201
SKU_011,90,-2.0799360159015263
SKU_011,91,-2.11812696906224
SKU_011,92,-2.068313404519181
SKU_011,93,-2.040182675744277
SKU_011,94,-2.0866395611547346
SKU_011,95,-1.9861698860824208
SKU_011,96,-2.000537984768294
SKU_011,97,-2.090862393915984
SKU_011,98,-2.0296167953341286
SKU_011,99,-1.9922662725281932
SKU_011,100,-2.0438901914966427
SKU_011,101,-2.0195582185151877
SKU_011,102,-2.0181805864786617
SKU_011,103,-2.0402045974962584
SKU_011,104,-2.1512373864384027
SKU_011,105,-2.054783624525162
SKU_011,106,-2.058519356362841
SKU_011,107,-2.0069977501517835
SKU_011,108,-2.1122556458063793
SKU_011,109,-2.0770860583152797
SKU_011,110,-1.9917560485098393
SKU_011,111,-2.0195579950902958
SKU_011,112,-2.093245242062976
SKU_011,113,-2.0754903347287934
SKU_011,114,-2.008715630937024
SKU_011,115,-2.050261273647195
SKU_011,116,-1.9974071804421012
SKU_011,117,-2.0577768300646584
SKU_011,118,-2.001275465293551
SKU_011,119,-1.957356805012071
SKU_011,120,-2.017190357872097
SKU_011,121,-2.0029449932976373
SKU_011,122,-2.0649011863365603
SKU_011,123,-2.0757262090374753
SKU_011,124,-2.022059557660379
SKU_011,125,-1.9829099471188298
SKU_011,126,-2.0254348258939996
SKU_011,127,-2.0495390582236457
SKU_011,128,-2.0169061297029445
SKU_011,129,-2.053418095446603
SKU_011,130,-1.936433224133594
SKU_011,131,-2.04082742400575
SKU_011,132,-2.006399805413767
SKU_011,133,-1.9870966630962037
SKU_011,134,-1.9071288634051657
SKU_011,135,-1.9525383956458848
SKU_011,136,-2.0229065897558502
SKU_011,137,-2.0775367684210435
SKU_011,138,-2.0093565646388902
SKU_011,139,-2.1240253304462047
SKU_011,140,-2.0346579047768865
SKU_011,141,-2.0363052508108876
SKU_011,142,-2.0698899836699094
SKU_011,143,-2.0385189055191644
SKU_011,144,-2.000790358804584
SKU_011,145,-2.0180076809190886
SKU_011,146,-2.083022887456687
SKU_011,147,-1.9260246696273409
SKU_011,148,-2.0772538365801214
SKU_011,149,-2.0369512290029554
SKU_011,150,-1.9855533341151186
SKU_011,151,-1.9927885246478956
SKU_011,152,-2.0150106549509847
SKU_011,153,-2.0601175445007076
SKU_011,154,-2.0619594213169963
SKU_011,155,-1.990242022512836
SKU_011,156,-2.0688145042142883
SKU_011,157,-2.0204956383322044
SKU_011,158,-2.1162054009431026
SKU_011,159,-2.0339692582263083
SKU_011,160,-2.031263377044062
SKU_011,161,-2.010239949507432
SKU_011,162,-1.9891932889959854
SKU_011,163,-1.9380747104179614
SKU_011,164,-2.0713320773020927
SKU_011,165,-2.0804251504655578
SKU_011,166,-2.0709482067968135
SKU_011,167,-2.036987692744616
SKU_011,168,-2.008736749448654
SKU_011,169,-2.027221596765392
SKU_011,170,-2.048188796742627
SKU_011,171,-1.9636817056904279
SKU_011,172,-2.0703225275434867
SKU_011,173,-2.053973792768562
SKU_011,174,-2.1055305852086628
SKU_011,175,-1.9921310512476487
SKU_011,176,-2.0086136803479553
SKU_011,177,-1.985193048586394
SKU_011,178,-1.9706956399642421
SKU_011,179,-2.0490138673885343
SKU_011,180,-2.0678683882400666
SKU_011,181,-2.138407189804923
SKU_011,182,-1.9658546538810802
SKU_011,183,-1.9678438237198288
SKU_011,184,-2.108311163963546
SKU_011,185,-1.9701552338023933
SKU_011,186,-1.9968557058240715
SKU_011,187,-2.0571715523755194
SKU_011,188,-1.9902551124020076
SKU_011,189,-1.9845620338975225
SKU_011,190,-1.9753002509554214
SKU_011,191,-2.1149643594187535
SKU_011,192,-2.039084409230505
SKU_011,193,-1.9459807512967167
SKU_011,194,-2.0485419131383096
SKU_011,195,-2.017050449022644
SKU_011,196,-2.0532965041508904
SKU_011,197,-2.0854313615713904
SKU_011,198,-2.0702161832999004
SKU_011,199,-1.9825253762116328
SKU_011,200,-2.0824041609584034
SKU_011,201,-1.9058531830315293
SKU_011,202,-2.036358617882193
SKU_011,203,-2.065007775249181
SKU_011,204,-1.9819988463981288
SKU_011,205,-2.0520863990746747
SKU_011,206,-1.9909342884926624
SKU_011,207,-2.015555580797743
SKU_011,208,-2.075978431354182
SKU_011,209,-2.0306256804336678
SKU_011,210,-1.98841957532101
SKU_011,211,-2.019744434354168
SKU_011,212,-2.038728442618036
SKU_011,213,-2.026950254644792
SKU_011,214,-2.0948377520108195
SKU_011,215,-2.0349576030903465
SKU_011,216,-2.0421644453833316
SKU_011,217,-2.075265084324058
SKU_011,218,-2.1688254082540173
SKU_011,219,-2.1315706499074056
SKU_011,220,-2.084266612907666
SKU_011,221,-1.9692152377445062
SKU_011,222,-2.0158703837976657
SKU_011,223,-2.026641117594515
SKU_011,224,-1.9683238399212768
SKU_011,225,-1.9962189129361319
SKU_011,226,-2.016435263693504
SKU_011,227,-2.0256127945493434
SKU_011,228,-2.0436786142003314
SKU_011,229,-2.0107872196580368
SKU_011,230,-1.9743148806622812
SKU_011,231,-1.972300700177522
SKU_011,232,-1.9728599387836843
SKU_011,233,-2.0689222597806527
SKU_011,234,-2.032551306147052
SKU_011,235,-2.01274004871644
SKU_011,236,-2.024020365458739
SKU_011,237,-1.97146377422466
SKU_011,238,-2.0446237101434166
SKU_011,239,-2.0367691257744744
SKU_011,240,-2.020482381373395
SKU_011,241,-2.032088608883682
SKU_011,242,-2.0274660454962277
SKU_011,243,-2.0822059219443863
SKU_011,244,-2.0818062247583558
SKU_011,245,-2.149652842207782
SKU_011,246,-2.062885423729289
SKU_011,247,-1.9835637712824723
SKU_011,248,-1.977422803576296
SKU_011,249,-2.065579782083487
SKU_011,250,-1.985534215503679
SKU_011,251,-2.103515889406433
SKU_011,252,-2.0095940860564325
SKU_011,253,-2.0072142324306563
SKU_011,254,-2.1056410107572963
SKU_011,255,-2.1380907176644373
SKU_011,256,-2.120101759896388
SKU_011,257,-1.9429422680607724
SKU_011,258,-2.0948611805738175
SKU_011,259,-2.0471880316282016
SKU_011,260,-2.0989285874869332
SKU_011,261,-1.9824623847768
SKU_011,262,-2.0605882585510638
SKU_011,263,-2.0266685242091347
SKU_011,264,-2.084030290491638
SKU_011,265,-2.016209468050879
SKU_011,266,-2.0667235283642778
SKU_011,267,-2.029436520026485
SKU_011,268,-2.0792175964709907
SKU_011,269,-2.075911592930821
SKU_011,270,-2.0149711470613565
SKU_011,271,-2.0678680773298503
SKU_011,272,-2.0881201190124687
SKU_011,273,-2.040073239097115
SKU_011,274,-1.9729562357553374
SKU_011,275,-2.0417996802252536
SKU_011,276,-2.1057597596607724
SKU_011,277,-2.001234185046466
SKU_011,278,-2.0019966870194796
SKU_011,279,-2.0651265810682524
SKU_011,280,-2.052649665329852
SKU_011,281,-1.9262776052777817
SKU_011,282,-2.0516422454180057
SKU_011,283,-2.030439559034809
SKU_011,284,-2.028828693945628
SKU_011,285,-2.0628339935798286
SKU_011,286,-2.0818495132127652
SKU_011,287,-2.0297602339021785
SKU_011,288,-2.118641878239072
SKU_011,289,-1.9253145421357485
SKU_011,290,-2.0316324133387766
SKU_011,291,-2.070406451770762
SKU_011,292,-2.0755362796190995
SKU_011,293,-2.038740703951186
SKU_011,294,-2.067502616210061
SKU_011,295,-2.0488626240862216
SKU_011,296,-2.095919962671666
SKU_011,297,-2.08440155213941
SKU_011,298,-2.039073436198588
SKU_011,299,-2.0669691874197444
SKU_012,0,-1.993039575145111
SKU_012,1,-2.0014225101561975
SKU_012,2,-1.9648273658879596
SKU_012,3,-1.9345039290040367
SKU_012,4,-2.068044484132637
SKU_012,5,-1.985598972170859
SKU_012,6,-2.098669721696279
SKU_012,7,-1.9601730734508587
SKU_012,8,-1.9950607640329932
SKU_012,9,-2.122905524003916
SKU_012,10,-2.1024468631487068
SKU_012,11,-1.992767920527099
SKU_012,12,-2.022130897514786
SKU_012,13,-1.9609246586597688
SKU_012,14,-2.0417425117971524
SKU_012,15,-2.0492300820542493
SKU_012,16,-1.9829553975244583
SKU_012,17,-1.990867045062557
SKU_012,18,-2.1330009423961718
SKU_012,19,-2.0905265739602794
SKU_012,20,-1.9835264307157885
SKU_012,21,-1.9649209310582438
SKU_012,22,-2.0036908524662778
SKU_012,23,-1.9199031178575166
SKU_012,24,-2.054960793763766
SKU_012,25,-1.9936483777783032
SKU_012,26,-2.025579722281444
SKU_012,27,-2.0248048526283804
SKU_012,28,-1.9854647607065026
SKU_012,29,-1.9842864470036878
SKU_012,30,-2.002411596126678
SKU_012,31,-2.0704715664928357
SKU_012,32,-1.961309114044795
SKU_012,33,-2.069841459255617
SKU_012,34,-2.013291835493216
SKU_012,35,-2.0046603955973703
SKU_012,36,-1.9489123769445873
SKU_012,37,-2.0765550334696865
SKU_012,38,-1.9626905452154233
SKU_012,39,-2.031166044009713
SKU_012,40,-2.0246529624603684
SKU_012,41,-2.094874648542911
SKU_012,42,-2.0642754848522773
SKU_012,43,-2.084183773282298
SKU_012,44,-2.0183713497910847
SKU_012,45,-2.005119685174322
SKU_012,46,-2.0489671983857205
SKU_012,47,-1.976805967752856
SKU_012,48,-2.111220799979943
SKU_012,49,-2.040843301557715
SKU_012,50,-2.062030632679834
SKU_012,51,-1.987936301894474
SKU_012,52,-2.143852441402256
SKU_012,53,-2.155863946167421
SKU_012,54,-2.0161055997434225
SKU_012,55,-2.0427180221891774
SKU_012,56,-2.1189786217857756
SKU_012,57,-2.0484507641179674
SKU_012,58,-1.9924598155733433
SKU_012,59,-2.0049768903510374
SKU_012,60,-2.005819674227766
SKU_012,61,-2.044256319041754
SKU_012,62,-1.9646970892245064
SKU_012,63,-2.0776033566292385
SKU_012,64,-1.9705348944546328
SKU_012,65,-2.03020861535343
SKU_012,66,-2.054165033922096
SKU_012,67,-1.9992366444410847
SKU_012,68,-1.960908607836822
SKU_012,69,-2.0646270043351964
SKU_012,70,-2.0418752303143335
SKU_012,71,-2.168314860433187
SKU_012,72,-2.0719067506991515
SKU_012,73,-2.0861300304161112
SKU_012,74,-2.01624738884342
SKU_012,75,-2.0616031733791367
SKU_012,76,-2.107241715496839
SKU_012,77,-2.0712130104470816
SKU_012,78,-2.0692924610349843
SKU_012,79,-2.025501704515201
SKU_012,80,-2.019065144165368
SKU_012,81,-2.082522187640806
SKU_012,82,-2.1024334642271776
SKU_012,83,-2.0332725534815794
SKU_012,84,-2.114299775604326
SKU_012,85,-2.0935446319801136
SKU_012,86,-1.9714721377693532
SKU_012,87,-1.882863090363817
SKU_012,88,-2.0769173455483254
SKU_012,89,-1.963448929039434
SKU_012,90,-2.0761709568231526
SKU_012,91,-2.136125798909331
SKU_012,92,-2.069304900534923
SKU_012,93,-1.9954825492646662
SKU_012,94,-2.0974542312319238
SKU_012,95,-1.9776466958241183
SKU_012,96,-1.9274061457276221
SKU_012,97,-2.065173595042574
SKU_012,98,-1.9994533896877347
SKU_012,99,-1.9910461381493876
SKU_012,100,-2.038058858306501
SKU_012,101,-2.0016405484516997
SKU_012,102,-2.0318488855439907
SKU_012,103,-2.0407827887222094
SKU_012,104,-2.0481953004634685
SKU_012,105,-1.9982071711326739
SKU_012,106,-2.091390591221476
SKU_012,107,-2.004775756248257
SKU_012,108,-2.0745452777036855
SKU_012,109,-2.1609657225286814
SKU_012,110,-2.009446847873412
SKU_012,111,-2.0179379192817968
SKU_012,112,-2.0878851834941754
SKU_012,113,-2.0226002740544846
SKU_012,114,-2.0152433790986195
SKU_012,115,-2.0609640993436362
SKU_012,116,-2.029798203343346
SKU_012,117,-2.056491672927049
SKU_012,118,-1.9698440555047523
SKU_012,119,-1.9577340065100028
SKU_012,120,-2.016776122858543
SKU_012,121,-2.0101807310619595
SKU_012,122,-1.9704011654457647
SKU_012,123,-2.055544603859945
SKU_012,124,-2.0685070085885346
SKU_012,125,-1.9598535039529037
SKU_012,126,-1.9669729627287915
SKU_012,127,-2.0365299289323393
SKU_012,128,-1.9751500847025583
SKU_012,129,-1.9784738295510866
SKU_012,130,-2.0131791988940675
SKU_012,131,-2.0419315280350188
SKU_012,132,-1.9923518319648796
SKU_012,133,-2.000275533112281
SKU_012,134,-1.9369716863224584
SKU_012,135,-1.9422073711338081
SKU_012,136,-1.9779547118367433
SKU_012,137,-2.0610198280486185
SKU_012,138,-2.0076028382436264
SKU_012,139,-2.0819738703262547
SKU_012,140,-2.0435931990183724
SKU_012,141,-2.007185774321563
SKU_012,142,-2.0811360866669957
SKU_012,143,-2.035604910772621
SKU_012,144,-1.858571734474016
SKU_012,145,-2.0380177506240993
SKU_012,146,-2.0380212899829604
SKU_012,147,-2.151865146724154
SKU_012,148,-2.1164514975488538
SKU_012,149,-2.078120233719262
SKU_012,150,-1.986971692123724
SKU_012,151,-2.037021668048154
SKU_012,152,-2.018150325577303
SKU_012,153,-2.068999172645806
SKU_012,154,-2.0495215359041445
SKU_012,155,-1.9538322769444674
SKU_012,156,-2.008051968008555
SKU_012,157,-2.023775346659998
SKU_012,158,-2.0741424232550387
SKU_012,159,-2.0542826997368153
SKU_012,160,-2.031437326251097
SKU_012,161,-2.0104543192069984
SKU_012,162,-2.0854864262172934
SKU_012,163,-1.9650181003855955
SKU_012,164,-2.0626459268597865
SKU_012,165,-2.0625413462790068
SKU_012,166,-2.0980405662266857
SKU_012,167,-2.041939959307091
SKU_012,168,-1.9956737814363907
SKU_012,169,-1.9816968257083605
SKU_012,170,-2.0440697093756626
SKU_012,171,-1.9604509221001627
SKU_012,172,-2.0777700771155594
SKU_012,173,-2.0257276631322396
SKU_012,174,-2.024509409390477
SKU_012,175,-2.0014387878243487
SKU_012,176,-1.9999920068633503
SKU_012,177,-1.9436831760722972
SKU_012,178,-1.9532116238633792
SKU_012,179,-2.033378317552375
SKU_012,180,-2.054633900664131
SKU_012,181,-2.064389953204659
SKU_012,182,-1.9574334483457208
SKU_012,183,-1.9897471733049379
SKU_012,184,-2.157072167278703
SKU_012,185,-2.107263677487431
SKU_012,186,-2.0547999803704755
SKU_012,187,-2.1261936924134712
SKU_012,188,-2.0004190915610676
SKU_012,189,-1.961516204774994
SKU_012,190,-1.949560676354513
SKU_012,191,-2.1247188114655278
SKU_012,192,-2.0352125523527076
SKU_012,193,-1.9412699293318316
SKU_012,194,-2.0629754739535344
SKU_012,195,-2.045044880534062
SKU_012,196,-2.0337210506092394
SKU_012,197,-2.069516104672461
SKU_012,198,-1.982739676030991
SKU_012,199,-1.9574783519453036
SKU_012,200,-2.072634248328531
SKU_012,201,-1.867239815407117
SKU_012,202,-2.0347578191125963
SKU_012,203,-2.1172984839341686
SKU_012,204,-1.9645559170895706
SKU_012,205,-2.0672419868484435
SKU_012,206,-1.9806171328412503
SKU_012,207,-2.0937630983357356
SKU_012,208,-2.017207315696686
SKU_012,209,-2.0790020149902526
SKU_012,210,-1.9872835791215608
SKU_012,211,-2.076349502009007
SKU_012,212,-1.9707659222483578
SKU_012,213,-2.031648738980047
SKU_012,214,-2.0887687944778084
SKU_012,215,-2.021592505358433
SKU_012,216,-2.0571951785849216
SKU_012,217,-2.0867498920253875
SKU_012,218,-2.116633129004459
SKU_012,219,-2.074017873393498
SKU_012,220,-2.094914883070173
SKU_012,221,-1.9671895343207302
SKU_012,222,-2.084167730020226
SKU_012,223,-2.0125763700575705
SKU_012,224,-1.9939655724350247
SKU_012,225,-2.1265795400096263
SKU_012,226,-2.0201155924087235
SKU_012,227,-2.0256106804191263
SKU_012,228,-2.0380838874681695
SKU_012,229,-2.330391919123004
SKU_012,230,-1.9761672473150844
SKU_012,231,-1.956800708902283
SKU_012,232,-1.9841426679448697
SKU_012,233,-2.1759626831320666
SKU_012,234,-2.0017425589966322
SKU_012,235,-2.0299558793860593
SKU_012,236,-2.0174563845897
SKU_012,237,-1.9742389894233676
SKU_012,238,-2.009078001522821
SKU_012,239,-2.032645526315169
SKU_012,240,-2.035036264125263
SKU_012,241,-2.0201397705465647
SKU_012,242,-2.021864110643937
SKU_012,243,-2.075166309117359
SKU_012,244,-2.0524457169381938
SKU_012,245,-2.03026967179132
SKU_012,246,-2.0431550292873206
SKU_012,247,-2.015051805303895
SKU_012,248,-1.9488566445526727
SKU_012,249,-2.060922969438412
SKU_012,250,-2.031195756464693
SKU_012,251,-2.102666725107966
SKU_012,252,-1.9708458689255137
SKU_012,253,-2.0484743764416424
SKU_012,254,-2.0583349593448017
SKU_012,255,-1.810839069310452
SKU_012,256,-2.036867489113306
SKU_012,257,-1.9483421744626424
SKU_012,258,-2.0768557921937654
SKU_012,259,-2.021358776413715
SKU_012,260,-2.044025233597906
SKU_012,261,-2.121544421282751
SKU_012,262,-2.0431792913262026
SKU_012,263,-1.9505419445266428
SKU_012,264,-2.0014303644099125
SKU_012,265,-1.9865173481702623
SKU_012,266,-2.119278263774332
SKU_012,267,-2.01780211404966
SKU_012,268,-2.102141050402373
SKU_012,269,-2.1004793828198745
SKU_012,270,-2.0456493942677425
SKU_012,271,-2.0549212374905252
SKU_012,272,-2.066827155266257
SKU_012,273,-1.9288646967051999
SKU_012,274,-2.0095046300715653
SKU_012,275,-1.9791174661554913
SKU_012,276,-2.112917855407543
SKU_012,277,-1.9865044284954945
SKU_012,278,-2.000206910802455
SKU_012,279,-1.9321715925196834
SKU_012,280,-2.047327062043007
SKU_012,281,-1.8969713789775628
SKU_012,282,-1.9381815319505145
SKU_012,283,-2.0347830949406545
SKU_012,284,-2.0402247493817445
SKU_012,285,-2.0790824298636212
SKU_012,286,-2.0288850624271033
SKU_012,287,-2.0286462695382768
SKU_012,288,-2.127448243893856
SKU_012,289,-1.9454448482422446
SKU_012,290,-2.073964086996025
SKU_012,291,-2.0778953312955513
SKU_012,292,-2.0690451507299628
SKU_012,293,-2.0471482805824257
SKU_012,294,-2.1042906301249267
SKU_012,295,-2.074729793977059
SKU_012,296,-2.0834269579550506
SKU_012,297,-2.172709658199283
SKU_012,298,-2.0086876438135937
SKU_012,299,-2.0810372739055576
SKU_013,0,-1.7775025386724792
SKU_013,1,-1.8306238920444537
SKU_013,2,-1.7642603385586102
SKU_013,3,-1.7766332104841005
SKU_013,4,-1.7951151022267549
SKU_013,5,-1.8641052469218398
SKU_013,6,-1.8110459169822124
SKU_013,7,-1.828119298726179
SKU_013,8,-1.6498259052126083
SKU_013,9,-1.8691970634573718
SKU_013,10,-1.765254095983701
SKU_013,11,-1.8962073997567828
SKU_013,12,-1.7984765750098952
SKU_013,13,-1.8987917937201866
SKU_013,14,-1.7894878482388707
SKU_013,15,-1.767668963019246
SKU_013,16,-1.6507549112466082
SKU_013,17,-1.7241727620552314
SKU_013,18,-1.6736474010589586
SKU_013,19,-1.6867705068187866
SKU_013,20,-1.9936291080719302
SKU_013,21,-1.6587241459288253
SKU_013,22,-1.8122216159040874
SKU_013,23,-1.7239845320575014
SKU_013,24,-1.7863576423092458
SKU_013,25,-1.7548542719391838
SKU_013,26,-1.7027155223045785
SKU_013,27,-1.6831425674211056
SKU_013,28,-1.713070010982316
SKU_013,29,-1.8257111608515126
SKU_013,30,-1.8010704405101448
SKU_013,31,-1.7883025051519457
SKU_013,32,-1.771079819167945
SKU_013,33,-1.6905916279404893
SKU_013,34,-1.8073280505616307
SKU_013,35,-1.685025341872145
SKU_013,36,-1.8568450333845505
SKU_013,37,-1.7785847640103818
SKU_013,38,-1.82498756102875
SKU_013,39,-1.8012455632283102
SKU_013,40,-1.7336272351798396
SKU_013,41,-1.6435780447951738
SKU_013,42,-1.7865144187087458
SKU_013,43,-1.695784708652384
SKU_013,44,-1.6963410739667326
SKU_013,45,-1.6801171575183325
SKU_013,46,-1.6459727095417658
SKU_013,47,-1.8331877401536323
SKU_013,48,-1.923450280073509
SKU_013,49,-1.726740898487171
SKU_013,50,-1.759546873572378
SKU_013,51,-1.8392864323447564
SKU_013,52,-1.822068629528877
SKU_013,53,-1.8042576035768696
SKU_013,54,-1.73877932428568
SKU_013,55,-1.8854558131128143
SKU_013,56,-1.7194072301077559
SKU_013,57,-1.84949021179077
SKU_013,58,-1.7748649064279618
SKU_013,59,-1.7242602044048392
SKU_013,60,-1.8038726106732066
SKU_013,61,-1.9236445721569253
SKU_013,62,-1.8227868545142771
SKU_013,63,-1.8350526955664093
SKU_013,64,-1.7853266848958265
SKU_013,65,-1.7646116616842895
SKU_013,66,-1.8198121838477952
SKU_013,67,-1.779083368688294
SKU_013,68,-1.739877974578083
SKU_013,69,-1.681808859187764
SKU_013,70,-1.7353972466604102
SKU_013,71,-1.8129159755109097
SKU_013,72,-1.798213813000303
SKU_013,73,-1.726328390220444
SKU_013,74,-1.8542726062307058
SKU_013,75,-1.7751747465626937
SKU_013,76,-1.8394812149047415
SKU_013,77,-1.8427297948082861
SKU_013,78,-1.8364700119064266
SKU_013,79,-1.7868694939314345
SKU_013,80,-1.7961248647693364
SKU_013,81,-1.6495053545282559
SKU_013,82,-1.7598605259043927
SKU_013,83,-1.8094270809894062
SKU_013,84,-1.8523076044914704
SKU_013,85,-1.7634124019747355
SKU_013,86,-1.733294354055657
SKU_013,87,-1.8720894719958687
SKU_013,88,-1.722593699509763
SKU_013,89,-1.8432008550079484
SKU_013,90,-1.7763686465993047
SKU_013,91,-1.7394807675538646
SKU_013,92,-1.8699047496612267
SKU_013,93,-1.7208538190110532
SKU_013,94,-1.8401794082426561
SKU_013,95,-1.8470728750085104
SKU_013,96,-1.6966416307430443
SKU_013,97,-1.728881743944407
SKU_013,98,-1.6223670884942436
SKU_013,99,-1.8078237801109998
SKU_013,100,-1.7453954166024057
SKU_013,101,-1.7092087250895354
SKU_013,102,-1.8325667924477114
SKU_013,103,-1.7023292416057076
SKU_013,104,-1.789517723265908
SKU_013,105,-1.9048153236939538
SKU_013,106,-1.885047030154225
SKU_013,107,-1.7729831483655352
SKU_013,108,-1.7061867564743196
SKU_013,109,-1.822687774054007
SKU_013,110,-1.7672241749618893
SKU_013,111,-1.7489025786375356
SKU_013,112,-1.9125004599011348
SKU_013,113,-1.7355861147147347
SKU_013,114,-1.6886217789051425
SKU_013,115,-1.9005797995996772
SKU_013,116,-1.7926507734338097
SKU_013,117,-1.7391425523739852
SKU_013,118,-1.6479163852517247
SKU_013,119,-1.8682612995345806
SKU_013,120,-1.7357973718039197
SKU_013,121,-1.6928371521214434
SKU_013,122,-1.883302817318555
SKU_013,123,-1.7296950247405336
SKU_013,124,-1.6601910978176362
SKU_013,125,-1.7501220387213272
SKU_013,126,-1.8496333327297496
SKU_013,127,-1.8232519262159588
SKU_013,128,-1.761366611814836
SKU_013,129,-1.7423981817154086
SKU_013,130,-1.7662121891321245
SKU_013,131,-1.74360732396951
SKU_013,132,-1.858489753686825
SKU_013,133,-1.7178292487795852
SKU_013,134,-1.93577573092663
SKU_013,135,-1.8109072413449068
SKU_013,136,-1.789824390702884
SKU_013,137,-1.832023251215323
SKU_013,138,-1.7577626343579538
SKU_013,139,-1.8153972140236825
SKU_013,140,-1.711497397003875
SKU_013,141,-1.9308642085970134
SKU_013,142,-1.878581699315206
SKU_013,143,-1.883389746951289
SKU_013,144,-1.6812721337266712
SKU_013,145,-1.7359340719102352
SKU_013,146,-1.7320739611578022
SKU_013,147,-1.7030957561769728
SKU_013,148,-1.755977501781671
SKU_013,149,-1.8861352922230685
SKU_013,150,-1.8064361663145172
SKU_013,151,-1.8113216241232348
SKU_013,152,-1.7124213969809747
SKU_013,153,-1.8713868757646237
SKU_013,154,-1.8140297178602631
SKU_013,155,-1.8194201543176332
SKU_013,156,-1.8098314619317815
SKU_013,157,-1.678679285077677
SKU_013,158,-1.8594514863344407
SKU_013,159,-1.810258788572344
SKU_013,160,-1.8479186338718003
SKU_013,161,-1.7986007781301334
SKU_013,162,-1.7258503812198824
SKU_013,163,-1.8561599944960674
SKU_013,164,-1.7024295260352116
SKU_013,165,-1.8237996236802299
SKU_013,166,-1.7491110308428672
SKU_013,167,-1.8992147335998977
SKU_013,168,-1.6596978141931702
SKU_013,169,-1.792211730119848
SKU_013,170,-1.8048292911731798
SKU_013,171,-1.8558802501446603
SKU_013,172,-1.8599478307726036
SKU_013,173,-1.7606095288500643
SKU_013,174,-1.8591249014694387
SKU_013,175,-1.8061601537859144
SKU_013,176,-1.7721379645645232
SKU_013,177,-1.8352129775957162
SKU_013,178,-1.8674271599664565
SKU_013,179,-1.7619190786611703
SKU_013,180,-1.8494743621137715
SKU_013,181,-1.762798921459806
SKU_013,182,-1.7194846587300772
SKU_013,183,-1.7817160291695149
SKU_013,184,-1.77174580231868
SKU_013,185,-1.869916043431872
SKU_013,186,-1.7627621925677757
SKU_013,187,-1.852083188188103
SKU_013,188,-1.708678198286119
SKU_013,189,-1.7426565026925362
SKU_013,190,-1.7550177996069554
SKU_013,191,-1.644786934585313
SKU_013,192,-1.7558512385691452
SKU_013,193,-1.767708247253941
SKU_013,194,-1.780511813980226
SKU_013,195,-1.6534014637092362
SKU_013,196,-1.7718090388661751
SKU_013,197,-1.7369929687751346
SKU_013,198,-1.6718539306817333
SKU_013,199,-1.8916043899981918
SKU_013,200,-1.8420177783431937
SKU_013,201,-1.7019608344623316
SKU_013,202,-1.65622313160727
SKU_013,203,-2.014243492739996
SKU_013,204,-1.7946039872918664
SKU_013,205,-1.8800648076686493
SKU_013,206,-1.6895673625560632
SKU_013,207,-1.9023560785037519
SKU_013,208,-1.7505494427411663
SKU_013,209,-1.7310914753885147
SKU_013,210,-1.898226291514798
SKU_013,211,-1.7548529694371275
SKU_013,212,-1.608369440401808
SKU_013,213,-1.7624707372080801
SKU_013,214,-1.860300228096875
SKU_013,215,-1.757667199316062
SKU_013,216,-1.8496071217018384
SKU_013,217,-1.729716164199736
SKU_013,218,-1.7522323972267282
SKU_013,219,-1.7523161009977575
SKU_013,220,-1.8146806560403628
SKU_013,221,-1.8257279027105968
SKU_013,222,-1.7579761258147115
SKU_013,223,-1.8544745621366503
SKU_013,224,-1.7620757641621905
SKU_013,225,-1.6476742852708646
SKU_013,226,-1.7414031205984428
SKU_013,227,-1.6939271810653729
SKU_013,228,-1.7666084516979401
SKU_013,229,-1.8417407711601583
SKU_013,230,-1.6793557707402997
SKU_013,231,-1.720903661400098
SKU_013,232,-1.6730336595893676
SKU_013,233,-1.8146297304128842
SKU_013,234,-1.7362374926352944
SKU_013,235,-1.781368526697391
SKU_013,236,-1.794998348909522
SKU_013,237,-1.923605248102864
SKU_013,238,-1.8191440434429267
SKU_013,239,-1.8137201994023286
SKU_013,240,-1.714052506472961
SKU_013,241,-1.8056288661765647
SKU_013,242,-1.8806730919406767
SKU_013,243,-1.755884848876541
SKU_013,244,-1.9248444958191784
SKU_013,245,-1.7196467006498821
SKU_013,246,-1.8063441051942968
SKU_013,247,-1.7298704722142975
SKU_013,248,-1.9132975061318696
SKU_013,249,-1.7759146205210663
SKU_013,250,-1.769675837787288
SKU_013,251,-1.7342263134177887
SKU_013,252,-1.810377819777643
SKU_013,253,-1.759404031002251
SKU_013,254,-1.8604711193219137
SKU_013,255,-1.9062086242693606
SKU_013,256,-1.743481126655382
SKU_013,257,-1.8680162669325444
SKU_013,258,-1.8626235969600449
SKU_013,259,-1.8127480553983522
SKU_013,260,-1.7836177075032535
SKU_013,261,-1.7027225587121675
SKU_013,262,-1.877719702783884
SKU_013,263,-1.8783241371061037
SKU_013,264,-1.9175004414109036
SKU_013,265,-1.706871427263081
SKU_013,266,-1.858493254475127
SKU_013,267,-1.7066694755784448
SKU_013,268,-1.7465376850763836
SKU_013,269,-1.8400908310374184
SKU_013,270,-1.7408422507728802
SKU_013,271,-1.7576338243632175
SKU_013,272,-1.7468394268530276
SKU_013,273,-1.6522967309225507
SKU_013,274,-1.7516878091558694
SKU_013,275,-1.6756483353140554
SKU_013,276,-1.8829814168500154
SKU_013,277,-1.8122611095962966
SKU_013,278,-1.659086456658062
SKU_013,279,-1.8394417075745577
SKU_013,280,-1.6928725841515346
SKU_013,281,-1.6749662421528784
SKU_013,282,-1.7128408685535064
SKU_013,283,-1.7296382170807743
SKU_013,284,-1.7676796575915672
SKU_013,285,-1.857064740571358
SKU_013,286,-1.7150053782713834
SKU_013,287,-1.833450413898973
SKU_013,288,-1.8176675231272421
SKU_013,289,-1.7574494589542984
SKU_013,290,-1.7511402100145312
SKU_013,291,-1.7675940215850923
SKU_013,292,-1.8337077702912221
SKU_013,293,-1.8342026443348711
SKU_013,294,-1.781023721779793
SKU_013,295,-1.8084202933466997
SKU_013,296,-1.7871315663513343
SKU_013,297,-1.6514100069304267
SKU_013,298,-1.8282821917872853
SKU_013,299,-1.7348027359038887
SKU_014,0,-1.9931424088945042
SKU_014,1,-2.02677669384748
SKU_014,2,-1.979671371800043
SKU_014,3,-1.9870110448518177
SKU_014,4,-2.028806334892181
SKU_014,5,-1.9768904536272425
SKU_014,6,-2.1052724388313977
SKU_014,7,-1.9302509588040493
SKU_014,8,-2.0572798607096097
SKU_014,9,-2.114598074628523
SKU_014,10,-2.095270758276254
SKU_014,11,-1.9929630537484282
SKU_014,12,-2.0387966844885184
SKU_014,13,-2.054350637638201
SKU_014,14,-2.0205564895578783
SKU_014,15,-2.053421916866226
SKU_014,16,-1.9755174945263803
SKU_014,17,-2.071967916676365
SKU_014,18,-2.1328664436529308
SKU_014,19,-1.9804155396603738
SKU_014,20,-1.9468839053644877
SKU_014,21,-2.0775456354093254
SKU_014,22,-2.0049330135759154
SKU_014,23,-1.9956399318575433
SKU_014,24,-2.0498630526946853
SKU_014,25,-1.9790136724320933
SKU_014,26,-1.9822286313356046
SKU_014,27,-2.008744843338434
SKU_014,28,-1.98803332057187
SKU_014,29,-1.9968025624559445
SKU_014,30,-1.9989438172813845
SKU_014,31,-2.0725122376920333
SKU_014,32,-1.960039588225682
SKU_014,33,-2.062961340228157
SKU_014,34,-2.027892691932058
SKU_014,35,-2.089605577086765
SKU_014,36,-1.958911723267065
SKU_014,37,-2.090818371855375
SKU_014,38,-1.9781889820816787
SKU_014,39,-2.0005994510401415
SKU_014,40,-2.038699242340312
SKU_014,41,-2.112018129268594
SKU_014,42,-2.0699649306723313
SKU_014,43,-2.07657268066925
SKU_014,44,-2.012485373922513
SKU_014,45,-1.9802941718622664
SKU_014,46,-2.0404576087348008
SKU_014,47,-1.9225022151076405
SKU_014,48,-2.0650985208677013
SKU_014,49,-2.025937691272028
SKU_014,50,-2.01705948280298
SKU_014,51,-2.0194479475528313
SKU_014,52,-2.1389924051198856
SKU_014,53,-2.0969088855148885
SKU_014,54,-1.9853302044787227
SKU_014,55,-2.0396212557710305
SKU_014,56,-2.0692542712372677
SKU_014,57,-2.095911371253951
SKU_014,58,-2.0294173207835935
SKU_014,59,-2.0326250045429326
SKU_014,60,-2.0193252145567238
SKU_014,61,-2.017757343395658
SKU_014,62,-1.9561714566764945
SKU_014,63,-2.0767148820592256
SKU_014,64,-2.034467679230911
SKU_014,65,-2.0490177478297498
SKU_014,66,-2.056815551982577
SKU_014,67,-2.0316847508397933
SKU_014,68,-1.8925759224865315
SKU_014,69,-2.0560403488615644
SKU_014,70,-2.0642289121585558
SKU_014,71,-2.043163491047821
SKU_014,72,-2.072481473262106
SKU_014,73,-2.0228372507636516
SKU_014,74,-2.0250250156164022
SKU_014,75,-2.0680025184180337
SKU_014,76,-2.078503564433114
SKU_014,77,-2.0676798103566636
SKU_014,78,-2.052910481128867
SKU_014,79,-2.0618932787911537
SKU_014,80,-1.9966312345464141
SKU_014,81,-2.1007979182085763
SKU_014,82,-2.0971477465972197
SKU_014,83,-2.10964587827193
SKU_014,84,-2.10529760201208
SKU_014,85,-2.097817149152651
SKU_014,86,-1.9518605304845849
SKU_014,87,-1.926040084730176
SKU_014,88,-2.0702277181879514
SKU_014,89,-1.965536229366536
SKU_014,90,-2.092088238109219
SKU_014,91,-2.1902861821898507
SKU_014,92,-2.0775967826101644
SKU_014,93,-2.023500988082285
SKU_014,94,-2.041918213965115
SKU_014,95,-1.9730039166560578
SKU_014,96,-2.1606666537836374
SKU_014,97,-2.0644035786644546
SKU_014,98,-1.9930809231668896
SKU_014,99,-1.987931227263949
SKU_014,100,-2.0615733569671186
SKU_014,101,-2.0558675911003292
SKU_014,102,-2.038914153434317
SKU_014,103,-2.0276637809841365
SKU_014,104,-2.0128821577790412
SKU_014,105,-2.085776263381528
SKU_014,106,-2.132115979021426
SKU_014,107,-2.0037265953709515
SKU_014,108,-2.138934581752517
SKU_014,109,-1.9255438442402428
SKU_014,110,-2.033753362249944
SKU_014,111,-2.017863153996928
SKU_014,112,-2.0829013851906963
SKU_014,113,-2.0932223240161902
SKU_014,114,-2.035156314886851
SKU_014,115,-2.029025856544404
SKU_014,116,-2.0432683363802893
SKU_014,117,-2.0820509060604055
SKU_014,118,-1.9604831927561008
SKU_014,119,-1.999291182963038
SKU_014,120,-2.0166817928805156
SKU_014,121,-2.0054801534220434
SKU_014,122,-2.0266301360851857
SKU_014,123,-2.029331987650731
SKU_014,124,-2.031788235695998
SKU_014,125,-1.9587193275487946
SKU_014,126,-2.0734048655718063
SKU_014,127,-2.044828743855306
SKU_014,128,-2.081996591276924
SKU_014,129,-2.0567638363652785
SKU_014,130,-1.9563435962405225
SKU_014,131,-2.0441954658023103
SKU_014,132,-2.060380556226625
SKU_014,133,-1.9929775788240394
SKU_014,134,-1.9576543024274784
SKU_014,135,-1.9722772641693813
SKU_014,136,-1.9734219763737122
SKU_014,137,-2.06810594176822
SKU_014,138,-2.0401494149096884
SKU_014,139,-2.050195303136624
SKU_014,140,-2.0451243514467174
SKU_014,141,-2.0017373631982514
SKU_014,142,-2.081747503792556
SKU_014,143,-2.015332458957827
SKU_014,144,-2.015598912204053
SKU_014,145,-2.001696622490334
SKU_014,146,-2.1012645011376714
SKU_014,147,-1.940308717736934
SKU_014,148,-2.0619707656995
SKU_014,149,-2.0535116786275
SKU_014,150,-1.986860400903854
SKU_014,151,-2.0462132112206013
SKU_014,152,-1.9915645620252296
SKU_014,153,-2.0628449437641825
SKU_014,154,-1.9209679287375692
SKU_014,155,-1.9521018875345408
SKU_014,156,-2.093130026300161
SKU_014,157,-2.0209917567330535
SKU_014,158,-2.0147774951443527
SKU_014,159,-2.033892409718484
SKU_014,160,-2.032042195636675
SKU_014,161,-2.0101064780400133
SKU_014,162,-2.0724650916947374
SKU_014,163,-1.9727711079367973
SKU_014,164,-2.070812568057144
SKU_014,165,-2.0885063245116267
SKU_014,166,-2.034593157631035
SKU_014,167,-2.099361010905619
SKU_014,168,-2.0751217938497946
SKU_014,169,-2.06406386362516
SKU_014,170,-2.042419808861942
SKU_014,171,-1.9791135357965497
SKU_014,172,-2.0653622627911608
SKU_014,173,-2.0972608144174143
SKU_014,174,-2.014504883236523
SKU_014,175,-2.070657269251009
SKU_014,176,-1.9785136861456778
SKU_014,177,-1.9775011079241123
SKU_014,178,-1.9635927520282066
SKU_014,179,-2.054826833980339
SKU_014,180,-2.025569675604568
SKU_014,181,-2.0750365381304796
SKU_014,182,-2.2174593462942047
SKU_014,183,-1.9647021215074514
SKU_014,184,-2.169233493441548
SKU_014,185,-2.0903615544121625
SKU_014,186,-2.0052379675680716
SKU_014,187,-2.135881537012604
SKU_014,188,-1.9908855438012625
SKU_014,189,-1.992629974364689
SKU_014,190,-1.9279367667926726
SKU_014,191,-2.1170416897065363
SKU_014,192,-2.0641878131564937
SKU_014,193,-1.967723367338695
SKU_014,194,-2.0387530572663755
SKU_014,195,-2.0333813393935833
SKU_014,196,-2.042944799143166
SKU_014,197,-2.067129297151269
SKU_014,198,-2.0753519701738705
SKU_014,199,-1.9712946563609002
SKU_014,200,-2.0830555293542186
SKU_014,201,-1.9169346764296382
SKU_014,202,-2.0423481977197153
SKU_014,203,-2.100686238949993
SKU_014,204,-1.991542937498739
SKU_014,205,-2.0422416076893457
SKU_014,206,-1.9590511337980334
SKU_014,207,-2.029905549262738
SKU_014,208,-2.021158850315215
SKU_014,209,-2.0349989328194797
SKU_014,210,-2.002203707212138
SKU_014,211,-2.0895906184051407
SKU_014,212,-2.144380781352818
SKU_014,213,-2.041832487767172
SKU_014,214,-2.098668706373637
SKU_014,215,-1.9926325877189242
SKU_014,216,-2.048445339056819
SKU_014,217,-2.074899953591698
SKU_014,218,-2.134383371550679
SKU_014,219,-2.0486248984550537
SKU_014,220,-2.0802443279058016
SKU_014,221,-1.9696713462960997
SKU_014,222,-2.0731500065157644
SKU_014,223,-2.042091256143588
SKU_014,224,-2.0638694191746016
SKU_014,225,-2.02177420511284
SKU_014,226,-2.0191454976948098
SKU_014,227,-2.024663083277328
SKU_014,228,-2.0599392395778833
SKU_014,229,-2.1328288150599417
SKU_014,230,-1.9739979488303363
SKU_014,231,-2.0574667828158533
SKU_014,232,-2.0255577680445
SKU_014,233,-2.0593163221313637
SKU_014,234,-2.048736230039705
SKU_014,235,-1.9821955327527516
SKU_014,236,-2.0261829569255956
SKU_014,237,-1.9831583806847504
SKU_014,238,-2.0334398105379137
SKU_014,239,-2.0342669485516836
SKU_014,240,-2.0284737707976275
SKU_014,241,-2.004268909779688
SKU_014,242,-2.0256215766553227
SKU_014,243,-2.0802500642051305
SKU_014,244,-2.111674063169434
SKU_014,245,-2.049140012528725
SKU_014,246,-2.042453781235203
SKU_014,247,-2.058943845450527
SKU_014,248,-2.0268465405156926
SKU_014,249,-2.0546867038063192
SKU_014,250,-2.0223055498375744
SKU_014,251,-2.1065091898407537
SKU_014,252,-2.0065115560817066
SKU_014,253,-2.0088450755252327
SKU_014,254,-2.0728917135068
SKU_014,255,-2.0226717190422696
SKU_014,256,-2.073392216210459
SKU_014,257,-1.9414525590033644
SKU_014,258,-2.136245848877218
SKU_014,259,-2.0620393675417303
SKU_014,260,-2.058962253792136
SKU_014,261,-1.9930740753481409
SKU_014,262,-2.0297128135477216
SKU_014,263,-2.017313461732574
SKU_014,264,-2.0970807406710046
SKU_014,265,-2.0217771884803377
SKU_014,266,-2.045934768024833
SKU_014,267,-2.079953076057594
SKU_014,268,-2.0826451495709173
SKU_014,269,-2.084280621706666
SKU_014,270,-1.9964950733305602
SKU_014,271,-2.070298015998831
SKU_014,272,-2.079310927347504
SKU_014,273,-2.00769412332768
SKU_014,274,-2.0135661930963895
SKU_014,275,-2.031762900430689
SKU_014,276,-2.1105779731680423
SKU_014,277,-1.984931828942492
SKU_014,278,-1.9917567436503871
SKU_014,279,-2.0487736997563077
SKU_014,280,-2.0461197066429397
SKU_014,281,-1.9407947201606153
SKU_014,282,-1.974749230542556
SKU_014,283,-2.0295412157094654
SKU_014,284,-2.0146868597556433
SKU_014,285,-2.06554345633983
SKU_014,286,-2.0330973894716666
SKU_014,287,-2.0309614547782617
SKU_014,288,-2.123003358975993
SKU_014,289,-1.911318091677701
SKU_014,290,-2.041091490493985
SKU_014,291,-2.067014724179441
SKU_014,292,-2.0801271872984577
SKU_014,293,-2.036382933511558
SKU_014,294,-2.020965842890759
SKU_014,295,-2.026439460197873
SKU_014,296,-2.094756054088618
SKU_014,297,-2.0027470846949456
SKU_014,298,-2.0025008654624017
SKU_014,299,-2.0785237904923552
SKU_015,0,-0.9187012237166746
SKU_015,1,-0.9444310730244093
SKU_015,2,-0.8436844377866631
SKU_015,3,-0.8627899527360245
SKU_015,4,-0.8492325226436321
SKU_015,5,-0.897003477729242
SKU_015,6,-0.9209190736139822
SKU_015,7,-0.851759406339898
SKU_015,8,-0.8789625259887536
SKU_015,9,-0.8797469938382603
SKU_015,10,-0.927285933164217
SKU_015,11,-0.8505619816042801
SKU_015,12,-0.8271432238733392
SKU_015,13,-0.8808886037230241
SKU_015,14,-0.9099987923168759
SKU_015,15,-0.8914921385344003
SKU_015,16,-0.8999243032516394
SKU_015,17,-0.864371011739551
SKU_015,18,-0.9436084426263953
SKU_015,19,-0.8293966078126338
SKU_015,20,-0.8609492082062828
SKU_015,21,-0.9995137927036966
SKU_015,22,-0.8504075551758904
SKU_015,23,-0.8204117211353603
SKU_015,24,-0.9024806893413816
SKU_015,25,-0.8597536089351933
SKU_015,26,-0.8471415225279025
SKU_015,27,-0.900342323047288
SKU_015,28,-1.0007971147824855
SKU_015,29,-0.9403591872802441
SKU_015,30,-0.8079672498410689
SKU_015,31,-0.8910472663652163
SKU_015,32,-0.7826412870525444
SKU_015,33,-0.9295941941442729
SKU_015,34,-0.8251949864900431
SKU_015,35,-0.8450254128687968
SKU_015,36,-0.8681293724235397
SKU_015,37,-0.8580162992090057
SKU_015,38,-0.9368327285339606
SKU_015,39,-0.9220328324637989
SKU_015,40,-0.9470824844605684
SKU_015,41,-0.9348740378982355
SKU_015,42,-0.8475665261777913
SKU_015,43,-0.8063316675363148
SKU_015,44,-0.818048201833602
SKU_015,45,-0.8780671967360005
SKU_015,46,-0.8771493968798496
SKU_015,47,-0.9975596449748904
SKU_015,48,-0.9041549676776548
SKU_015,49,-0.9458629580182063
SKU_015,50,-0.8847765744501775
SKU_015,51,-0.7214146672172468
SKU_015,52,-0.8656199715420808
SKU_015,53,-0.8764076208923076
SKU_015,54,-0.8430995310017918
SKU_015,55,-0.9152643016502945
SKU_015,56,-0.9846362571077815
SKU_015,57,-0.8817117052640074
SKU_015,58,-0.934264867232959
SKU_015,59,-0.8953519362454715
SKU_015,60,-0.9726512360593492
SKU_015,61,-0.9838782913683747
SKU_015,62,-0.9097407778982958
SKU_015,63,-0.9453073840174413
SKU_015,64,-0.8574160010913219
SKU_015,65,-0.8185162854051528
SKU_015,66,-0.8873759545850993
SKU_015,67,-0.9544489977525277
SKU_015,68,-1.0771104197271788
SKU_015,69,-0.7786572033086373
SKU_015,70,-0.9292205018425533
SKU_015,71,-0.8711313618679708
SKU_015,72,-0.8773087866951297
SKU_015,73,-0.9735008084593996
SKU_015,74,-0.9995753531141242
SKU_015,75,-0.763125593035654
SKU_015,76,-0.7880850757428149
SKU_015,77,-0.9179375821573852
SKU_015,78,-0.8297817832001405
SKU_015,79,-0.87853241570922
SKU_015,80,-0.8689583949724137
SKU_015,81,-0.8524698623915232
SKU_015,82,-0.85108977559258
SKU_015,83,-0.9074254499625207
SKU_015,84,-0.9123141143255412
SKU_015,85,-0.8991523392709423
SKU_015,86,-0.8417063640285674
SKU_015,87,-0.8989717016410133
SKU_015,88,-0.9051845791394386
SKU_015,89,-0.8625580168120722
SKU_015,90,-0.8796979753107291
SKU_015,91,-0.7568742357306091
SKU_015,92,-0.905083860645975
SKU_015,93,-0.8371762340790919
SKU_015,94,-1.0079475767698407
SKU_015,95,-0.8013589364554494
SKU_015,96,-0.7950012461221888
SKU_015,97,-0.8028131201386057
SKU_015,98,-0.8645862609545197
SKU_015,99,-0.9837676645851631
SKU_015,100,-0.9361039506992793
SKU_015,101,-0.9680683037948082
SKU_015,102,-0.8960545888877294
SKU_015,103,-0.84023934425337
SKU_015,104,-1.016337366027221
SKU_015,105,-0.851374001244933
SKU_015,106,-0.8412751398691602
SKU_015,107,-0.8848755052544224
SKU_015,108,-0.8815831635043817
SKU_015,109,-0.8353125027495835
SKU_015,110,-0.8807203476892096
SKU_015,111,-0.826574759539581
SKU_015,112,-0.9052909116482983
SKU_015,113,-0.8361898510655754
SKU_015,114,-0.9059126744417773
SKU_015,115,-0.9010861652367769
SKU_015,116,-0.9523739312379258
SKU_015,117,-0.8849588241101473
SKU_015,118,-0.9415168358967264
SKU_015,119,-0.9396035655629668
SKU_015,120,-0.8995724980166271
SKU_015,121,-0.8208838569996687
SKU_015,122,-0.9248158350689202
SKU_015,123,-0.9952287930646972
SKU_015,124,-0.8844843348890382
SKU_015,125,-0.8366613554208351
SKU_015,126,-0.9121405954545466
SKU_015,127,-0.8749876045759302
SKU_015,128,-0.849334133957903
SKU_015,129,-0.9901802856823091
SKU_015,130,-0.9435211751846772
SKU_015,131,-0.8565663361103
SKU_015,132,-0.7952447436365161
SKU_015,133,-0.9191286731974891
SKU_015,134,-0.9996355627123709
SKU_015,135,-0.9870858051609744
SKU_015,136,-0.9549932715979995
SKU_015,137,-0.8808275993167742
SKU_015,138,-0.94863103740604
SKU_015,139,-0.837323500201103
SKU_015,140,-0.8873134847635705
SKU_015,141,-0.849226824482569
SKU_015,142,-0.9250949127153313
SKU_015,143,-0.9189457815342035
SKU_015,144,-0.8510408985709326
SKU_015,145,-0.8464879903742687
SKU_015,146,-0.8892579491154863
SKU_015,147,-0.9186523125604521
SKU_015,148,-0.8649422563770012
SKU_015,149,-0.9523208266997364
SKU_015,150,-0.9283399911229038
SKU_015,151,-0.9718183985046998
SKU_015,152,-0.9058308802701768
SKU_015,153,-0.9036884858384315
SKU_015,154,-0.8043732243753218
SKU_015,155,-0.9239649809414309
SKU_015,156,-0.8953775149064951
SKU_015,157,-0.9203161396341233
SKU_015,158,-0.7568288120607083
SKU_015,159,-0.8849500502779836
SKU_015,160,-0.8777066217346141
SKU_015,161,-0.8092014067742946
SKU_015,162,-0.9895961543267808
SKU_015,163,-0.7961603089716901
SKU_015,164,-0.8681454512675901
SKU_015,165,-0.8300434667647083
SKU_015,166,-0.8835729541745311
SKU_015,167,-0.9359771231791354
SKU_015,168,-0.9048261747197811
SKU_015,169,-0.8846677409182445
SKU_015,170,-0.9012718168611571
SKU_015,171,-0.8655356748422167
SKU_015,172,-0.8502073130156517
SKU_015,173,-0.9127243748231905
SKU_015,174,-0.8479760987602013
SKU_015,175,-0.8527249886101713
SKU_015,176,-0.8711361251622824
SKU_015,177,-0.8494036153940824
SKU_015,178,-0.8965658978605135
SKU_015,179,-0.944625530816529
SKU_015,180,-0.852560371164934
SKU_015,181,-0.9403568722983077
SKU_015,182,-0.8667242348480946
SKU_015,183,-0.9059338138030816
SKU_015,184,-0.897264490807857
SKU_015,185,-0.9305006891043097
SKU_015,186,-0.8747627391457428
SKU_015,187,-0.8700375653481633
SKU_015,188,-0.8310843582249122
SKU_015,189,-0.9128055824340434
SKU_015,190,-0.827869241087262
SKU_015,191,-0.8298295379136945
SKU_015,192,-0.8244058076502545
SKU_015,193,-1.0436755784901757
SKU_015,194,-0.8569108146463039
SKU_015,195,-0.8499913580973568
SKU_015,196,-0.8808471786493652
SKU_015,197,-0.9059586499512347
SKU_015,198,-0.9436718921616376
SKU_015,199,-0.8812815286018838
SKU_015,200,-0.8493355046684806
SKU_015,201,-0.9663250939706066
SKU_015,202,-0.916927815283289
SKU_015,203,-0.8567292466867331
SKU_015,204,-0.9303574695971859
SKU_015,205,-0.9664459930067452
SKU_015,206,-0.9516976292780224
SKU_015,207,-0.8397814195091335
SKU_015,208,-0.8671589870658534
SKU_015,209,-0.8405620931106046
SKU_015,210,-0.8255687727539277
SKU_015,211,-0.8752614299362533
SKU_015,212,-1.026054605026662
SKU_015,213,-0.9421214823592469
SKU_015,214,-0.8294929545687746
SKU_015,215,-0.7974934572434571
SKU_015,216,-0.8876481453300588
SKU_015,217,-0.8775879963639067
SKU_015,218,-0.8849332734288727
SKU_015,219,-0.8517492194417174
SKU_015,220,-0.9555718616484705
SKU_015,221,-0.8866536809341315
SKU_015,222,-0.8779818916466445
SKU_015,223,-0.9075189112450899
SKU_015,224,-0.8535310631379276
SKU_015,225,-0.8852126752596822
SKU_015,226,-0.7794900220967278
SKU_015,227,-0.8812865566000445
SKU_015,228,-0.8605814477276608
SKU_015,229,-0.8062140678049486
SKU_015,230,-0.8766731655704286
SKU_015,231,-0.8953878539321856
SKU_015,232,-0.9105275097581835
SKU_015,233,-0.9583599897090176
SKU_015,234,-0.905638115320477
SKU_015,235,-0.8069373804352378
SKU_015,236,-0.8170379522888994
SKU_015,237,-0.8685895814116796
SKU_015,238,-0.8924113255924223
SKU_015,239,-0.8591511099559607
SKU_015,240,-0.8672460868374667
SKU_015,241,-0.9175573732968314
SKU_015,242,-0.863076186121877
SKU_015,243,-0.8917160268954268
SKU_015,244,-0.8562344024918607
SKU_015,245,-1.0298921270998433
SKU_015,246,-0.7938527637163657
SKU_015,247,-0.8058760768804634
SKU_015,248,-0.9333585571764073
SKU_015,249,-0.8615520528206283
SKU_015,250,-0.8388580308734285
SKU_015,251,-0.8886126414298561
SKU_015,252,-0.8486153072638595
SKU_015,253,-0.8760509949732305
SKU_015,254,-0.8137978640912095
SKU_015,255,-0.8793518881873917
SKU_015,256,-0.9503475437861879
SKU_015,257,-0.8267909824234437
SKU_015,258,-0.9660526615191337
SKU_015,259,-0.8325524847768746
SKU_015,260,-0.8514239635372619
SKU_015,261,-0.7145832174158758
SKU_015,262,-0.8841110432708229
SKU_015,263,-0.8674408309621762
SKU_015,264,-1.0520690110104873
SKU_015,265,-1.0122570053842745
SKU_015,266,-0.8555542778614537
SKU_015,267,-0.9349243212416752
SKU_015,268,-0.8445868494804524
SKU_015,269,-0.8979247367725824
SKU_015,270,-0.9860940173174914
SKU_015,271,-0.9895681333684279
SKU_015,272,-0.9050948119988259
SKU_015,273,-0.8850284226072999
SKU_015,274,-0.998702300084421
SKU_015,275,-0.8082957927787094
SKU_015,276,-0.8933106916689423
SKU_015,277,-0.8325321202143575
SKU_015,278,-0.9011516459154821
SKU_015,279,-0.9295640623718836
SKU_015,280,-0.9075201717361236
SKU_015,281,-0.927388364368198
SKU_015,282,-1.01705016345576
SKU_015,283,-0.9083807618359894
SKU_015,284,-0.9014886883839623
SKU_015,285,-0.9537372245293404
SKU_015,286,-0.8533741014505539
SKU_015,287,-0.9114658552518295
SKU_015,288,-0.8840694541562137
SKU_015,289,-0.83529048616078
SKU_015,290,-0.9580193032535556
SKU_015,291,-0.9023500592375305
SKU_015,292,-0.858545173890407
SKU_015,293,-0.9584631809568416
SKU_015,294,-0.8105144485867175
SKU_015,295,-0.9897322752845408
SKU_015,296,-0.8535149148567385
SKU_015,297,-0.8289742338224328
SKU_015,298,-0.8560621806754619
SKU_015,299,-0.9871596627563463
SKU_016,0,-0.9507910283909071
SKU_016,1,-0.8436931951792496
SKU_016,2,-0.8934938637801488
SKU_016,3,-0.8629879249958846
SKU_016,4,-0.8864774891218126
SKU_016,5,-0.8787676006273591
SKU_016,6,-0.9120990976057056
SKU_016,7,-0.8927680360137887
SKU_016,8,-0.899904862466699
SKU_016,9,-0.8594209377076932
SKU_016,10,-0.917127394734139
SKU_016,11,-0.8501076386831492
SKU_016,12,-0.8271004600995541
SKU_016,13,-0.8843265536536301
SKU_016,14,-0.9247683072583922
SKU_016,15,-0.887288125388942
SKU_016,16,-0.9020838893008217
SKU_016,17,-0.8810677442107333
SKU_016,18,-0.9456072632781114
SKU_016,19,-0.7640716483904098
SKU_016,20,-0.831585728342215
SKU_016,21,-0.8526905363027938
SKU_016,22,-0.85581403220169
SKU_016,23,-0.8908855898673077
SKU_016,24,-0.9457504310329199
SKU_016,25,-0.861175586674727
SKU_016,26,-0.8879548769712539
SKU_016,27,-0.8987668886588772
SKU_016,28,-0.9813301081570759
SKU_016,29,-0.9565662888901507
SKU_016,30,-0.8155802439806527
SKU_016,31,-0.9153688321178769
SKU_016,32,-0.7843474266396818
SKU_016,33,-0.8839944927025118
SKU_016,34,-0.8171687641019495
SKU_016,35,-0.8238054817539551
SKU_016,36,-0.8872248331189124
SKU_016,37,-0.9097969000566044
SKU_016,38,-0.9224849966848777
SKU_016,39,-0.852026218542902
SKU_016,40,-0.9431296869832032
SKU_016,41,-0.9148877914768151
SKU_016,42,-0.8383234761139389
SKU_016,43,-0.8192945870122518
SKU_016,44,-0.8147426926097096
SKU_016,45,-0.890403567713769
SKU_016,46,-0.954891078201384
SKU_016,47,-0.9495891666513551
SKU_016,48,-0.8531549141230376
SKU_016,49,-0.894948513814515
SKU_016,50,-0.8942022897560292
SKU_016,51,-0.7225588758324617
SKU_016,52,-0.8623186540674507
SKU_016,53,-0.8606621806118807
SKU_016,54,-0.8745798831539557
SKU_016,55,-0.8836741550883015
SKU_016,56,-0.9141702364555244
SKU_016,57,-0.8676449482650341
SKU_016,58,-0.9092897668035589
SKU_016,59,-0.8890044355495149
SKU_016,60,-0.9791010129368198
SKU_016,61,-0.8548521465084619
SKU_016,62,-0.952797842754731
SKU_016,63,-0.962280358371261
SKU_016,64,-0.8607672763520116
SKU_016,65,-0.8916993151502068
SKU_016,66,-0.8784759498390303
SKU_016,67,-0.9702444751318706
SKU_016,68,-1.0511320774365343
SKU_016,69,-0.8292243580916625
SKU_016,70,-0.9426528400012714
SKU_016,71,-0.9208407590363017
SKU_016,72,-0.802612979614041
SKU_016,73,-0.9929898963804522
SKU_016,74,-0.8769625336485904
SKU_016,75,-0.7629489805776414
SKU_016,76,-0.7652590512435153
SKU_016,77,-0.9246725100838101
SKU_016,78,-0.8734156342477685
SKU_016,79,-0.8704622061008958
SKU_016,80,-0.8633329479649572
SKU_016,81,-0.8362896565332866
SKU_016,82,-0.8340201376319585
SKU_016,83,-0.9552742030131869
SKU_016,84,-0.9192252138726442
SKU_016,85,-0.9152139569500871
SKU_016,86,-0.8675020377637831
SKU_016,87,-0.8649423204458874
SKU_016,88,-0.8921054641176678
SKU_016,89,-0.8625525749789528
SKU_016,90,-0.9113418863085331
SKU_016,91,-0.7709257642887368
SKU_016,92,-0.9134436260002059
SKU_016,93,-0.8158104003679955
SKU_016,94,-0.9084577805661367
SKU_016,95,-0.8021464642843852
SKU_016,96,-1.0031826927178442
SKU_016,97,-0.7991788235681013
SKU_016,98,-0.8494122866197485
SKU_016,99,-0.9776456121452785
SKU_016,100,-0.9119742303393614
SKU_016,101,-0.9880779552000869
SKU_016,102,-0.8909333437453268
SKU_016,103,-0.8537950290989647
SKU_016,104,-0.9923311054982867
SKU_016,105,-0.8934675931354142
SKU_016,106,-0.8189118196204127
SKU_016,107,-0.9011563125360849
SKU_016,108,-1.0234901370564744
SKU_016,109,-0.8408084770051707
SKU_016,110,-0.8632588559399865
SKU_016,111,-0.8258587952700537
SKU_016,112,-0.9077878965531606
SKU_016,113,-0.8074505671852976
SKU_016,114,-0.9179334549511051
SKU_016,115,-0.9108640200749665
SKU_016,116,-0.8750031240027429
SKU_016,117,-0.8646064817779098
SKU_016,118,-0.9218160356407171
SKU_016,119,-0.9769851238608933
SKU_016,120,-0.8999923617072345
SKU_016,121,-0.8236146955227489
SKU_016,122,-0.8706945046814202
SKU_016,123,-1.0134675977297065
SKU_016,124,-0.8849412335585789
SKU_016,125,-0.8430571730231319
SKU_016,126,-0.8649571069000574
SKU_016,127,-0.8775218168997216
SKU_016,128,-0.9262277579368288
SKU_016,129,-0.953789583514013
SKU_016,130,-0.9083662513110106
SKU_016,131,-0.8556580325561604
SKU_016,132,-0.9051436242007929
SKU_016,133,-0.9007020888860371
SKU_016,134,-0.9492489022158254
SKU_016,135,-0.977342897793495
SKU_016,136,-0.9155303812664952
SKU_016,137,-0.8774322130869161
SKU_016,138,-0.8858947087391024
SKU_016,139,-0.8501336981323998
SKU_016,140,-0.8731575217214087
SKU_016,141,-0.8407084875431917
SKU_016,142,-0.91463438008531
SKU_016,143,-0.9123306712864703
SKU_016,144,-0.9604407907093812
SKU_016,145,-0.847033808911156
SKU_016,146,-0.8910778722375601
SKU_016,147,-0.9060951036673631
SKU_016,148,-0.778526960067977
SKU_016,149,-0.8809659382460334
SKU_016,150,-0.9252490171597273
SKU_016,151,-0.9351014941039357
SKU_016,152,-0.9108621483570588
SKU_016,153,-0.8928903970440991
SKU_016,154,-0.9022773532483587
SKU_016,155,-0.9123361549371455
SKU_016,156,-0.8742008769130488
SKU_016,157,-0.9828517690306741
SKU_016,158,-0.7400347891697122
SKU_016,159,-0.896510362484085
SKU_016,160,-0.8743380490360951
SKU_016,161,-0.8098147023574569
SKU_016,162,-0.9021102751900264
SKU_016,163,-0.8619673316637492
SKU_016,164,-0.8622648669225208
SKU_016,165,-0.8214963197497431
SKU_016,166,-0.8916566542741128
SKU_016,167,-0.8211009692792011
SKU_016,168,-0.8085406147364815
SKU_016,169,-0.9279414754328638
SKU_016,170,-0.901009335923212
SKU_016,171,-0.8906180080046837
SKU_016,172,-0.859787323587575
SKU_016,173,-0.8927618378197975
SKU_016,174,-0.9190140945906818
SKU_016,175,-0.8910959029551924
SKU_016,176,-0.8525433517020521
SKU_016,177,-0.8505853541111221
SKU_016,178,-0.861064208543658
SKU_016,179,-0.9341122506806674
SKU_016,180,-0.8706272045786752
SKU_016,181,-0.9596196371749568
SKU_016,182,-0.8771534832507357
SKU_016,183,-1.0094653933104407
SKU_016,184,-0.8668224834212546
SKU_016,185,-0.9622261328138116
SKU_016,186,-0.8988987796012265
SKU_016,187,-0.8146278259794068
SKU_016,188,-0.8477967997488742
SKU_016,189,-0.86608036213885
SKU_016,190,-0.8047730201836568
SKU_016,191,-0.8292787858872207
SKU_016,192,-0.8283164237681775
SKU_016,193,-0.9483833357624755
SKU_016,194,-0.846377334200256
SKU_016,195,-0.8285361653661271
SKU_016,196,-0.880774763128778
SKU_016,197,-0.9018657868350825
SKU_016,198,-0.8371591063674669
SKU_016,199,-0.8786491088824787
SKU_016,200,-0.848632066347408
SKU_016,201,-0.946701816857516
SKU_016,202,-0.8856080374977986
SKU_016,203,-0.8773185612839025
SKU_016,204,-0.8960536264776113
SKU_016,205,-0.9509410768880944
SKU_016,206,-0.880867934399896
SKU_016,207,-0.8319763610146652
SKU_016,208,-0.8716617120379149
SKU_016,209,-0.9578167595306765
SKU_016,210,-0.8530004195477316
SKU_016,211,-0.9241942480118263
SKU_016,212,-0.9636515118443642
SKU_016,213,-0.9470829890845504
SKU_016,214,-0.8377071097736968
SKU_016,215,-0.8917207639435054
SKU_016,216,-0.9270998806248855
SKU_016,217,-0.8759875310281129
SKU_016,218,-0.874729700676357
SKU_016,219,-0.8201528890899766
SKU_016,220,-0.9557335523309118
SKU_016,221,-0.88508314970367
SKU_016,222,-0.8698169646451998
SKU_016,223,-0.9190662224297349
SKU_016,224,-0.8566624615800041
SKU_016,225,-0.8535906031125241
SKU_016,226,-0.7773058452050478
SKU_016,227,-0.8816805947718782
SKU_016,228,-0.870437586416579
SKU_016,229,-0.9797234957619598
SKU_016,230,-0.8765730039012212
SKU_016,231,-0.9353336978568794
SKU_016,232,-0.9602085240152547
SKU_016,233,-1.0297857839522822
SKU_016,234,-0.9473324738429827
SKU_016,235,-0.7797184195845025
SKU_016,236,-0.8136321107981795
SKU_016,237,-0.8336340925245113
SKU_016,238,-0.8075460950887852
SKU_016,239,-0.8600618244536195
SKU_016,240,-0.8574072079618734
SKU_016,241,-0.9446173534777239
SKU_016,242,-0.8599600802011248
SKU_016,243,-0.8969584643605328
SKU_016,244,-0.9251481496544849
SKU_016,245,-0.869833102811898
SKU_016,246,-0.8285460045021309
SKU_016,247,-0.895765488351379
SKU_016,248,-0.9701229687051909
SKU_016,249,-0.8579222071642543
SKU_016,250,-0.9036856863158624
SKU_016,251,-0.8922458862507715
SKU_016,252,-0.8714655989892449
SKU_016,253,-0.8695746528923466
SKU_016,254,-0.7455110627867652
SKU_016,255,-0.9286159436303089
SKU_016,256,-0.949070170171544
SKU_016,257,-0.8286258800974986
SKU_016,258,-0.993466092238045
SKU_016,259,-0.8436572188914728
SKU_016,260,-0.841999036592193
SKU_016,261,-0.8357752370537211
SKU_016,262,-0.9400434913755444
SKU_016,263,-0.772962822705394
SKU_016,264,-0.837572179079297
SKU_016,265,-0.9548289223569147
SKU_016,266,-0.8612896118401858
SKU_016,267,-0.9779017403375496
SKU_016,268,-0.8402304521200512
SKU_016,269,-0.8903195605427217
SKU_016,270,-1.0029449715872525
SKU_016,271,-0.8813367058210813
SKU_016,272,-0.9205430198288048
SKU_016,273,-0.9106147158534046
SKU_016,274,-0.9469394448241278
SKU_016,275,-0.7751388700315576
SKU_016,276,-0.9049119392351966
SKU_016,277,-0.8289823652460911
SKU_016,278,-0.8934391947660268
SKU_016,279,-0.9618432215946686
SKU_016,280,-0.8987768127693478
SKU_016,281,-0.8966542915052709
SKU_016,282,-0.9099378147489341
SKU_016,283,-0.9003012697942623
SKU_016,284,-0.8836395613769035
SKU_016,285,-0.9479764477702083
SKU_016,286,-0.9423895913933582
SKU_016,287,-0.9190967298843865
SKU_016,288,-0.8940219056474663
SKU_016,289,-0.8223106678043126
SKU_016,290,-0.9433105982034587
SKU_016,291,-0.8818323445273649
SKU_016,292,-0.866338818756994
SKU_016,293,-0.9609947789152222
SKU_016,294,-0.7613019586177817
SKU_016,295,-0.9341127782640274
SKU_016,296,-0.8408662317270224
SKU_016,297,-0.7138847554167225
SKU_016,298,-0.8877363565881247
SKU_016,299,-1.0003984697440214
SKU_017,0,-2.1194109515892756
SKU_017,1,-1.9632968337643524
SKU_017,2,-1.9922157656372241
SKU_017,3,-1.9684892246860421
SKU_017,4,-2.0138862495652807
SKU_017,5,-1.9798194279989092
SKU_017,6,-2.0414408623007856
SKU_017,7,-1.9256218538836736
SKU_017,8,-2.0240739986369767
SKU_017,9,-2.08793032343638
SKU_017,10,-2.092234998786644
SKU_017,11,-1.9927900295579117
SKU_017,12,-2.039141564060402
SKU_017,13,-2.0281368272811697
SKU_017,14,-2.019276957397409
SKU_017,15,-2.052104451596584
SKU_017,16,-1.9102303734163009
SKU_017,17,-1.976249016035837
SKU_017,18,-2.122027386140606
SKU_017,19,-1.9906133408602316
SKU_017,20,-1.9059690953361896
SKU_017,21,-2.0272160593519866
SKU_017,22,-2.0087414828333734
SKU_017,23,-1.9557781140495536
SKU_017,24,-2.0268518873246593
SKU_017,25,-1.9928891296991844
SKU_017,26,-1.9643765791715726
SKU_017,27,-2.012452525572994
SKU_017,28,-1.9060701715619035
SKU_017,29,-1.9983116845602535
SKU_017,30,-2.001804425151501
SKU_017,31,-2.0932228448695267
SKU_017,32,-1.961469908816464
SKU_017,33,-2.0840841832954378
SKU_017,34,-2.017053663712028
SKU_017,35,-2.068617949948043
SKU_017,36,-1.9592332360795333
SKU_017,37,-2.0160015373050126
SKU_017,38,-1.951214984236491
SKU_017,39,-2.002644598658205
SKU_017,40,-2.0321448615001136
SKU_017,41,-2.0834767008682533
SKU_017,42,-2.065381404950724
SKU_017,43,-2.0220756987038566
SKU_017,44,-2.017040101702985
SKU_017,45,-1.958589256356527
SKU_017,46,-2.0183172759477546
SKU_017,47,-2.0598736908496194
SKU_017,48,-2.117755595395582
SKU_017,49,-2.013919145900745
SKU_017,50,-2.0431862907447202
SKU_017,51,-2.0377872395186287
SKU_017,52,-2.138133659668859
SKU_017,53,-2.092590374063991
SKU_017,54,-1.9676077322253593
SKU_017,55,-2.058613799331837
SKU_017,56,-2.0628664686512823
SKU_017,57,-2.0803644314222156
SKU_017,58,-2.003043163019445
SKU_017,59,-2.0298366909606096
SKU_017,60,-2.0106096958797894
SKU_017,61,-1.9458982021844506
SKU_017,62,-1.9769544847709686
SKU_017,63,-2.06265476851117
SKU_017,64,-1.9992167657679285
SKU_017,65,-2.04608991725132
SKU_017,66,-2.0491384545095754
SKU_017,67,-1.9983012986422621
SKU_017,68,-2.11870297500844
SKU_017,69,-2.0566858157770453
SKU_017,70,-2.0972858899461126
SKU_017,71,-2.0454623989600327
SKU_017,72,-2.020725064787027
SKU_017,73,-2.0689926782075645
SKU_017,74,-1.9507887430758213
SKU_017,75,-2.050780138563375
SKU_017,76,-2.0593581898247098
SKU_017,77,-2.074883307106228
SKU_017,78,-2.022678557723699
SKU_017,79,-2.1023077170647566
SKU_017,80,-1.992169780798717
SKU_017,81,-2.091272476334393
SKU_017,82,-2.0955850639404736
SKU_017,83,-2.0571594734806586
SKU_017,84,-2.1049766894245625
SKU_017,85,-2.1064485483730504
SKU_017,86,-1.9636153761687736
SKU_017,87,-1.9379961709479614
SKU_017,88,-2.079166491513782
SKU_017,89,-1.9612132267874214
SKU_017,90,-2.094498009365868
SKU_017,91,-2.02613855434271
SKU_017,92,-2.072714903735603
SKU_017,93,-2.0364987665345695
SKU_017,94,-2.0304700948248686
SKU_017,95,-1.977617010064529
SKU_017,96,-1.9255809477085137
SKU_017,97,-2.0647489813307978
SKU_017,98,-2.0405167126904113
SKU_017,99,-1.9816220825447515
SKU_017,100,-2.0291978387726277
SKU_017,101,-2.0344486106586093
SKU_017,102,-2.0468000167405886
SKU_017,103,-2.0086833616781026
SKU_017,104,-2.1018785142599787
SKU_017,105,-2.045857107464243
SKU_017,106,-2.067923848027668
SKU_017,107,-2.0008301432922697
SKU_017,108,-1.8998128988480887
SKU_017,109,-2.0930553606611926
SKU_017,110,-2.0046147586159124
SKU_017,111,-2.018816975554051
SKU_017,112,-2.0875160135507254
SKU_017,113,-2.082930964645157
SKU_017,114,-2.0118775635636936
SKU_017,115,-2.0463701937985017
SKU_017,116,-1.9522154020450257
SKU_017,117,-2.0623111461049812
SKU_017,118,-1.9456748323621444
SKU_017,119,-1.982669277902771
SKU_017,120,-2.016427994944173
SKU_017,121,-2.0161622868349354
SKU_017,122,-1.9955914779222066
SKU_017,123,-2.0198357205287
SKU_017,124,-2.0240246180381214
SKU_017,125,-1.9485964111860268
SKU_017,126,-2.019633246366693
SKU_017,127,-2.0347197683053806
SKU_017,128,-2.022304788185558
SKU_017,129,-2.0327327609475407
SKU_017,130,-2.002386865953297
SKU_017,131,-2.043025079486471
SKU_017,132,-2.0772607317687473
SKU_017,133,-2.005424087836506
SKU_017,134,-1.9858173217030886
SKU_017,135,-1.9755403869135517
SKU_017,136,-2.0355879008267617
SKU_017,137,-2.0818857012272014
SKU_017,138,-2.0256308052181926
SKU_017,139,-1.9486560576879028
SKU_017,140,-2.0252535431217735
SKU_017,141,-2.027972261165997
SKU_017,142,-2.0964430859090184
SKU_017,143,-2.0477555206454197
SKU_017,144,-1.85969716360695
SKU_017,145,-2.006586970677474
SKU_017,146,-2.0791761889961515
SKU_017,147,-2.0265436238526853
SKU_017,148,-2.0871685667491473
SKU_017,149,-2.073505810169621
SKU_017,150,-1.9915565338518488
SKU_017,151,-2.035252722008768
SKU_017,152,-2.015310065510023
SKU_017,153,-2.057219037162363
SKU_017,154,-2.027568629357893
SKU_017,155,-1.9598889156910375
SKU_017,156,-2.033538647416757
SKU_017,157,-2.014142220241895
SKU_017,158,-2.045579747563633
SKU_017,159,-2.0426215488580066
SKU_017,160,-2.0305863869033667
SKU_017,161,-2.0106540937848085
SKU_017,162,-2.048464727823084
SKU_017,163,-1.9601072169022937
SKU_017,164,-2.0708850180961655
SKU_017,165,-2.0839499112777267
SKU_017,166,-2.0108152987769294
SKU_017,167,-2.026225171534328
SKU_017,168,-2.0846625094434583
SKU_017,169,-2.0172383748153955
SKU_017,170,-2.04646548884194
SKU_017,171,-1.9938403033579144
SKU_017,172,-2.0650724660889153
SKU_017,173,-2.133535747746983
SKU_017,174,-2.001351979997611
SKU_017,175,-2.003998188309217
SKU_017,176,-2.009332290099125
SKU_017,177,-1.9588086503648912
SKU_017,178,-1.9665430764965177
SKU_017,179,-2.0613697765625485
SKU_017,180,-2.0166605265688418
SKU_017,181,-2.0454973049961116
SKU_017,182,-1.9213336271640087
SKU_017,183,-2.003951172021826
SKU_017,184,-2.1370616624588843
SKU_017,185,-2.0472980524177675
SKU_017,186,-2.009056469750095
SKU_017,187,-2.051991259561235
SKU_017,188,-1.9937153003818902
SKU_017,189,-1.9937061694249723
SKU_017,190,-1.93677496284473
SKU_017,191,-2.102390646441232
SKU_017,192,-2.0505076683265475
SKU_017,193,-1.938883026271786
SKU_017,194,-2.0408258478037866
SKU_017,195,-2.051353016819088
SKU_017,196,-2.0434612485113974
SKU_017,197,-2.0688390847101785
SKU_017,198,-2.091256096047155
SKU_017,199,-1.9832947823501865
SKU_017,200,-2.074652733443513
SKU_017,201,-1.8979537755668738
SKU_017,202,-2.022575973487667
SKU_017,203,-2.113796705702588
SKU_017,204,-1.9626544819075422
SKU_017,205,-2.039717641486087
SKU_017,206,-1.9525105748201868
SKU_017,207,-2.0856901269699906
SKU_017,208,-2.023994280431541
SKU_017,209,-2.0551157438704637
SKU_017,210,-2.0398519503529795
SKU_017,211,-2.093655155042381
SKU_017,212,-2.044495874122763
SKU_017,213,-2.031407383421971
SKU_017,214,-2.099819721995432
SKU_017,215,-1.856795838843999
SKU_017,216,-2.0749123234242455
SKU_017,217,-2.0423220316598933
SKU_017,218,-2.1431532531500683
SKU_017,219,-1.9547136679326393
SKU_017,220,-2.0829993838731884
SKU_017,221,-1.9678326266153212
SKU_017,222,-2.0908838319383656
SKU_017,223,-2.0543789573955573
SKU_017,224,-2.032450878187992
SKU_017,225,-2.0659010176570005
SKU_017,226,-2.0170565926228634
SKU_017,227,-2.024431804697275
SKU_017,228,-2.0446997684137855
SKU_017,229,-2.05021997320897
SKU_017,230,-1.9718714031099296
SKU_017,231,-2.0475671180671755
SKU_017,232,-1.9304460118553475
SKU_017,233,-2.0658975481540183
SKU_017,234,-2.012932791225191
SKU_017,235,-2.0422598623597485
SKU_017,236,-2.0219732581984444
SKU_017,237,-1.9422630541283774
SKU_017,238,-2.0223097058734414
SKU_017,239,-2.0359476651769812
SKU_017,240,-2.0415596250227575
SKU_017,241,-2.0416400283010883
SKU_017,242,-2.0264729394710295
SKU_017,243,-2.0828203426976497
SKU_017,244,-2.0379095334065815
SKU_017,245,-1.8200058414901943
SKU_017,246,-2.030223942554595
SKU_017,247,-2.0567753474192516
SKU_017,248,-2.009118088711419
SKU_017,249,-2.053488869921283
SKU_017,250,-1.9594726338457278
SKU_017,251,-2.111663403807335
SKU_017,252,-2.004926825458782
SKU_017,253,-2.054342387017805
SKU_017,254,-1.952562363048989
SKU_017,255,-1.941972282361816
SKU_017,256,-2.080353719738305
SKU_017,257,-1.9631389671570492
SKU_017,258,-2.1197582753462916
SKU_017,259,-2.0378777571861715
SKU_017,260,-2.1265967291789076
SKU_017,261,-1.9416588440781029
SKU_017,262,-2.018668973364974
SKU_017,263,-2.07282151534208
SKU_017,264,-1.9408840004799928
SKU_017,265,-1.9978006097620575
SKU_017,266,-2.03453198739348
SKU_017,267,-2.0375969186285254
SKU_017,268,-2.0988652305275797
SKU_017,269,-2.091148324615639
SKU_017,270,-2.00210797342527
SKU_017,271,-2.0948567828463998
SKU_017,272,-2.056948114876013
SKU_017,273,-1.9976701562485861
SKU_017,274,-1.9579791919118787
SKU_017,275,-1.9686950263878864
SKU_017,276,-2.1199906907833803
SKU_017,277,-1.9886988076162866
SKU_017,278,-1.997722206195158
SKU_017,279,-1.9624805811242783
SKU_017,280,-2.055215956004018
SKU_017,281,-1.9301284007151371
SKU_017,282,-1.9161242695507703
SKU_017,283,-2.02959675431448
SKU_017,284,-2.024206917480935
SKU_017,285,-2.071673244312421
SKU_017,286,-2.074494178380742
SKU_017,287,-2.040884421350544
SKU_017,288,-2.103739824439202
SKU_017,289,-1.9143010623915788
SKU_017,290,-2.008635791518171
SKU_017,291,-2.0536081110918896
SKU_017,292,-2.0666432490634064
SKU_017,293,-2.036961319302089
SKU_017,294,-2.1362566181494826
SKU_017,295,-2.0457338750906997
SKU_017,296,-2.08794531553832
SKU_017,297,-2.0157623644867875
SKU_017,298,-2.0778628872046516
SKU_017,299,-2.076921227173518
SKU_018,0,-2.0068850721247777
SKU_018,1,-1.9427629872910679
SKU_018,2,-1.9770722487133747
SKU_018,3,-2.002918268308988
SKU_018,4,-1.9947126732009717
SKU_018,5,-1.9802724256021083
SKU_018,6,-1.985515656210033
SKU_018,7,-1.9209883348307337
SKU_018,8,-1.989224976036732
SKU_018,9,-2.1066933446934226
SKU_018,10,-2.0889773210792306
SKU_018,11,-1.9934991686905685
SKU_018,12,-1.9958680715754218
SKU_018,13,-2.055170412145259
SKU_018,14,-2.032809588718989
SKU_018,15,-2.0454961453737974
SKU_018,16,-2.0222406256411283
SKU_018,17,-2.0043426641735618
SKU_018,18,-2.1250424663474545
SKU_018,19,-2.030676023649663
SKU_018,20,-1.9791819895850047
SKU_018,21,-2.045556815523278
SKU_018,22,-1.9999824846123644
SKU_018,23,-1.9453540989471012
SKU_018,24,-2.06269773782745
SKU_018,25,-2.003665938882441
SKU_018,26,-2.0111079271984487
SKU_018,27,-2.005947108390226
SKU_018,28,-1.9815901703314034
SKU_018,29,-1.9967872168745975
SKU_018,30,-1.9985497857368868
SKU_018,31,-2.0759135039810976
SKU_018,32,-1.9607423058867395
SKU_018,33,-2.036929029104347
SKU_018,34,-2.0315901539189194
SKU_018,35,-2.055470460695834
SKU_018,36,-1.9507984519086752
SKU_018,37,-2.098126773276453
SKU_018,38,-1.9548841485320207
SKU_018,39,-2.1556988987929953
SKU_018,40,-1.9743711187499065
SKU_018,41,-2.0961783804277085
SKU_018,42,-2.067504975571949
SKU_018,43,-2.033629533143254
SKU_018,44,-2.017192560339358
SKU_018,45,-1.989976342786557
SKU_018,46,-2.028300734614368
SKU_018,47,-2.0497030242327203
SKU_018,48,-2.1156393564874216
SKU_018,49,-1.9522406257030211
SKU_018,50,-2.022401812398151
SKU_018,51,-2.018792102434244
SKU_018,52,-2.137329083604111
SKU_018,53,-2.130350287491909
SKU_018,54,-1.9755861743736027
SKU_018,55,-2.0307134760614405
SKU_018,56,-2.1191862089286593
SKU_018,57,-2.0973585507095263
SKU_018,58,-2.0918036341718853
SKU_018,59,-2.018436303411254
SKU_018,60,-2.0061165646320305
SKU_018,61,-2.1219076059877575
SKU_018,62,-1.9376693067063395
SKU_018,63,-2.069223295388883
SKU_018,64,-1.9800388102886892
SKU_018,65,-2.0418523515411744
SKU_018,66,-2.058217611212546
SKU_018,67,-2.0076964200896104
SKU_018,68,-1.9282515501537294
SKU_018,69,-2.092917757340795
SKU_018,70,-2.011619550055711
SKU_018,71,-2.110037935885248
SKU_018,72,-1.9792666521444584
SKU_018,73,-2.0853017012569124
SKU_018,74,-1.9814993373619085
SKU_018,75,-2.0589654368435384
SKU_018,76,-2.0937801289146174
SKU_018,77,-2.0759256214906303
SKU_018,78,-2.0215448401512424
SKU_018,79,-2.036124857050361
SKU_018,80,-1.9960840020679986
SKU_018,81,-2.076181540790745
SKU_018,82,-2.1035655974595002
SKU_018,83,-2.0035701605783456
SKU_018,84,-2.111510190391272
SKU_018,85,-2.1512966207747257
SKU_018,86,-1.987237436011025
SKU_018,87,-1.9478158487636346
SKU_018,88,-2.075703180000576
SKU_018,89,-1.9744316198347496
SKU_018,90,-2.051499568912102
SKU_018,91,-2.0796338165452584
SKU_018,92,-2.0674697309946577
SKU_018,93,-1.9700002189546815
SKU_018,94,-1.997024882091639
SKU_018,95,-1.9813003357341654
SKU_018,96,-1.9373062802690526
SKU_018,97,-2.0887761190475347
SKU_018,98,-2.0219926096130005
SKU_018,99,-1.986907136824753
SKU_018,100,-2.0775555637921306
SKU_018,101,-2.0063564519674895
SKU_018,102,-2.0377203507849733
SKU_018,103,-2.011305990805004
SKU_018,104,-2.058199976188881
SKU_018,105,-2.038641218660479
SKU_018,106,-2.1512482521690806
SKU_018,107,-1.9928490479203746
SKU_018,108,-1.952191848090223
SKU_018,109,-2.0350096316933075
SKU_018,110,-2.017716065876413
SKU_018,111,-2.0178681678840715
SKU_018,112,-2.0902563064385906
SKU_018,113,-2.0379742121869597
SKU_018,114,-2.0098601486954277
SKU_018,115,-2.0461980566493083
SKU_018,116,-2.0052812443744688
SKU_018,117,-2.0732251316657235
SKU_018,118,-1.9324051819899695
SKU_018,119,-1.9120769519405143
SKU_018,120,-2.016873382537575
SKU_018,121,-2.02172793171595
SKU_018,122,-1.960538208582566
SKU_018,123,-1.9559270295241569
SKU_018,124,-1.9993689248530546
SKU_018,125,-1.9751506442781612
SKU_018,126,-2.036441162345004
SKU_018,127,-2.026361884342093
SKU_018,128,-2.0601310545739966
SKU_018,129,-2.023596072994023
SKU_018,130,-2.0191901699762616
SKU_018,131,-2.0416760261850597
SKU_018,132,-2.0902621839457716
SKU_018,133,-1.9881538251327382
SKU_018,134,-1.9409303712434103
SKU_018,135,-1.954956879697307
SKU_018,136,-1.9260054723081137
SKU_018,137,-2.079387241182765
SKU_018,138,-2.006818779219913
SKU_018,139,-2.0414294393406003
SKU_018,140,-2.0343336357151838
SKU_018,141,-2.0183124599237225
SKU_018,142,-2.102851814889872
SKU_018,143,-2.0261146391144504
SKU_018,144,-1.8928993880841631
SKU_018,145,-2.021669248039405
SKU_018,146,-2.110357992744092
SKU_018,147,-1.9842000271919684
SKU_018,148,-2.0286063247095774
SKU_018,149,-1.9881374549242083
SKU_018,150,-1.9918257501994647
SKU_018,151,-2.0330580482707226
SKU_018,152,-2.014571730784314
SKU_018,153,-2.0552305777593687
SKU_018,154,-1.9805089571853032
SKU_018,155,-1.956683414735835
SKU_018,156,-2.0999696196788857
SKU_018,157,-1.997051358395716
SKU_018,158,-1.9950127471841212
SKU_018,159,-2.035874741621701
SKU_018,160,-2.0308708350974225
SKU_018,161,-2.0101286115612065
SKU_018,162,-2.076785473650363
SKU_018,163,-1.9383464037313993
SKU_018,164,-2.073270217740977
SKU_018,165,-2.0654919798003744
SKU_018,166,-2.0462108090827296
SKU_018,167,-2.034651275202082
SKU_018,168,-2.093676236760781
SKU_018,169,-2.0567037481617656
SKU_018,170,-2.044371032434568
SKU_018,171,-2.013595161961378
SKU_018,172,-2.070811883684587
SKU_018,173,-2.043791750227352
SKU_018,174,-2.0853167847123344
SKU_018,175,-1.9870327556666936
SKU_018,176,-1.9956442877531315
SKU_018,177,-1.9716035370935787
SKU_018,178,-1.9700364473733811
SKU_018,179,-2.037949564937036
SKU_018,180,-2.060356636402092
SKU_018,181,-2.111925435204393
SKU_018,182,-2.0842660087723073
SKU_018,183,-1.9242247973244297
SKU_018,184,-2.1875883761520782
SKU_018,185,-2.058599626402425
SKU_018,186,-2.0296974401360424
SKU_018,187,-2.0010964297753744
SKU_018,188,-1.9937588255762575
SKU_018,189,-1.9481921153780457
SKU_018,190,-1.9380628504578121
SKU_018,191,-2.117189434814034
SKU_018,192,-2.0345981950473186
SKU_018,193,-1.9047231020879505
SKU_018,194,-2.0523710775264012
SKU_018,195,-2.095120507046507
SKU_018,196,-2.0466645836777
SKU_018,197,-2.0849325597711807
SKU_018,198,-2.0497546970419234
SKU_018,199,-1.973951782701299
SKU_018,200,-2.0660571268283374
SKU_018,201,-1.9228772569852175
SKU_018,202,-2.039295234097953
SKU_018,203,-2.0848363786779323
SKU_018,204,-1.9300294886629077
SKU_018,205,-2.0570030080718986
SKU_018,206,-1.9760685200748074
SKU_018,207,-2.0413489701464242
SKU_018,208,-2.0439702422228767
SKU_018,209,-2.0567379590745456
SKU_018,210,-1.9824073642242863
SKU_018,211,-2.08827492296839
SKU_018,212,-1.9979210487058252
SKU_018,213,-2.0396655703174305
SKU_018,214,-2.0949745252770047
SKU_018,215,-2.0643951972123284
SKU_018,216,-2.0730147803866124
SKU_018,217,-2.0659436213326887
SKU_018,218,-2.095667095784079
SKU_018,219,-1.9785232566762347
SKU_018,220,-2.08830765106103
SKU_018,221,-1.9679597165777825
SKU_018,222,-2.08126220533591
SKU_018,223,-2.0452113610785694
SKU_018,224,-2.087048464331923
SKU_018,225,-1.9774874265699625
SKU_018,226,-2.0195523985298602
SKU_018,227,-2.0230906809402938
SKU_018,228,-2.0595838778188833
SKU_018,229,-1.964895802612243
SKU_018,230,-1.9755266361197856
SKU_018,231,-2.0205474431591766
SKU_018,232,-2.0541951573552537
SKU_018,233,-1.9430578431322292
SKU_018,234,-1.9984342481173443
SKU_018,235,-2.0434977925862734
SKU_018,236,-2.0208282579724153
SKU_018,237,-1.9627400677097855
SKU_018,238,-1.999400970439316
SKU_018,239,-2.0322489908089367
SKU_018,240,-2.0145279741454325
SKU_018,241,-2.0681004989386524
SKU_018,242,-2.021463071745895
SKU_018,243,-2.0766643611285818
SKU_018,244,-2.0457048349902904
SKU_018,245,-1.784681051062867
SKU_018,246,-2.02121117073564
SKU_018,247,-2.030408281138203
SKU_018,248,-1.9848939775574643
SKU_018,249,-2.0587123368760705
SKU_018,250,-2.005611317308521
SKU_018,251,-2.1076479951007387
SKU_018,252,-2.008109673577415
SKU_018,253,-2.0330858634790356
SKU_018,254,-1.9515707024764104
SKU_018,255,-1.9327889239610208
SKU_018,256,-2.0790084598014262
SKU_018,257,-1.9560974272374678
SKU_018,258,-2.0219213177382986
SKU_018,259,-2.0332818467041287
SKU_018,260,-2.0867106114755383
SKU_018,261,-2.0539714024786466
SKU_018,262,-2.1054311235566554
SKU_018,263,-2.016444403394108
SKU_018,264,-1.9544249862014107
SKU_018,265,-1.9960354229625326
SKU_018,266,-2.1332950351430995
SKU_018,267,-1.9868558755978105
SKU_018,268,-2.0891582640721422
SKU_018,269,-2.1134541943361222
SKU_018,270,-1.9788908409233974
SKU_018,271,-2.0881586132972543
SKU_018,272,-2.077862167311042
SKU_018,273,-1.945451522516998
SKU_018,274,-1.9669330808806798
SKU_018,275,-1.9812286893957838
SKU_018,276,-2.1152887163530294
SKU_018,277,-1.9846435005795235
SKU_018,278,-1.99823286786134
SKU_018,279,-2.0300772323655507
SKU_018,280,-2.0417415371092895
SKU_018,281,-1.9330948154687875
SKU_018,282,-2.1294139148142683
SKU_018,283,-2.03684065930328
SKU_018,284,-2.0230908062784825
SKU_018,285,-2.0699455367870416
SKU_018,286,-2.0027314263325584
SKU_018,287,-2.034548905706437
SKU_018,288,-2.114431106241646
SKU_018,289,-1.9312025929376222
SKU_018,290,-2.0712132937055263
SKU_018,291,-2.0718643610215204
SKU_018,292,-2.0565320784767414
SKU_018,293,-2.0517731942470414
SKU_018,294,-2.0175188630398315
SKU_018,295,-2.0668228785329283
SKU_018,296,-2.099293452625599
SKU_018,297,-2.038961682343771
SKU_018,298,-2.056808787077856
SKU_018,299,-2.0953546714072355
SKU_019,0,-0.977811235048454
SKU_019,1,-0.9439145103700993
SKU_019,2,-0.8521810781652427
SKU_019,3,-0.8902894170950411
SKU_019,4,-0.9254512270957178
SKU_019,5,-0.8745440838607457
SKU_019,6,-0.9756351248460325
SKU_019,7,-0.8246514800770113
SKU_019,8,-0.8478101743081932
SKU_019,9,-0.839619465645146
SKU_019,10,-0.9373339369916494
SKU_019,11,-0.8513141703755992
SKU_019,12,-0.881102385875176
SKU_019,13,-0.9047271743836759
SKU_019,14,-0.9119703699315822
SKU_019,15,-0.8849777714601806
SKU_019,16,-0.821979999661229
SKU_019,17,-0.8666028074292134
SKU_019,18,-0.9547914592619806
SKU_019,19,-0.8169476924880326
SKU_019,20,-0.8714944535969023
SKU_019,21,-0.889236596421404
SKU_019,22,-0.8632936614113434
SKU_019,23,-0.841207979475726
SKU_019,24,-0.8982781658932727
SKU_019,25,-0.8405769891861594
SKU_019,26,-0.8748856964073601
SKU_019,27,-0.9246512093750147
SKU_019,28,-1.0162420703900226
SKU_019,29,-0.951614655676378
SKU_019,30,-0.8026475601277963
SKU_019,31,-0.9055484979720303
SKU_019,32,-0.7822724826680657
SKU_019,33,-0.9175838778583566
SKU_019,34,-0.8181714230840459
SKU_019,35,-0.8220987752450422
SKU_019,36,-0.8669081614260439
SKU_019,37,-0.8384868660260199
SKU_019,38,-0.9312518305330408
SKU_019,39,-0.7377319754905275
SKU_019,40,-0.9718024075165715
SKU_019,41,-0.891709950390477
SKU_019,42,-0.8391302800000988
SKU_019,43,-0.8220411674225833
SKU_019,44,-0.8286563666135699
SKU_019,45,-0.8581805615841016
SKU_019,46,-0.8658107259443333
SKU_019,47,-0.9299812703476361
SKU_019,48,-0.8808784765416163
SKU_019,49,-0.974523351777101
SKU_019,50,-0.9595182423811573
SKU_019,51,-0.7294634367848765
SKU_019,52,-0.863594885479361
SKU_019,53,-0.8851146919983751
SKU_019,54,-0.8419063044188357
SKU_019,55,-0.9000238196504682
SKU_019,56,-0.9729475603114837
SKU_019,57,-0.8404998188336361
SKU_019,58,-0.9320352343790743
SKU_019,59,-0.8929414807391994
SKU_019,60,-0.9711789871575816
SKU_019,61,-0.8208701401188245
SKU_019,62,-0.939102049771193
SKU_019,63,-0.940784902835807
SKU_019,64,-0.816062080236406
SKU_019,65,-0.8474100124714172
SKU_019,66,-0.877808166835223
SKU_019,67,-0.9529898721068197
SKU_019,68,-0.9942326531836094
SKU_019,69,-0.8698382546778991
SKU_019,70,-0.7713827534383689
SKU_019,71,-0.7774538282892451
SKU_019,72,-0.8807680989329465
SKU_019,73,-0.9695850446607847
SKU_019,74,-0.9556078237344491
SKU_019,75,-0.7692539579181924
SKU_019,76,-0.7882127716705459
SKU_019,77,-0.9166896178268747
SKU_019,78,-0.8052171907724441
SKU_019,79,-0.8217876272614871
SKU_019,80,-0.8278457532125694
SKU_019,81,-0.8513333458012361
SKU_019,82,-0.8439609031674047
SKU_019,83,-1.0299845404634032
SKU_019,84,-0.9244645369377726
SKU_019,85,-0.8670253396663021
SKU_019,86,-0.8406489744067682
SKU_019,87,-0.9113946180090204
SKU_019,88,-0.9016712512186645
SKU_019,89,-0.8698780881979906
SKU_019,90,-0.8609567007426361
SKU_019,91,-0.9081020247417358
SKU_019,92,-0.9213384602751173
SKU_019,93,-0.8323216447882545
SKU_019,94,-0.9549559440023188
SKU_019,95,-0.7889367157650419
SKU_019,96,-0.9425888345082701
SKU_019,97,-0.7853508281152247
SKU_019,98,-0.847082643818791
SKU_019,99,-0.9692565215019032
SKU_019,100,-0.9204771667924064
SKU_019,101,-0.9534480072139353
SKU_019,102,-0.8807872112750289
SKU_019,103,-0.8402082659573855
SKU_019,104,-1.033156017877913
SKU_019,105,-0.8731559133838677
SKU_019,106,-0.8360747887677664
SKU_019,107,-0.893405147853163
SKU_019,108,-1.028905369296514
SKU_019,109,-0.8269840245616485
SKU_019,110,-0.9020141024659506
SKU_019,111,-0.826623227272341
SKU_019,112,-0.9064369797684816
SKU_019,113,-0.7687930592431849
SKU_019,114,-0.9014134864853337
SKU_019,115,-0.9064569303922088
SKU_019,116,-0.9535166454704794
SKU_019,117,-0.8769207100649695
SKU_019,118,-0.9280805683636648
SKU_019,119,-1.0578324121305003
SKU_019,120,-0.8999669636568275
SKU_019,121,-0.8181040110073817
SKU_019,122,-0.9344014463054892
SKU_019,123,-0.9874445100860458
SKU_019,124,-0.8936652500472777
SKU_019,125,-0.7804623791151606
SKU_019,126,-0.9100374768227829
SKU_019,127,-0.8918818191999788
SKU_019,128,-0.8177091306929123
SKU_019,129,-0.9410490623938593
SKU_019,130,-0.9723984011362539
SKU_019,131,-0.85351020423715
SKU_019,132,-0.8133057990725044
SKU_019,133,-0.9248464605458316
SKU_019,134,-0.9134649515487708
SKU_019,135,-0.9831657305987588
SKU_019,136,-0.9593202341693966
SKU_019,137,-0.8713607871791115
SKU_019,138,-0.880725939477387
SKU_019,139,-0.8541837897596987
SKU_019,140,-0.8638760498131589
SKU_019,141,-0.8655886732132052
SKU_019,142,-0.9160541579253982
SKU_019,143,-0.9182254995384934
SKU_019,144,-0.9915005260164451
SKU_019,145,-0.8454544970378458
SKU_019,146,-0.8198761296498447
SKU_019,147,-0.9767974090587143
SKU_019,148,-0.7561526623316605
SKU_019,149,-0.9243383086953458
SKU_019,150,-0.9157777741904811
SKU_019,151,-0.9235854671038238
SKU_019,152,-0.8892628084078863
SKU_019,153,-0.9042003522823628
SKU_019,154,-0.9388182714076936
SKU_019,155,-0.91210259007651
SKU_019,156,-0.8488242762257915
SKU_019,157,-0.952502185086486
SKU_019,158,-0.761453031813738
SKU_019,159,-0.8836130555320698
SKU_019,160,-0.8715198672083284
SKU_019,161,-0.8095293655466852
SKU_019,162,-1.0006159622603907
SKU_019,163,-0.8497142610004675
SKU_019,164,-0.8626201565587952
SKU_019,165,-0.8367561735439528
SKU_019,166,-0.9214320307840681
SKU_019,167,-0.9033118315768246
SKU_019,168,-0.8723785342884274
SKU_019,169,-0.9470408133367025
SKU_019,170,-0.904377169192594
SKU_019,171,-0.863557432376143
SKU_019,172,-0.8540945947345071
SKU_019,173,-0.9098756888658558
SKU_019,174,-0.8557003792473094
SKU_019,175,-0.8645352756261525
SKU_019,176,-0.8715955739795642
SKU_019,177,-0.8686636045415274
SKU_019,178,-0.8469753264410044
SKU_019,179,-0.9299828586327091
SKU_019,180,-0.8440614712338042
SKU_019,181,-0.9479717085377598
SKU_019,182,-0.7975468542938865
SKU_019,183,-1.0104089509517795
SKU_019,184,-0.9667539594335023
SKU_019,185,-0.979127337503664
SKU_019,186,-0.8895233804053069
SKU_019,187,-0.9384574918985874
SKU_019,188,-0.8382351148418536
SKU_019,189,-0.8693632021713164
SKU_019,190,-0.7563708881326997
SKU_019,191,-0.8338840172086673
SKU_019,192,-0.8219371301529192
SKU_019,193,-0.9305554095255665
SKU_019,194,-0.8534207300732423
SKU_019,195,-0.8626347660553266
SKU_019,196,-0.8759262515487075
SKU_019,197,-0.911766909294668
SKU_019,198,-0.9082386100253981
SKU_019,199,-0.874144699759379
SKU_019,200,-0.8743354019026989
SKU_019,201,-1.0114968754380171
SKU_019,202,-0.9321641043329326
SKU_019,203,-0.9133896696161066
SKU_019,204,-0.8936636009365437
SKU_019,205,-0.9722309301370402
SKU_019,206,-0.8734473677786753
SKU_019,207,-0.837789544533554
SKU_019,208,-0.8230804840831705
SKU_019,209,-0.8880269929845903
SKU_019,210,-0.8389024238020801
SKU_019,211,-0.9393911647265446
SKU_019,212,-0.9967594887373152
SKU_019,213,-0.9487935038401273
SKU_019,214,-0.8363227017877791
SKU_019,215,-0.8327679725651173
SKU_019,216,-0.9307232690755787
SKU_019,217,-0.8579556813486938
SKU_019,218,-0.9882180585710294
SKU_019,219,-0.8388134378116936
SKU_019,220,-0.9568145461469848
SKU_019,221,-0.8878572755682719
SKU_019,222,-0.9016580361610845
SKU_019,223,-0.9297656687921707
SKU_019,224,-0.8871979788579735
SKU_019,225,-0.9386490329162861
SKU_019,226,-0.7798867837301208
SKU_019,227,-0.8802723157911013
SKU_019,228,-0.8691710989299191
SKU_019,229,-0.8781595339096748
SKU_019,230,-0.8759642409066968
SKU_019,231,-1.0112889454931366
SKU_019,232,-0.9694699569113755
SKU_019,233,-0.974710825983622
SKU_019,234,-0.9406635471323141
SKU_019,235,-0.7644051460484664
SKU_019,236,-0.8099791225972783
SKU_019,237,-0.8313776928251264
SKU_019,238,-0.8915197534511979
SKU_019,239,-0.8611223107604838
SKU_019,240,-0.8306863848330626
SKU_019,241,-0.9354221558115808
SKU_019,242,-0.8599558709398912
SKU_019,243,-0.8979669437795996
SKU_019,244,-0.9091756869539577
SKU_019,245,-0.9521908551040217
SKU_019,246,-0.8271062822464087
SKU_019,247,-0.8396178698693272
SKU_019,248,-0.9894816782017859
SKU_019,249,-0.871846299483039
SKU_019,250,-0.8944390063466635
SKU_019,251,-0.883612486067121
SKU_019,252,-0.9191667597009712
SKU_019,253,-0.887734335016877
SKU_019,254,-0.7902619093176206
SKU_019,255,-0.8721135498517051
SKU_019,256,-0.9239576891290355
SKU_019,257,-0.8151141867618331
SKU_019,258,-0.9904219082537178
SKU_019,259,-0.8265141042482799
SKU_019,260,-0.982147704202298
SKU_019,261,-0.7954533708419609
SKU_019,262,-0.9133928298601649
SKU_019,263,-0.9143350492819421
SKU_019,264,-0.9648601519420713
SKU_019,265,-0.9422219338258778
SKU_019,266,-0.7273578158428051
SKU_019,267,-0.8562010955159237
SKU_019,268,-0.8297967331157815
SKU_019,269,-0.8938644104688136
SKU_019,270,-0.9500094842999864
SKU_019,271,-0.9562804185380707
SKU_019,272,-0.9012363684986922
SKU_019,273,-0.9079889018228077
SKU_019,274,-0.9272456132118959
SKU_019,275,-0.8526269067471625
SKU_019,276,-0.9162299403952571
SKU_019,277,-0.8218945275421616
SKU_019,278,-0.9045870456973603
SKU_019,279,-0.9558968225232364
SKU_019,280,-0.8887310679000106
SKU_019,281,-0.9099645948950319
SKU_019,282,-1.0262718929889811
SKU_019,283,-0.889811656991612
SKU_019,284,-0.8847195798582069
SKU_019,285,-0.9521117438291858
SKU_019,286,-0.8983065537064429
SKU_019,287,-0.9210297903035717
SKU_019,288,-0.879448314318398
SKU_019,289,-0.8436094005406137
SKU_019,290,-1.0101438513750483
SKU_019,291,-0.8973458040145453
SKU_019,292,-0.867214369535017
SKU_019,293,-0.9607176542557649
SKU_019,294,-0.8112028383077596
SKU_019,295,-0.9317827847454478
SKU_019,296,-0.8405749365971531
SKU_019,297,-0.7830181577576931
SKU_019,298,-0.8675943616591869
SKU_019,299,-0.9897260748514212
SKU_020,0,-0.868588895067803
SKU_020,1,-0.9066190305824954
SKU_020,2,-0.8018298277096956
SKU_020,3,-0.851809300731407
SKU_020,4,-0.8820564001932267
SKU_020,5,-0.8779090756147396
SKU_020,6,-0.8218779677047374
SKU_020,7,-0.8571068898528846
SKU_020,8,-0.8870696088345156
SKU_020,9,-0.8635002289122055
SKU_020,10,-0.9259338899798186
SKU_020,11,-0.8509102061684143
SKU_020,12,-0.8587508047009601
SKU_020,13,-0.8783736532587282
SKU_020,14,-0.9182760854320122
SKU_020,15,-0.9014916482587622
SKU_020,16,-0.8801531143108713
SKU_020,17,-0.8110752730896462
SKU_020,18,-0.9454399532636135
SKU_020,19,-0.8063705941749065
SKU_020,20,-0.8629398607843181
SKU_020,21,-0.928417460771395
SKU_020,22,-0.8529913230799194
SKU_020,23,-0.8532609737525184
SKU_020,24,-0.947139846644175
SKU_020,25,-0.8541885994945739
SKU_020,26,-0.8422624724687572
SKU_020,27,-0.9014454963094941
SKU_020,28,-0.9447219047773712
SKU_020,29,-0.9580913143310018
SKU_020,30,-0.8101203957827575
SKU_020,31,-0.9183137988460268
SKU_020,32,-0.7847357594980372
SKU_020,33,-0.8767906850899038
SKU_020,34,-0.8386721574508875
SKU_020,35,-0.8285502734095449
SKU_020,36,-0.8734959436136082
SKU_020,37,-0.878809943917902
SKU_020,38,-0.9427181413325726
SKU_020,39,-0.8057609177557504
SKU_020,40,-0.9921856132563535
SKU_020,41,-0.9138088259244055
SKU_020,42,-0.8364395764115241
SKU_020,43,-0.8053967543239985
SKU_020,44,-0.8214041448717554
SKU_020,45,-0.8648645684793903
SKU_020,46,-0.8910292570076244
SKU_020,47,-0.8398469059549302
SKU_020,48,-0.9232469672811425
SKU_020,49,-0.8490465843650161
SKU_020,50,-0.9358547716150138
SKU_020,51,-0.7281116323179063
SKU_020,52,-0.865300657271288
SKU_020,53,-0.849400906102931
SKU_020,54,-0.8396239455005629
SKU_020,55,-0.9265723495913589
SKU_020,56,-0.8722774913479302
SKU_020,57,-0.8391509994537047
SKU_020,58,-0.9450198290250731
SKU_020,59,-0.8848637285417058
SKU_020,60,-0.9661557441199726
SKU_020,61,-0.7136890092425103
SKU_020,62,-0.9210485126052814
SKU_020,63,-0.9462235918225007
SKU_020,64,-0.9421324883522562
SKU_020,65,-0.8234394238937129
SKU_020,66,-0.8804599588685207
SKU_020,67,-0.961717956813546
SKU_020,68,-0.9871988544792413
SKU_020,69,-0.8609379945798864
SKU_020,70,-0.8064822493734638
SKU_020,71,-0.9165850674806391
SKU_020,72,-0.842127160849154
SKU_020,73,-0.9507765089947948
SKU_020,74,-0.8374097228807804
SKU_020,75,-0.762923220711497
SKU_020,76,-0.7864595324527701
SKU_020,77,-0.9203257805244875
SKU_020,78,-0.8631303321223129
SKU_020,79,-0.9149548508469326
SKU_020,80,-0.841650524864238
SKU_020,81,-0.8700570721827184
SKU_020,82,-0.8410845699548583
SKU_020,83,-0.8478898191977539
SKU_020,84,-0.9189216863259748
SKU_020,85,-0.8616626391386578
SKU_020,86,-0.8405645863498193
SKU_020,87,-0.8805707843133024
SKU_020,88,-0.8746236292810275
SKU_020,89,-0.854379323698891
SKU_020,90,-0.8916463979192918
SKU_020,91,-0.7961530619026406
SKU_020,92,-0.9072602957371411
SKU_020,93,-0.8288683160861369
SKU_020,94,-0.8433945595298235
SKU_020,95,-0.8039473570748547
SKU_020,96,-0.8363918081941322
SKU_020,97,-0.8044306113040042
SKU_020,98,-0.858349316264553
SKU_020,99,-0.9732037911859863
SKU_020,100,-0.9347438894505161
SKU_020,101,-0.9683451726251725
SKU_020,102,-0.8806960895492341
SKU_020,103,-0.8299695029200889
SKU_020,104,-0.976772098968153
SKU_020,105,-0.9354467105880114
SKU_020,106,-0.8247856985756148
SKU_020,107,-0.89378640949418
SKU_020,108,-1.000661241404456
SKU_020,109,-0.7533342880227664
SKU_020,110,-0.8835419923663138
SKU_020,111,-0.8276432811765165
SKU_020,112,-0.9068722885416554
SKU_020,113,-0.7830905086276871
SKU_020,114,-0.8991224058338037
SKU_020,115,-0.9073170304593822
SKU_020,116,-0.8822379249568344
SKU_020,117,-0.8800073250473308
SKU_020,118,-0.9869630911854976
SKU_020,119,-0.8885376081979872
SKU_020,120,-0.8996396522624115
SKU_020,121,-0.8098018966812056
SKU_020,122,-0.9369700134210919
SKU_020,123,-0.9495192205746745
SKU_020,124,-0.9287212974929163
SKU_020,125,-0.8276003778990295
SKU_020,126,-0.8766348197514824
SKU_020,127,-0.8798377824656244
SKU_020,128,-0.8932422944203542
SKU_020,129,-0.88837309978916
SKU_020,130,-0.9230725107990303
SKU_020,131,-0.8533026882840233
SKU_020,132,-0.738776825463964
SKU_020,133,-0.9033644184125307
SKU_020,134,-0.9973215171871195
SKU_020,135,-0.9699759158022595
SKU_020,136,-0.9725728208728328
SKU_020,137,-0.8688652956890424
SKU_020,138,-0.9537919775588641
SKU_020,139,-0.8122522407080228
SKU_020,140,-0.8798111755433509
SKU_020,141,-0.852003645685149
SKU_020,142,-0.9135387194132077
SKU_020,143,-0.9376513306062462
SKU_020,144,-0.8142012658080509
SKU_020,145,-0.8423986973159382
SKU_020,146,-0.8921054957219099
SKU_020,147,-0.8803609394651498
SKU_020,148,-0.7494199034583365
SKU_020,149,-0.9309399399253501
SKU_020,150,-0.9299896284347874
SKU_020,151,-0.9384030026112611
SKU_020,152,-0.9112932095168337
SKU_020,153,-0.8993126108811244
SKU_020,154,-0.8306204011311135
SKU_020,155,-0.9301439478270027
SKU_020,156,-0.8152651548386946
SKU_020,157,-0.9598243649295886
SKU_020,158,-0.740514997653843
SKU_020,159,-0.8839713816281096
SKU_020,160,-0.8690207243783744
SKU_020,161,-0.80987120166439
SKU_020,162,-0.9382012398567053
SKU_020,163,-0.8567084620426136
SKU_020,164,-0.8568577658795503
SKU_020,165,-0.7939291900467205
SKU_020,166,-0.8404513536463403
SKU_020,167,-0.9366749844162732
SKU_020,168,-0.8382034960427861
SKU_020,169,-0.9258275805392691
SKU_020,170,-0.9018199257615287
SKU_020,171,-0.8782156010407903
SKU_020,172,-0.8566916204152615
SKU_020,173,-0.8713522862006793
SKU_020,174,-0.837592015551618
SKU_020,175,-0.8589844505856464
SKU_020,176,-0.8580906523999864
SKU_020,177,-0.8302583334128841
SKU_020,178,-0.8415885756943841
SKU_020,179,-0.9394786159395037
SKU_020,180,-0.8293924273317421
SKU_020,181,-0.9528972402236636
SKU_020,182,-0.8802431989566565
SKU_020,183,-0.9162704041205108
SKU_020,184,-0.872272789021598
SKU_020,185,-0.8963654184398973
SKU_020,186,-0.8927693558224521
SKU_020,187,-0.9158211544439143
SKU_020,188,-0.8488887917940959
SKU_020,189,-0.9281579242197423
SKU_020,190,-0.8173862787939574
SKU_020,191,-0.8406089040418153
SKU_020,192,-0.8199039703102218
SKU_020,193,-0.9976207291241749
SKU_020,194,-0.8432513815080587
SKU_020,195,-0.8727451927451924
SKU_020,196,-0.8870014136988121
SKU_020,197,-0.9136903686671288
SKU_020,198,-0.8335515889298006
SKU_020,199,-0.876032912729071
SKU_020,200,-0.8592667924329437
SKU_020,201,-0.8221784376934185
SKU_020,202,-0.8971714303076048
SKU_020,203,-0.8869072928323753
SKU_020,204,-0.9057878000133257
SKU_020,205,-0.9660462330724131
SKU_020,206,-0.9211133553095309
SKU_020,207,-0.8718022657412123
SKU_020,208,-0.842212486779348
SKU_020,209,-0.8478858172721306
SKU_020,210,-0.8591319294651675
SKU_020,211,-0.9640502093386579
SKU_020,212,-0.8731169485061125
SKU_020,213,-0.9424982432186841
SKU_020,214,-0.8232587379821674
SKU_020,215,-0.8437720190041563
SKU_020,216,-0.9097923303120062
SKU_020,217,-0.821634687683832
SKU_020,218,-0.8074040390073236
SKU_020,219,-0.8749840302715836
SKU_020,220,-0.9525078015345125
SKU_020,221,-0.8868362260773037
SKU_020,222,-0.8819445908639576
SKU_020,223,-0.9133292619285694
SKU_020,224,-0.874368744804582
SKU_020,225,-0.8585069464596035
SKU_020,226,-0.7773205267509441
SKU_020,227,-0.8829917107901862
SKU_020,228,-0.8592979901600538
SKU_020,229,-0.7915605405720769
SKU_020,230,-0.87738833187062
SKU_020,231,-0.8788154924974336
SKU_020,232,-0.9067459438841019
SKU_020,233,-0.9024773741129372
SKU_020,234,-0.9679511804142137
SKU_020,235,-0.7033138205629409
SKU_020,236,-0.8037263792885249
SKU_020,237,-0.8388914729236122
SKU_020,238,-0.8805363203404926
SKU_020,239,-0.8607615155401818
SKU_020,240,-0.832799330754086
SKU_020,241,-0.9045102951118877
SKU_020,242,-0.8655531809917683
SKU_020,243,-0.9004964986994504
SKU_020,244,-0.8569224669369916
SKU_020,245,-0.8883533391311054
SKU_020,246,-0.8046007891949997
SKU_020,247,-0.8119907750444249
SKU_020,248,-0.9195939908596924
SKU_020,249,-0.8878639070884714
SKU_020,250,-0.9068572470451328
SKU_020,251,-0.8856409027723121
SKU_020,252,-0.8257656014963853
SKU_020,253,-0.9248321917842937
SKU_020,254,-0.7741051613131009
SKU_020,255,-0.7721252770239687
SKU_020,256,-0.93542556373375
SKU_020,257,-0.8246496484815973
SKU_020,258,-0.9383192676469044
SKU_020,259,-0.8222165124236633
SKU_020,260,-0.9593630663802728
SKU_020,261,-0.8224145078099162
SKU_020,262,-0.8336371780257422
SKU_020,263,-0.8256459064391015
SKU_020,264,-0.7869060413218703
SKU_020,265,-0.932991358472482
SKU_020,266,-0.6638455321390494
SKU_020,267,-0.8577382940621129
SKU_020,268,-0.8506547275323146
SKU_020,269,-0.8767891446921696
SKU_020,270,-0.9345745967673615
SKU_020,271,-0.92695261625628
SKU_020,272,-0.9051591574952191
SKU_020,273,-0.7592874839308595
SKU_020,274,-0.8955822718688874
SKU_020,275,-0.7790625596351348
SKU_020,276,-0.9179173969536836
SKU_020,277,-0.8272424837314566
SKU_020,278,-0.8987578290390905
SKU_020,279,-0.9080472967215183
SKU_020,280,-0.8925003573995001
SKU_020,281,-0.9246817888230676
SKU_020,282,-0.9490554092238734
SKU_020,283,-0.8917823880260161
SKU_020,284,-0.904542652991692
SKU_020,285,-0.9561253316029341
SKU_020,286,-0.8802175520311795
SKU_020,287,-0.9191615246988314
SKU_020,288,-0.8849034348048057
SKU_020,289,-0.8328937688961927
SKU_020,290,-0.7898946970125441
SKU_020,291,-0.8787863064810508
SKU_020,292,-0.8716618428003732
SKU_020,293,-0.9557044209992238
SKU_020,294,-0.8405578140168979
SKU_020,295,-0.9630433607858949
SKU_020,296,-0.8498826143705711
SKU_020,297,-0.7932665533859864
SKU_020,298,-0.8391225423515021
SKU_020,299,-0.9950489744620172
SKU_021,0,-1.1626808714973837
SKU_021,1,-1.2344726342887238
SKU_021,2,-1.20532757924427
SKU_021,3,-1.2641848902054653
SKU_021,4,-1.1453772633865489
SKU_021,5,-1.3159992837265446
SKU_021,6,-1.211079170643078
SKU_021,7,-1.2136931928936179
SKU_021,8,-1.2196057026046954
SKU_021,9,-1.1900902814826904
SKU_021,10,-1.2411942312305053
SKU_021,11,-1.2682490472259176
SKU_021,12,-1.262350369739949
SKU_021,13,-1.2668652914539407
SKU_021,14,-1.2881170066807124
SKU_021,15,-1.2630316850894325
SKU_021,16,-1.2719328980984772
SKU_021,17,-1.154347565448428
SKU_021,18,-1.1570182652009902
SKU_021,19,-1.1356083514556459
SKU_021,20,-1.2617448855795124
SKU_021,21,-1.2675769073631795
SKU_021,22,-1.2385333495474105
SKU_021,23,-1.2963862848862653
SKU_021,24,-1.2940218496494063
SKU_021,25,-1.2116638209279587
SKU_021,26,-1.2623670383962697
SKU_021,27,-1.1854539829795754
SKU_021,28,-1.2961625208506848
SKU_021,29,-1.3018252690330845
SKU_021,30,-1.2100238764291613
SKU_021,31,-1.2039875162316303
SKU_021,32,-1.2417396960892833
SKU_021,33,-1.2833205685791318
SKU_021,34,-1.1793670554132538
SKU_021,35,-1.34409272633369
SKU_021,36,-1.3128355855836604
SKU_021,37,-1.2943596340284973
SKU_021,38,-1.3044945190252084
SKU_021,39,-1.1266590577527504
SKU_021,40,-1.2636848628199322
SKU_021,41,-1.2980204466628478
SKU_021,42,-1.2852616955334975
SKU_021,43,-1.1933400132173901
SKU_021,44,-1.169218134582473
SKU_021,45,-1.236086698020773
SKU_021,46,-1.3146180352387782
SKU_021,47,-1.2648560065938437
SKU_021,48,-1.2544245257376117
SKU_021,49,-1.1342002779346685
SKU_021,50,-1.209811662596245
SKU_021,51,-1.230905885762827
SKU_021,52,-1.2294965123917656
SKU_021,53,-1.2478109420654797
SKU_021,54,-1.348708389466486
SKU_021,55,-1.241943603775446
SKU_021,56,-1.2092259816555853
SKU_021,57,-1.2467902034181872
SKU_021,58,-1.2286750893679832
SKU_021,59,-1.2282522765661577
SKU_021,60,-1.2580565853373804
SKU_021,61,-1.229564910943798
SKU_021,62,-1.2478223214592583
SKU_021,63,-1.2474901000381253
SKU_021,64,-1.178264366099233
SKU_021,65,-1.3102520295300448
SKU_021,66,-1.2297645090651115
SKU_021,67,-1.2745629397476643
SKU_021,68,-1.178498181671178
SKU_021,69,-1.2537100248894328
SKU_021,70,-1.2375643402435106
SKU_021,71,-1.1970356928981583
SKU_021,72,-1.1391417471891192
SKU_021,73,-1.2789836036099065
SKU_021,74,-1.0861084729652217
SKU_021,75,-1.179243105609299
SKU_021,76,-1.2516871085209198
SKU_021,77,-1.2716525393112867
SKU_021,78,-1.2198353641538713
SKU_021,79,-1.3134058790773402
SKU_021,80,-1.2544824501701368
SKU_021,81,-1.2413300215520475
SKU_021,82,-1.2545261213542354
SKU_021,83,-1.240540922123955
SKU_021,84,-1.235196728908421
SKU_021,85,-1.214444161282978
SKU_021,86,-1.1902787262739787
SKU_021,87,-1.2642454539247971
SKU_021,88,-1.260802430158604
SKU_021,89,-1.2501383215790611
SKU_021,90,-1.2926915676425683
SKU_021,91,-1.281059490941325
SKU_021,92,-1.3128188461298493
SKU_021,93,-1.2466922052538105
SKU_021,94,-1.2969590894273932
SKU_021,95,-1.3335147884463394
SKU_021,96,-1.1578137271319444
SKU_021,97,-1.296137249863483
SKU_021,98,-1.1960021190408294
SKU_021,99,-1.2441591256290405
SKU_021,100,-1.206707157373227
SKU_021,101,-1.1197598838693272
SKU_021,102,-1.2500435586731884
SKU_021,103,-1.2582285573151892
SKU_021,104,-1.2343959054868092
SKU_021,105,-1.2184507028798608
SKU_021,106,-1.2556940829314562
SKU_021,107,-1.2659965072277541
SKU_021,108,-1.288593809045612
SKU_021,109,-1.2656661414672985
SKU_021,110,-1.1912488317134322
SKU_021,111,-1.2929499158407447
SKU_021,112,-1.3108847328326432
SKU_021,113,-1.2799089287596004
SKU_021,114,-1.2326104136282485
SKU_021,115,-1.1851195748841588
SKU_021,116,-1.2215253802935802
SKU_021,117,-1.2446396802418584
SKU_021,118,-1.123762444728677
SKU_021,119,-1.2029615767244621
SKU_021,120,-1.2703480121990167
SKU_021,121,-1.2594721603864554
SKU_021,122,-1.2718959044938345
SKU_021,123,-1.2779499908511363
SKU_021,124,-1.2553259263667456
SKU_021,125,-1.2374098430142868
SKU_021,126,-1.0635312815912508
SKU_021,127,-1.1738685672834555
SKU_021,128,-1.1819419080889342
SKU_021,129,-1.2911060884642813
SKU_021,130,-1.1735969972683185
SKU_021,131,-1.1969059180809718
SKU_021,132,-1.2259346159228417
SKU_021,133,-1.301110712973653
SKU_021,134,-1.219643810783198
SKU_021,135,-1.2969959564591862
SKU_021,136,-1.287270831756447
SKU_021,137,-1.1840489830881333
SKU_021,138,-1.189002296721632
SKU_021,139,-1.1785653034603025
SKU_021,140,-1.2259012552430888
SKU_021,141,-1.264215669274889
SKU_021,142,-1.2120152796504553
SKU_021,143,-1.2402727100385353
SKU_021,144,-1.1867906060727949
SKU_021,145,-1.253986500534732
SKU_021,146,-1.3372939708353064
SKU_021,147,-1.2580434623736483
SKU_021,148,-1.1657337109897927
SKU_021,149,-1.2714750751285953
SKU_021,150,-1.2024420322540974
SKU_021,151,-1.2097043464067385
SKU_021,152,-1.2481547337340793
SKU_021,153,-1.2272197739283828
SKU_021,154,-1.2333670006090713
SKU_021,155,-1.242274235478046
SKU_021,156,-1.1947422573960302
SKU_021,157,-1.263019887327744
SKU_021,158,-1.2316604651213399
SKU_021,159,-1.316503842330269
SKU_021,160,-1.2667469191182374
SKU_021,161,-1.3101281138050027
SKU_021,162,-1.22133758704256
SKU_021,163,-1.1840290083630216
SKU_021,164,-1.2263748144064346
SKU_021,165,-1.1585822860488992
SKU_021,166,-1.2658083582438948
SKU_021,167,-1.2077853674032875
SKU_021,168,-1.23607644992907
SKU_021,169,-1.27070105512073
SKU_021,170,-1.2487744006637038
SKU_021,171,-1.2219883254530888
SKU_021,172,-1.2241592657813716
SKU_021,173,-1.1436339992974427
SKU_021,174,-1.3222300083199114
SKU_021,175,-1.1766358848566236
SKU_021,176,-1.2329114821116096
SKU_021,177,-1.2108722859532643
SKU_021,178,-1.329639947699441
SKU_021,179,-1.3449890191658378
SKU_021,180,-1.259946625879506
SKU_021,181,-1.2672997339046286
SKU_021,182,-1.2210804082494977
SKU_021,183,-1.2176822654388006
SKU_021,184,-1.2214841968620849
SKU_021,185,-1.253868224037006
SKU_021,186,-1.2929561963502023
SKU_021,187,-1.2293387324416134
SKU_021,188,-1.287040182042559
SKU_021,189,-1.219968537536554
SKU_021,190,-1.2987252102895246
SKU_021,191,-1.237853503523005
SKU_021,192,-1.2643330739550551
SKU_021,193,-1.3122817112228982
SKU_021,194,-1.2170422309098212
SKU_021,195,-1.2030048312820052
SKU_021,196,-1.2973137020204735
SKU_021,197,-1.3426614954450795
SKU_021,198,-1.157646835689643
SKU_021,199,-1.2724742629967078
SKU_021,200,-1.2847056729909148
SKU_021,201,-1.1512128782299706
SKU_021,202,-1.2554247248756658
SKU_021,203,-1.1549891384689879
SKU_021,204,-1.1568757369880782
SKU_021,205,-1.2675026681096653
SKU_021,206,-1.1002799264063168
SKU_021,207,-1.2259680579845245
SKU_021,208,-1.2463718243167914
SKU_021,209,-1.2341935056329871
SKU_021,210,-1.2123815359481065
SKU_021,211,-1.1741527890285723
SKU_021,212,-1.1481509618661379
SKU_021,213,-1.226365000454278
SKU_021,214,-1.2135220585047453
SKU_021,215,-1.1847914640648458
SKU_021,216,-1.2564205892802962
SKU_021,217,-1.1484784658850211
SKU_021,218,-1.1588740507317656
SKU_021,219,-1.2024249696071998
SKU_021,220,-1.2198147086512554
SKU_021,221,-1.2732639029150974
SKU_021,222,-1.0949956705195327
SKU_021,223,-1.1930827133096389
SKU_021,224,-1.217620903073759
SKU_021,225,-1.2171457145150786
SKU_021,226,-1.2925706704239373
SKU_021,227,-1.3148574647520583
SKU_021,228,-1.2963962317030542
SKU_021,229,-1.0521038799350502
SKU_021,230,-1.2341058553217652
SKU_021,231,-1.1554556520371162
SKU_021,232,-1.1270802787168894
SKU_021,233,-1.2028387127771754
SKU_021,234,-1.2528052300458399
SKU_021,235,-1.1986821732247013
SKU_021,236,-1.3105519868744366
SKU_021,237,-1.330268076449013
SKU_021,238,-1.210217864274354
SKU_021,239,-1.224699733848296
SKU_021,240,-1.2875545789245184
SKU_021,241,-1.274664877182851
SKU_021,242,-1.2127252500142853
SKU_021,243,-1.2348758930221082
SKU_021,244,-1.235941441507757
SKU_021,245,-1.1745271242242183
SKU_021,246,-1.2259975014832198
SKU_021,247,-1.271597198212509
SKU_021,248,-1.253858771838162
SKU_021,249,-1.2313042959807232
SKU_021,250,-1.231612520729225
SKU_021,251,-1.2777446186414132
SKU_021,252,-1.1421635936250791
SKU_021,253,-1.1612369464470516
SKU_021,254,-1.264349786208986
SKU_021,255,-1.2554347472381753
SKU_021,256,-1.3036106503515954
SKU_021,257,-1.2625033624536115
SKU_021,258,-1.2346960238694666
SKU_021,259,-1.2864391349230566
SKU_021,260,-1.1132862641364165
SKU_021,261,-1.221424395058811
SKU_021,262,-1.1648419733641608
SKU_021,263,-1.063140887476698
SKU_021,264,-1.265702280197142
SKU_021,265,-1.30847363923543
SKU_021,266,-1.1522259898956897
SKU_021,267,-1.2536899940816402
SKU_021,268,-1.216102193772486
SKU_021,269,-1.1695697305917714
SKU_021,270,-1.1560536161132344
SKU_021,271,-1.1759794204320086
SKU_021,272,-1.2147886149811231
SKU_021,273,-1.2603546013640599
SKU_021,274,-1.2357756204265533
SKU_021,275,-1.2136309712694204
SKU_021,276,-1.248613480643091
SKU_021,277,-1.3237352774546236
SKU_021,278,-1.2287966562851504
SKU_021,279,-1.1411889261628854
SKU_021,280,-1.2204428650881463
SKU_021,281,-1.2496462537091573
SKU_021,282,-1.1495393614533993
SKU_021,283,-1.2251753056292323
SKU_021,284,-1.235448429980034
SKU_021,285,-1.2237427443320714
SKU_021,286,-1.2292162322649098
SKU_021,287,-1.2517033556637178
SKU_021,288,-1.2155188453983843
SKU_021,289,-1.2453731012904872
SKU_021,290,-1.1695593762145498
SKU_021,291,-1.2209663984332353
SKU_021,292,-1.2298717871735887
SKU_021,293,-1.2019701166986012
SKU_021,294,-1.3052402592360528
SKU_021,295,-1.1979714097315919
SKU_021,296,-1.2125802259246221
SKU_021,297,-1.2128236275387307
SKU_021,298,-1.1826954297485008
SKU_021,299,-1.2166083830806276
SKU_022,0,-2.029575247634772
SKU_022,1,-1.9666964904277027
SKU_022,2,-1.9637998462416304
SKU_022,3,-2.021183115466365
SKU_022,4,-2.035907378371309
SKU_022,5,-1.9790463077932798
SKU_022,6,-2.061076342419989
SKU_022,7,-1.9388283831986446
SKU_022,8,-2.017860623870253
SKU_022,9,-2.111434197690658
SKU_022,10,-2.08762854803901
SKU_022,11,-1.9921202678633574
SKU_022,12,-2.0127263138669096
SKU_022,13,-2.0217993041039284
SKU_022,14,-2.0312903338816097
SKU_022,15,-2.0557019300118298
SKU_022,16,-1.9948689677439484
SKU_022,17,-2.0008501659123885
SKU_022,18,-2.1292362722488085
SKU_022,19,-2.08033324177347
SKU_022,20,-1.9261556039706413
SKU_022,21,-2.0587084091753303
SKU_022,22,-2.0050835906803206
SKU_022,23,-2.023567605064285
SKU_022,24,-2.053062120894035
SKU_022,25,-2.01190385853831
SKU_022,26,-1.9617170546092546
SKU_022,27,-2.069096479475839
SKU_022,28,-1.997772567872591
SKU_022,29,-2.0045534822281033
SKU_022,30,-2.000032934454117
SKU_022,31,-2.085401636716858
SKU_022,32,-1.9635727515886456
SKU_022,33,-2.0634627768084357
SKU_022,34,-2.0329868563829083
SKU_022,35,-2.054711461957126
SKU_022,36,-1.9456372373462956
SKU_022,37,-2.127828909983482
SKU_022,38,-1.9625170017111597
SKU_022,39,-2.1464692329069823
SKU_022,40,-1.9615763322597692
SKU_022,41,-2.0957819716077655
SKU_022,42,-2.0694229337983634
SKU_022,43,-2.1556902805904623
SKU_022,44,-2.0158205727983263
SKU_022,45,-1.9985708248203713
SKU_022,46,-2.046620197278669
SKU_022,47,-2.0167864835170124
SKU_022,48,-2.089018186995672
SKU_022,49,-1.940710818616075
SKU_022,50,-2.000488376658387
SKU_022,51,-2.0234022275549384
SKU_022,52,-2.1435790639495287
SKU_022,53,-2.1136277575275053
SKU_022,54,-1.9393962534130231
SKU_022,55,-2.043977503789116
SKU_022,56,-2.0479352534041797
SKU_022,57,-2.028060730932644
SKU_022,58,-2.000291898439678
SKU_022,59,-2.068499136215471
SKU_022,60,-2.004326141597388
SKU_022,61,-1.961800197606843
SKU_022,62,-2.0327454017503177
SKU_022,63,-2.0814655100937975
SKU_022,64,-2.0290915408811654
SKU_022,65,-2.0152260307304313
SKU_022,66,-2.0624331536076537
SKU_022,67,-2.0053308732286768
SKU_022,68,-1.900619231902958
SKU_022,69,-1.9856489230682934
SKU_022,70,-2.060869950228808
SKU_022,71,-2.2275239546794863
SKU_022,72,-2.0159690848650533
SKU_022,73,-2.0783715688550966
SKU_022,74,-2.0615214357190594
SKU_022,75,-2.0658336728015314
SKU_022,76,-2.082876083110941
SKU_022,77,-2.073155910954417
SKU_022,78,-1.9544733703845487
SKU_022,79,-2.067443693566516
SKU_022,80,-2.0235280330434464
SKU_022,81,-2.0766040563079993
SKU_022,82,-2.108242482283213
SKU_022,83,-2.153588797251771
SKU_022,84,-2.110264174858806
SKU_022,85,-2.142372804321563
SKU_022,86,-1.947583809070865
SKU_022,87,-1.9411350672865237
SKU_022,88,-2.080687704989593
SKU_022,89,-1.9742880569595587
SKU_022,90,-2.066212271517352
SKU_022,91,-2.1812980927543184
SKU_022,92,-2.0735681879450496
SKU_022,93,-2.0182902767927278
SKU_022,94,-2.010712554386544
SKU_022,95,-1.980340623742203
SKU_022,96,-2.033841063415022
SKU_022,97,-2.0675442955792573
SKU_022,98,-2.0117464330533963
SKU_022,99,-2.0175497000381495
SKU_022,100,-1.9911004934843846
SKU_022,101,-2.054947640924863
SKU_022,102,-2.0576795214765102
SKU_022,103,-2.0190735032690688
SKU_022,104,-2.028529761712205
SKU_022,105,-2.0036818498581694
SKU_022,106,-2.1048644882527183
SKU_022,107,-2.0318060272739586
SKU_022,108,-2.094216196152972
SKU_022,109,-2.136511345151547
SKU_022,110,-2.0112303035604886
SKU_022,111,-2.0192889750253826
SKU_022,112,-2.091809355122082
SKU_022,113,-1.9882932579340535
SKU_022,114,-2.042950264930847
SKU_022,115,-2.0424373368567807
SKU_022,116,-1.9983793435851869
SKU_022,117,-2.057273088689978
SKU_022,118,-1.9515120155488321
SKU_022,119,-1.932227922049732
SKU_022,120,-2.01661031789529
SKU_022,121,-2.0137994523238842
SKU_022,122,-2.0267759542466433
SKU_022,123,-1.914753264565516
SKU_022,124,-2.0472594957067902
SKU_022,125,-2.0056542541863904
SKU_022,126,-1.9295786055397266
SKU_022,127,-2.031088396020693
SKU_022,128,-2.126936333631066
SKU_022,129,-2.0581779192808765
SKU_022,130,-2.0401151004189697
SKU_022,131,-2.0397159911060636
SKU_022,132,-2.2262112446899494
SKU_022,133,-1.996239146160062
SKU_022,134,-2.019345423978994
SKU_022,135,-1.969074462703655
SKU_022,136,-1.9438780291907143
SKU_022,137,-2.0778468832849906
SKU_022,138,-2.0352015764080957
SKU_022,139,-2.0581471749146014
SKU_022,140,-2.0525126778372615
SKU_022,141,-2.0116818818505835
SKU_022,142,-2.060382190545151
SKU_022,143,-2.025442314543422
SKU_022,144,-2.188444429863825
SKU_022,145,-2.0116028090386298
SKU_022,146,-2.0627722658485887
SKU_022,147,-1.9270947301874326
SKU_022,148,-2.09578268719306
SKU_022,149,-2.0245090740857923
SKU_022,150,-2.0024318029209587
SKU_022,151,-1.993623911462267
SKU_022,152,-2.006181785026988
SKU_022,153,-2.063021049907279
SKU_022,154,-2.0043942197829123
SKU_022,155,-1.9280122266448727
SKU_022,156,-2.068833230758254
SKU_022,157,-2.0121849464117214
SKU_022,158,-2.159712404433965
SKU_022,159,-2.0652243185122265
SKU_022,160,-2.033558411726
SKU_022,161,-2.010358210247764
SKU_022,162,-2.053534763035489
SKU_022,163,-1.9905133525541918
SKU_022,164,-2.064011630316329
SKU_022,165,-2.045882219886748
SKU_022,166,-2.046413849870196
SKU_022,167,-2.045927526235576
SKU_022,168,-2.1407921351519867
SKU_022,169,-2.056019650719709
SKU_022,170,-2.0453748070438844
SKU_022,171,-1.9383049746419965
SKU_022,172,-2.0692804535171097
SKU_022,173,-2.0827430301212977
SKU_022,174,-2.0591856168800433
SKU_022,175,-2.0271318223732555
SKU_022,176,-1.9976098115969587
SKU_022,177,-1.952022029546488
SKU_022,178,-1.952339336851447
SKU_022,179,-2.058696623298261
SKU_022,180,-2.061286242068726
SKU_022,181,-2.168998053456815
SKU_022,182,-2.0178504179570673
SKU_022,183,-1.9678958606771826
SKU_022,184,-2.1698269472619733
SKU_022,185,-2.0280858267012003
SKU_022,186,-1.992659986521875
SKU_022,187,-2.04454472253856
SKU_022,188,-2.00956876391934
SKU_022,189,-1.9709208848271602
SKU_022,190,-1.9068926350802635
SKU_022,191,-2.125295683352969
SKU_022,192,-2.0483819309629543
SKU_022,193,-1.9048069924642108
SKU_022,194,-2.0548320066954338
SKU_022,195,-1.9829001860721975
SKU_022,196,-2.03952671015328
SKU_022,197,-2.0647661200895553
SKU_022,198,-2.001256117487971
SKU_022,199,-1.9779886496569643
SKU_022,200,-2.0953713664790126
SKU_022,201,-1.9247735287933612
SKU_022,202,-2.0203904175604452
SKU_022,203,-2.0888799253063906
SKU_022,204,-1.968440036828791
SKU_022,205,-2.0144297742981556
SKU_022,206,-1.9936589857270814
SKU_022,207,-2.1097010256701685
SKU_022,208,-2.0112861829354753
SKU_022,209,-1.9781514593103215
SKU_022,210,-1.9760110738700523
SKU_022,211,-2.0595247353280857
SKU_022,212,-2.079132568177213
SKU_022,213,-2.0348428374466954
SKU_022,214,-2.0925445590232568
SKU_022,215,-2.0263122100959654
SKU_022,216,-2.074763715627295
SKU_022,217,-2.0715446180157597
SKU_022,218,-2.006898828764871
SKU_022,219,-2.077084163057868
SKU_022,220,-2.076335442820904
SKU_022,221,-1.96637122531066
SKU_022,222,-2.0958526522516254
SKU_022,223,-2.02102718853999
SKU_022,224,-2.00730985914452
SKU_022,225,-2.031414130035009
SKU_022,226,-2.016275419313115
SKU_022,227,-2.023157695384498
SKU_022,228,-2.042586510891255
SKU_022,229,-2.0440662580510516
SKU_022,230,-1.9748959008121405
SKU_022,231,-1.9453964493540132
SKU_022,232,-2.059662796032003
SKU_022,233,-2.049555376882021
SKU_022,234,-1.960813424034778
SKU_022,235,-2.0636960090981007
SKU_022,236,-2.017788885720515
SKU_022,237,-1.9491596112378937
SKU_022,238,-2.032206430698692
SKU_022,239,-2.030457731525517
SKU_022,240,-2.0124147060275592
SKU_022,241,-2.043104306195713
SKU_022,242,-2.024444857499921
SKU_022,243,-2.080255566111844
SKU_022,244,-2.0132594551230314
SKU_022,245,-1.8880077436925773
SKU_022,246,-2.0409945881274516
SKU_022,247,-2.0421602812904887
SKU_022,248,-1.9557005202056907
SKU_022,249,-2.058356975073298
SKU_022,250,-2.022659863082208
SKU_022,251,-2.1078382450451985
SKU_022,252,-1.9971647297902448
SKU_022,253,-2.040242730976533
SKU_022,254,-2.0575591352557057
SKU_022,255,-2.006167096274123
SKU_022,256,-2.0138536091633283
SKU_022,257,-1.9632683276491592
SKU_022,258,-2.1431669022943143
SKU_022,259,-2.03368181676798
SKU_022,260,-2.0759930937685427
SKU_022,261,-2.0284362099480426
SKU_022,262,-2.115561123606164
SKU_022,263,-2.0481937397531196
SKU_022,264,-2.038133218624536
SKU_022,265,-1.9172318502567325
SKU_022,266,-2.1365837254220934
SKU_022,267,-2.069216405986534
SKU_022,268,-2.0755193217178647
SKU_022,269,-2.081500229249708
SKU_022,270,-1.9830956701182334
SKU_022,271,-2.0452221649067535
SKU_022,272,-2.0655473362630836
SKU_022,273,-2.036260842190467
SKU_022,274,-1.9248311757682914
SKU_022,275,-1.9520147249942852
SKU_022,276,-2.1197783166009763
SKU_022,277,-1.9882894440058614
SKU_022,278,-2.011209360106337
SKU_022,279,-2.037757916604825
SKU_022,280,-2.044360623052606
SKU_022,281,-1.9207775210716598
SKU_022,282,-1.9010590456267034
SKU_022,283,-2.050055112687171
SKU_022,284,-2.0076493020597437
SKU_022,285,-2.0627025453443295
SKU_022,286,-2.0448235150799663
SKU_022,287,-2.037369035466215
SKU_022,288,-2.127486954480089
SKU_022,289,-1.9301188131395026
SKU_022,290,-2.052588473944857
SKU_022,291,-2.0683863341325903
SKU_022,292,-2.0667105806096324
SKU_022,293,-2.0429271922502035
SKU_022,294,-2.0453439176328794
SKU_022,295,-2.0794700041946625
SKU_022,296,-2.080695712131261
SKU_022,297,-2.0423953430595922
SKU_022,298,-2.045966636380014
SKU_022,299,-2.0756998296632054
SKU_023,0,-1.3444522952356244
SKU_023,1,-1.2417627546928418
SKU_023,2,-1.2809563946405547
SKU_023,3,-1.267868370918254
SKU_023,4,-1.225817343626519
SKU_023,5,-1.3325073466796433
SKU_023,6,-1.2758655599483821
SKU_023,7,-1.2263436997680737
SKU_023,8,-1.1831971478132404
SKU_023,9,-1.2326258026651662
SKU_023,10,-1.2499167663253419
SKU_023,11,-1.2685481564426748
SKU_023,12,-1.2690126312544652
SKU_023,13,-1.3092773077980417
SKU_023,14,-1.281664680302207
SKU_023,15,-1.2646842102753877
SKU_023,16,-1.22509736222163
SKU_023,17,-1.1095074811691423
SKU_023,18,-1.1569127319033836
SKU_023,19,-1.183009137337429
SKU_023,20,-1.2705918443128108
SKU_023,21,-1.248432942901949
SKU_023,22,-1.2316421567433584
SKU_023,23,-1.242971811947836
SKU_023,24,-1.2402411887675897
SKU_023,25,-1.1963093785153007
SKU_023,26,-1.242412024215828
SKU_023,27,-1.2181362422914852
SKU_023,28,-1.2338914068040532
SKU_023,29,-1.2923287373318117
SKU_023,30,-1.211058076596838
SKU_023,31,-1.240781483649525
SKU_023,32,-1.241546056607498
SKU_023,33,-1.2449515904248238
SKU_023,34,-1.1656433454825506
SKU_023,35,-1.3388426609770445
SKU_023,36,-1.337918833349715
SKU_023,37,-1.2798033796496964
SKU_023,38,-1.287578245924589
SKU_023,39,-1.23861861382287
SKU_023,40,-1.17919997343394
SKU_023,41,-1.3227863778700675
SKU_023,42,-1.2814668094730954
SKU_023,43,-1.1915680543070948
SKU_023,44,-1.174530413038268
SKU_023,45,-1.3006573959867718
SKU_023,46,-1.3385282625653068
SKU_023,47,-1.1772013262770245
SKU_023,48,-1.2681804429439996
SKU_023,49,-1.267720296659925
SKU_023,50,-1.3012519262599693
SKU_023,51,-1.2123856401357684
SKU_023,52,-1.23028475580027
SKU_023,53,-1.3137452445165698
SKU_023,54,-1.3129309710700523
SKU_023,55,-1.23473897918781
SKU_023,56,-1.2579372311635884
SKU_023,57,-1.2829763002347336
SKU_023,58,-1.2427469969941032
SKU_023,59,-1.1941738957413301
SKU_023,60,-1.25051220624425
SKU_023,61,-1.2154618418220327
SKU_023,62,-1.2042757346809783
SKU_023,63,-1.2598674437029984
SKU_023,64,-1.2372170417688446
SKU_023,65,-1.346545302916461
SKU_023,66,-1.2395209790287907
SKU_023,67,-1.2754054523550824
SKU_023,68,-1.2722308049406619
SKU_023,69,-1.318234232490956
SKU_023,70,-1.2653664420376265
SKU_023,71,-1.1588660023262674
SKU_023,72,-1.1499789366231212
SKU_023,73,-1.2895855120918305
SKU_023,74,-1.1339635298528656
SKU_023,75,-1.1736390114277098
SKU_023,76,-1.2160575097215118
SKU_023,77,-1.2670507861030558
SKU_023,78,-1.1656570697949888
SKU_023,79,-1.2712639839481308
SKU_023,80,-1.2272671822753
SKU_023,81,-1.2521162365815357
SKU_023,82,-1.2239917128185476
SKU_023,83,-1.2609351764280956
SKU_023,84,-1.2400982298808432
SKU_023,85,-1.2160598838491385
SKU_023,86,-1.2002987975111286
SKU_023,87,-1.252436296027699
SKU_023,88,-1.2677572873850047
SKU_023,89,-1.2547312830977162
SKU_023,90,-1.2711235197316573
SKU_023,91,-1.2320727305556518
SKU_023,92,-1.309532502779147
SKU_023,93,-1.2810238204918487
SKU_023,94,-1.355662631584284
SKU_023,95,-1.3276655387210767
SKU_023,96,-1.1763169207177757
SKU_023,97,-1.2623671874971605
SKU_023,98,-1.2160167892416114
SKU_023,99,-1.2494658981700366
SKU_023,100,-1.2982617142031874
SKU_023,101,-1.1339127027592213
SKU_023,102,-1.2471035668505788
SKU_023,103,-1.2434940565811528
SKU_023,104,-1.1440088450086745
SKU_023,105,-1.2323092468219399
SKU_023,106,-1.2706359296731404
SKU_023,107,-1.2485923986295395
SKU_023,108,-1.2418152179099866
SKU_023,109,-1.2273002904914194
SKU_023,110,-1.2317358542786028
SKU_023,111,-1.2922147617785202
SKU_023,112,-1.3124440775449802
SKU_023,113,-1.3427752163342646
SKU_023,114,-1.2442476332289085
SKU_023,115,-1.1690637750812598
SKU_023,116,-1.237342704708588
SKU_023,117,-1.2379668952446439
SKU_023,118,-1.1275724816006445
SKU_023,119,-1.2478324631871962
SKU_023,120,-1.2706949453390515
SKU_023,121,-1.2590599266310805
SKU_023,122,-1.2734545833924389
SKU_023,123,-1.269833375012376
SKU_023,124,-1.2586259904307853
SKU_023,125,-1.1840108888587508
SKU_023,126,-1.2407865196497874
SKU_023,127,-1.1816067147691343
SKU_023,128,-1.2743751509731132
SKU_023,129,-1.269413926312668
SKU_023,130,-1.2669560821133614
SKU_023,131,-1.193042610665346
SKU_023,132,-1.233810084709701
SKU_023,133,-1.28603990644744
SKU_023,134,-1.282971992076288
SKU_023,135,-1.295512213678669
SKU_023,136,-1.2692852460655277
SKU_023,137,-1.1944513597120938
SKU_023,138,-1.2006860599907478
SKU_023,139,-1.2398642772583548
SKU_023,140,-1.2177362458006944
SKU_023,141,-1.233637182548779
SKU_023,142,-1.2085358246483702
SKU_023,143,-1.235554502766551
SKU_023,144,-1.1581895570421405
SKU_023,145,-1.267261196621571
SKU_023,146,-1.3017717881873596
SKU_023,147,-1.3774603274546378
SKU_023,148,-1.1837523621255062
SKU_023,149,-1.2836401653228926
SKU_023,150,-1.2142061325421238
SKU_023,151,-1.2433217434738228
SKU_023,152,-1.2657394897006646
SKU_023,153,-1.2276076414488375
SKU_023,154,-1.1158137014076042
SKU_023,155,-1.2341572622425674
SKU_023,156,-1.252250890703295
SKU_023,157,-1.2149444528887356
SKU_023,158,-1.2671545889553582
SKU_023,159,-1.2699262838172363
SKU_023,160,-1.2683555923146903
SKU_023,161,-1.30995402977716
SKU_023,162,-1.191955679544086
SKU_023,163,-1.2279301682371992
SKU_023,164,-1.2236009259386695
SKU_023,165,-1.1983604484498664
SKU_023,166,-1.3183193197508771
SKU_023,167,-1.1889145732896633
SKU_023,168,-1.315983706886647
SKU_023,169,-1.2261694136106618
SKU_023,170,-1.2500616637675064
SKU_023,171,-1.2242599697292866
SKU_023,172,-1.2199595215901078
SKU_023,173,-1.1554888269368753
SKU_023,174,-1.2960236002988843
SKU_023,175,-1.1874846314254657
SKU_023,176,-1.227848462665315
SKU_023,177,-1.2240092274268384
SKU_023,178,-1.3589091030244174
SKU_023,179,-1.3280489842500953
SKU_023,180,-1.2801725378420932
SKU_023,181,-1.283108202912441
SKU_023,182,-1.339433677506738
SKU_023,183,-1.1946889629544946
SKU_023,184,-1.2047726654498052
SKU_023,185,-1.2596040838949374
SKU_023,186,-1.3089416132338203
SKU_023,187,-1.0197971897489566
SKU_023,188,-1.3031250055299042
SKU_023,189,-1.215406995686546
SKU_023,190,-1.277839138706553
SKU_023,191,-1.2331604564072902
SKU_023,192,-1.2608398628719366
SKU_023,193,-1.2301290724096072
SKU_023,194,-1.2005644312083017
SKU_023,195,-1.1819409582819658
SKU_023,196,-1.3056877097309376
SKU_023,197,-1.3361631927573072
SKU_023,198,-1.2685781237296392
SKU_023,199,-1.285887702174354
SKU_023,200,-1.279924733763266
SKU_023,201,-1.2658618369278958
SKU_023,202,-1.2481968973365245
SKU_023,203,-1.2425948997832121
SKU_023,204,-1.1483411022528458
SKU_023,205,-1.2824199884564975
SKU_023,206,-1.1588506684023518
SKU_023,207,-1.218149137772038
SKU_023,208,-1.27259715529728
SKU_023,209,-1.2266749183959866
SKU_023,210,-1.2007716083416664
SKU_023,211,-1.2292908010192392
SKU_023,212,-1.1770971208422663
SKU_023,213,-1.235061697333875
SKU_023,214,-1.1899799421058854
SKU_023,215,-1.2164739099384874
SKU_023,216,-1.2488822225259502
SKU_023,217,-1.1989558392038653
SKU_023,218,-1.2856287489397493
SKU_023,219,-1.2574872973757003
SKU_023,220,-1.2284763743591995
SKU_023,221,-1.2723639242607063
SKU_023,222,-1.114991303816251
SKU_023,223,-1.152632607003719
SKU_023,224,-1.3099492157585508
SKU_023,225,-1.2032680703876013
SKU_023,226,-1.2917451336825534
SKU_023,227,-1.3105817641341908
SKU_023,228,-1.3155595009581997
SKU_023,229,-1.2622131739814748
SKU_023,230,-1.234846639386727
SKU_023,231,-1.2394032510916313
SKU_023,232,-1.2014904152028623
SKU_023,233,-1.2395917311922857
SKU_023,234,-1.332193966920594
SKU_023,235,-1.142533736358435
SKU_023,236,-1.3166246650438707
SKU_023,237,-1.2986155483566453
SKU_023,238,-1.1717649550989881
SKU_023,239,-1.2290550092749122
SKU_023,240,-1.2795092798915173
SKU_023,241,-1.3386176613712168
SKU_023,242,-1.2086038711359777
SKU_023,243,-1.2314966356788084
SKU_023,244,-1.2529301534953081
SKU_023,245,-1.1815997237561577
SKU_023,246,-1.2167827962422353
SKU_023,247,-1.1678023338272203
SKU_023,248,-1.3285253233196683
SKU_023,249,-1.2183178591470558
SKU_023,250,-1.2763049773325261
SKU_023,251,-1.2679400161129821
SKU_023,252,-1.1827675348957682
SKU_023,253,-1.1829200449192603
SKU_023,254,-1.2341405355527022
SKU_023,255,-1.3428374531197946
SKU_023,256,-1.2094291259196042
SKU_023,257,-1.2628568857607074
SKU_023,258,-1.218473495795232
SKU_023,259,-1.297229179533008
SKU_023,260,-1.2033635479453695
SKU_023,261,-1.2597171295435452
SKU_023,262,-1.2358042608248294
SKU_023,263,-1.2399022990101112
SKU_023,264,-1.2938839572407774
SKU_023,265,-1.3088176669246359
SKU_023,266,-1.2355433921017893
SKU_023,267,-1.3749493198758225
SKU_023,268,-1.2275672645955755
SKU_023,269,-1.1946112803816553
SKU_023,270,-1.181358594794459
SKU_023,271,-1.3042235876800883
SKU_023,272,-1.2286903301694259
SKU_023,273,-1.0553469663639379
SKU_023,274,-1.3425866551407006
SKU_023,275,-1.283415828279586
SKU_023,276,-1.273430407257784
SKU_023,277,-1.3267307809128392
SKU_023,278,-1.204625202799839
SKU_023,279,-1.1922694568606715
SKU_023,280,-1.209140954242315
SKU_023,281,-1.229789526415561
SKU_023,282,-1.177993630655076
SKU_023,283,-1.2456689712749651
SKU_023,284,-1.2887575261251387
SKU_023,285,-1.21994527823093
SKU_023,286,-1.1435312142105258
SKU_023,287,-1.243057930419508
SKU_023,288,-1.2410072922179192
SKU_023,289,-1.2236698831157502
SKU_023,290,-1.1600453862496387
SKU_023,291,-1.2416113695600772
SKU_023,292,-1.2420235293553732
SKU_023,293,-1.1996542744153758
SKU_023,294,-1.2506836656304439
SKU_023,295,-1.235313600807609
SKU_023,296,-1.2056051678079434
SKU_023,297,-1.1603307641797362
SKU_023,298,-1.1973961456210513
SKU_023,299,-1.2115981025233107
SKU_024,0,-1.802799734791455
SKU_024,1,-1.823675479046626
SKU_024,2,-1.7369241730710694
SKU_024,3,-1.7831706820288789
SKU_024,4,-1.7516846790449563
SKU_024,5,-1.868261342043536
SKU_024,6,-1.7597220640831108
SKU_024,7,-1.7767344132967167
SKU_024,8,-1.656479648535778
SKU_024,9,-1.8402297671896302
SKU_024,10,-1.7526864490798513
SKU_024,11,-1.8951892823484369
SKU_024,12,-1.7939627692292077
SKU_024,13,-1.9148294106772772
SKU_024,14,-1.7772049027900465
SKU_024,15,-1.758409727245263
SKU_024,16,-1.7433968573412926
SKU_024,17,-1.7431028187839397
SKU_024,18,-1.6854678885713679
SKU_024,19,-1.7309083600532202
SKU_024,20,-1.964915122261695
SKU_024,21,-1.7525759516857669
SKU_024,22,-1.812715725332298
SKU_024,23,-1.7162994573275983
SKU_024,24,-1.7777686532588326
SKU_024,25,-1.7994283019042858
SKU_024,26,-1.771950364598334
SKU_024,27,-1.7278440301887388
SKU_024,28,-1.745587708623888
SKU_024,29,-1.7824774727911243
SKU_024,30,-1.8001177959302288
SKU_024,31,-1.782480181118413
SKU_024,32,-1.7708486246258495
SKU_024,33,-1.720467292769251
SKU_024,34,-1.8109535801014487
SKU_024,35,-1.719053423842708
SKU_024,36,-1.856395608608781
SKU_024,37,-1.7594357246289654
SKU_024,38,-1.8095064285433895
SKU_024,39,-1.741540673091435
SKU_024,40,-1.7273751555737578
SKU_024,41,-1.6344204438597298
SKU_024,42,-1.7882323341610276
SKU_024,43,-1.7208658484939057
SKU_024,44,-1.6953993391656847
SKU_024,45,-1.66032212130019
SKU_024,46,-1.6962411410441767
SKU_024,47,-1.7679727624825654
SKU_024,48,-1.8773087381976223
SKU_024,49,-1.7568840365742586
SKU_024,50,-1.7911258589927055
SKU_024,51,-1.8373956802237428
SKU_024,52,-1.8207446330964392
SKU_024,53,-1.790717988758068
SKU_024,54,-1.743818489665969
SKU_024,55,-1.8464418425342426
SKU_024,56,-1.7288192412671135
SKU_024,57,-1.824922865134651
SKU_024,58,-1.7926136578779743
SKU_024,59,-1.7620207977634392
SKU_024,60,-1.8125246879009103
SKU_024,61,-1.7598870939116014
SKU_024,62,-1.8220725464084027
SKU_024,63,-1.83003163648376
SKU_024,64,-1.8162817759938557
SKU_024,65,-1.798210844597069
SKU_024,66,-1.8196429422165152
SKU_024,67,-1.7703843255318823
SKU_024,68,-1.84653805679335
SKU_024,69,-1.7249136432012058
SKU_024,70,-1.8328273675650169
SKU_024,71,-1.8091722573055011
SKU_024,72,-1.942063179177198
SKU_024,73,-1.760497745724011
SKU_024,74,-1.8270531622544137
SKU_024,75,-1.7783925768681363
SKU_024,76,-1.828224278819938
SKU_024,77,-1.8385502006291956
SKU_024,78,-1.8837272857818446
SKU_024,79,-1.73503646282227
SKU_024,80,-1.8322790033245182
SKU_024,81,-1.6100780447655827
SKU_024,82,-1.7800395091110743
SKU_024,83,-1.799055837563269
SKU_024,84,-1.8522286329562372
SKU_024,85,-1.6661380893728204
SKU_024,86,-1.733640488032469
SKU_024,87,-1.7852459394151547
SKU_024,88,-1.732114904573071
SKU_024,89,-1.8332024161840588
SKU_024,90,-1.793242609688493
SKU_024,91,-1.7206436330487551
SKU_024,92,-1.8627445519103523
SKU_024,93,-1.774955990375146
SKU_024,94,-1.7884722879367363
SKU_024,95,-1.8465979593608575
SKU_024,96,-1.9110658340040627
SKU_024,97,-1.7162618526960924
SKU_024,98,-1.6065105655341674
SKU_024,99,-1.8341952664928363
SKU_024,100,-1.7827336005992864
SKU_024,101,-1.70264624340883
SKU_024,102,-1.8321071691126527
SKU_024,103,-1.706713728051859
SKU_024,104,-1.924432987750108
SKU_024,105,-1.883903936747629
SKU_024,106,-1.8184822384982027
SKU_024,107,-1.756867801475434
SKU_024,108,-1.7471553231409922
SKU_024,109,-1.783507657449834
SKU_024,110,-1.7529075669907963
SKU_024,111,-1.7480686301345376
SKU_024,112,-1.9119901567543467
SKU_024,113,-1.6833762419394054
SKU_024,114,-1.6878094474786494
SKU_024,115,-1.9108441499981021
SKU_024,116,-1.7761461447883622
SKU_024,117,-1.7429238457319296
SKU_024,118,-1.699854974372012
SKU_024,119,-1.8991653503577277
SKU_024,120,-1.7365343117618675
SKU_024,121,-1.6839807397655553
SKU_024,122,-1.9087302787505092
SKU_024,123,-1.6781414359161198
SKU_024,124,-1.686061874545005
SKU_024,125,-1.7620039783809498
SKU_024,126,-1.7878651128871412
SKU_024,127,-1.8227846869383462
SKU_024,128,-1.8092005616342008
SKU_024,129,-1.7252522942872717
SKU_024,130,-1.7317270370475093
SKU_024,131,-1.7418453418501407
SKU_024,132,-1.847737437393336
SKU_024,133,-1.7259373650066259
SKU_024,134,-1.8471297812935457
SKU_024,135,-1.8236675851442254
SKU_024,136,-1.764101289557696
SKU_024,137,-1.839969952929563
SKU_024,138,-1.7419089215432135
SKU_024,139,-1.731154496633133
SKU_024,140,-1.7331412240569857
SKU_024,141,-1.9470338034488752
SKU_024,142,-1.891596694830832
SKU_024,143,-1.8283448916490017
SKU_024,144,-1.9329411663308858
SKU_024,145,-1.7591514560313701
SKU_024,146,-1.7700900398022608
SKU_024,147,-1.887535832490488
SKU_024,148,-1.7968649900294764
SKU_024,149,-1.8760873175108579
SKU_024,150,-1.8198106856780902
SKU_024,151,-1.8274831623919015
SKU_024,152,-1.7231035840357036
SKU_024,153,-1.8596184211256335
SKU_024,154,-1.8191612522883853
SKU_024,155,-1.8101899580029408
SKU_024,156,-1.7655140761689665
SKU_024,157,-1.6926027083403312
SKU_024,158,-1.8648736302607474
SKU_024,159,-1.8219088997086774
SKU_024,160,-1.849480230032227
SKU_024,161,-1.7985216479793051
SKU_024,162,-1.7405571789399503
SKU_024,163,-1.85868324836966
SKU_024,164,-1.7180133463656155
SKU_024,165,-1.8348683952647307
SKU_024,166,-1.7590442412949037
SKU_024,167,-1.938111566027993
SKU_024,168,-1.7467267195355505
SKU_024,169,-1.7714285242018384
SKU_024,170,-1.8039561571344238
SKU_024,171,-1.7995661518095878
SKU_024,172,-1.851829675600641
SKU_024,173,-1.6955990537562196
SKU_024,174,-1.828809673840466
SKU_024,175,-1.7900522926300386
SKU_024,176,-1.7771422801189767
SKU_024,177,-1.8190825440769418
SKU_024,178,-1.883924204280202
SKU_024,179,-1.7880515916721218
SKU_024,180,-1.822356792119144
SKU_024,181,-1.8042848436261996
SKU_024,182,-1.8965910443614329
SKU_024,183,-1.8631145014874329
SKU_024,184,-1.7602956465403419
SKU_024,185,-1.8349565231310272
SKU_024,186,-1.7064069073114374
SKU_024,187,-1.8307894797034048
SKU_024,188,-1.7143459070666833
SKU_024,189,-1.8612211218977353
SKU_024,190,-1.7048286690910484
SKU_024,191,-1.643771767770726
SKU_024,192,-1.761710679362156
SKU_024,193,-1.7225239869483802
SKU_024,194,-1.7801468512356269
SKU_024,195,-1.6202907172768422
SKU_024,196,-1.7635378230568892
SKU_024,197,-1.7318493259464858
SKU_024,198,-1.7445584145647162
SKU_024,199,-1.8861379204494793
SKU_024,200,-1.8305986532251046
SKU_024,201,-1.7559783275615894
SKU_024,202,-1.6399513048035623
SKU_024,203,-1.9793020003604291
SKU_024,204,-1.7228090679349157
SKU_024,205,-1.8546589511056004
SKU_024,206,-1.716573596785273
SKU_024,207,-1.9347325257758108
SKU_024,208,-1.712943013415627
SKU_024,209,-1.795748986256639
SKU_024,210,-1.906425683687878
SKU_024,211,-1.7329631934975174
SKU_024,212,-1.7637041162736526
SKU_024,213,-1.768019480786221
SKU_024,214,-1.8682130327707305
SKU_024,215,-1.6033016571433516
SKU_024,216,-1.8410750004956111
SKU_024,217,-1.7540003098368813
SKU_024,218,-1.738765883009757
SKU_024,219,-1.7797252906686638
SKU_024,220,-1.813870816331359
SKU_024,221,-1.8252978274871614
SKU_024,222,-1.758605235521398
SKU_024,223,-1.8078058239004464
SKU_024,224,-1.781759137617263
SKU_024,225,-1.6445611310895327
SKU_024,226,-1.7367511830673132
SKU_024,227,-1.69097934744306
SKU_024,228,-1.7949725098831728
SKU_024,229,-1.9296149574687669
SKU_024,230,-1.6777662615291589
SKU_024,231,-1.7818401236501387
SKU_024,232,-1.7630041758914186
SKU_024,233,-1.667608211701592
SKU_024,234,-1.719325575766577
SKU_024,235,-1.7654009272071158
SKU_024,236,-1.7922823551044114
SKU_024,237,-1.90936513604602
SKU_024,238,-1.8382827419257728
SKU_024,239,-1.8105773915973762
SKU_024,240,-1.7456464291598441
SKU_024,241,-1.844136051110595
SKU_024,242,-1.8786762252830203
SKU_024,243,-1.762297741241138
SKU_024,244,-1.938393575777032
SKU_024,245,-1.83843371259207
SKU_024,246,-1.7842328401419643
SKU_024,247,-1.862159844642132
SKU_024,248,-1.9690923469907522
SKU_024,249,-1.787594154641081
SKU_024,250,-1.730536904723182
SKU_024,251,-1.7447613554947792
SKU_024,252,-1.7692679013579804
SKU_024,253,-1.7700544365397426
SKU_024,254,-1.906224969181059
SKU_024,255,-1.9375980471878678
SKU_024,256,-1.6972772970216274
SKU_024,257,-1.8732535383779105
SKU_024,258,-1.905540421449302
SKU_024,259,-1.8091974161095519
SKU_024,260,-1.7305123170347922
SKU_024,261,-1.7263273542830968
SKU_024,262,-1.9604223714217999
SKU_024,263,-1.8951848839701904
SKU_024,264,-1.8372949121361903
SKU_024,265,-1.722454312473629
SKU_024,266,-1.8544313023918373
SKU_024,267,-1.8523585382231276
SKU_024,268,-1.7592268448794257
SKU_024,269,-1.8045344790648308
SKU_024,270,-1.7178755505063588
SKU_024,271,-1.8161688257407036
SKU_024,272,-1.7407027443011036
SKU_024,273,-1.8089173506749514
SKU_024,274,-1.7904081532794527
SKU_024,275,-1.7904140895869922
SKU_024,276,-1.9090015214067961
SKU_024,277,-1.820634940188887
SKU_024,278,-1.650508505382368
SKU_024,279,-1.8522153608129857
SKU_024,280,-1.7008559694142047
SKU_024,281,-1.7160264743115738
SKU_024,282,-1.8826933924471725
SKU_024,283,-1.747844012702363
SKU_024,284,-1.7385921147123047
SKU_024,285,-1.8365784935243037
SKU_024,286,-1.6966637014620893
SKU_024,287,-1.8167616333316718
SKU_024,288,-1.8151218312975002
SKU_024,289,-1.7268602178793369
SKU_024,290,-1.7527694387120043
SKU_024,291,-1.762480707035919
SKU_024,292,-1.8596025177283997
SKU_024,293,-1.8245429996784186
SKU_024,294,-1.7210530211289634
SKU_024,295,-1.824280169081912
SKU_024,296,-1.7836111553150678
SKU_024,297,-1.8225235043527692
SKU_024,298,-1.7346748609531166
SKU_024,299,-1.7298229444261837
SKU_025,0,-1.9869075869999144
SKU_025,1,-2.075796849911786
SKU_025,2,-2.0148151762787037
SKU_025,3,-1.9839913013683599
SKU_025,4,-1.9871615532469684
SKU_025,5,-2.0116572386570133
SKU_025,6,-2.0064094350492265
SKU_025,7,-1.9564228880173284
SKU_025,8,-2.06537056526582
SKU_025,9,-2.106299723358369
SKU_025,10,-2.099448957282862
SKU_025,11,-1.9918984758651135
SKU_025,12,-2.0638684366059
SKU_025,13,-2.0090627314110563
SKU_025,14,-2.0212274211165955
SKU_025,15,-2.059844490435278
SKU_025,16,-1.9831094333683446
SKU_025,17,-2.008388658570725
SKU_025,18,-2.1215823567844825
SKU_025,19,-2.0696552745336128
SKU_025,20,-1.92997820505281
SKU_025,21,-2.180344901457926
SKU_025,22,-2.0078192941276534
SKU_025,23,-2.0347822240691884
SKU_025,24,-2.061795854380656
SKU_025,25,-2.031855315581337
SKU_025,26,-2.0236953528881196
SKU_025,27,-1.9781551086600406
SKU_025,28,-1.984763134246133
SKU_025,29,-2.01223666392853
SKU_025,30,-2.0033757183394667
SKU_025,31,-2.087926231206562
SKU_025,32,-1.9615357883384295
SKU_025,33,-2.0636848603882183
SKU_025,34,-2.0452657884266543
SKU_025,35,-2.0873177078379475
SKU_025,36,-1.9520958931381323
SKU_025,37,-1.992493642709784
SKU_025,38,-1.9575764355739107
SKU_025,39,-2.304091122278899
SKU_025,40,-2.0047264253133132
SKU_025,41,-2.0865753714246593
SKU_025,42,-2.062614536090146
SKU_025,43,-2.1695218805771956
SKU_025,44,-2.0202352663396708
SKU_025,45,-1.9193854725582256
SKU_025,46,-2.0237154509065127
SKU_025,47,-1.9316882758474316
SKU_025,48,-2.0876887319412334
SKU_025,49,-2.053142442727161
SKU_025,50,-2.0410840459090256
SKU_025,51,-1.9976990528051848
SKU_025,52,-2.1396261887188732
SKU_025,53,-2.1075427228376014
SKU_025,54,-1.9479212342066579
SKU_025,55,-2.0036248496649276
SKU_025,56,-2.072097617210704
SKU_025,57,-2.093370174328392
SKU_025,58,-2.0285910165468315
SKU_025,59,-2.013116836621097
SKU_025,60,-2.016545732858257
SKU_025,61,-1.9934275785637243
SKU_025,62,-1.9724227889897619
SKU_025,63,-2.0903871275284276
SKU_025,64,-1.9006518311878322
SKU_025,65,-2.004066637289993
SKU_025,66,-2.0581440456813387
SKU_025,67,-1.9823362104930462
SKU_025,68,-1.8954744309535747
SKU_025,69,-2.0046329471782323
SKU_025,70,-2.052897290043953
SKU_025,71,-2.1164684855838605
SKU_025,72,-2.0675279091724375
SKU_025,73,-2.0556544590493293
SKU_025,74,-1.9322590068382832
SKU_025,75,-2.0681335602005
SKU_025,76,-2.1059597587647327
SKU_025,77,-2.0729653730308217
SKU_025,78,-2.0964801791904093
SKU_025,79,-2.106961784508
SKU_025,80,-2.01495791081835
SKU_025,81,-2.080806328853662
SKU_025,82,-2.103320457793981
SKU_025,83,-1.9997530366321647
SKU_025,84,-2.106934109217721
SKU_025,85,-2.1062734853329856
SKU_025,86,-1.954280981911202
SKU_025,87,-1.9537001665857732
SKU_025,88,-2.0697492912628537
SKU_025,89,-1.9166767840225372
SKU_025,90,-2.052200154540737
SKU_025,91,-2.072307312405722
SKU_025,92,-2.060906304802614
SKU_025,93,-2.015335056780046
SKU_025,94,-2.132436171886856
SKU_025,95,-1.9821092445654758
SKU_025,96,-2.1447101605194043
SKU_025,97,-2.0609765561176983
SKU_025,98,-2.011672868736246
SKU_025,99,-1.9981639050747437
SKU_025,100,-2.020259789477728
SKU_025,101,-1.9881419048882736
SKU_025,102,-2.033676799425755
SKU_025,103,-2.027885699062897
SKU_025,104,-2.128406468679726
SKU_025,105,-2.035932710064785
SKU_025,106,-2.1614006355847555
SKU_025,107,-2.038512370992237
SKU_025,108,-2.12800687008708
SKU_025,109,-2.0893160021963206
SKU_025,110,-2.009043144686512
SKU_025,111,-2.017612356997783
SKU_025,112,-2.0914687585179044
SKU_025,113,-2.1241376125603177
SKU_025,114,-2.0094519990640074
SKU_025,115,-2.0407066775172145
SKU_025,116,-2.1125647199146114
SKU_025,117,-2.073289911393282
SKU_025,118,-1.9705363972891947
SKU_025,119,-2.022283128184533
SKU_025,120,-2.0165541937888793
SKU_025,121,-2.0038274988907028
SKU_025,122,-2.0590493780506143
SKU_025,123,-2.044762495824648
SKU_025,124,-2.04101583958594
SKU_025,125,-1.9473252093596471
SKU_025,126,-2.0136469819514273
SKU_025,127,-2.038299365913144
SKU_025,128,-2.1076809800500995
SKU_025,129,-2.045316140666733
SKU_025,130,-2.0569290920544367
SKU_025,131,-2.041750499180038
SKU_025,132,-2.0765595278502706
SKU_025,133,-1.9955295497301024
SKU_025,134,-1.9696550426912336
SKU_025,135,-1.9603068607003904
SKU_025,136,-1.9547010354672822
SKU_025,137,-2.0759009684960854
SKU_025,138,-2.030450249489557
SKU_025,139,-2.092452968116266
SKU_025,140,-2.0454646276895567
SKU_025,141,-2.033770023644004
SKU_025,142,-2.0634722650382065
SKU_025,143,-2.0230671265433755
SKU_025,144,-2.130539714117742
SKU_025,145,-2.0239928756855896
SKU_025,146,-2.0661625079638455
SKU_025,147,-2.010433457286692
SKU_025,148,-2.0471247136689446
SKU_025,149,-2.0178027006129984
SKU_025,150,-2.001661446899372
SKU_025,151,-2.0403416097772746
SKU_025,152,-2.0160528208756068
SKU_025,153,-2.0618298781587336
SKU_025,154,-2.0753367352772156
SKU_025,155,-1.9438413074765062
SKU_025,156,-2.1437340683834387
SKU_025,157,-2.0209027286024184
SKU_025,158,-2.1405021426509605
SKU_025,159,-2.0456539384212133
SKU_025,160,-2.028707385446799
SKU_025,161,-2.010302659685624
SKU_025,162,-2.0820907792983054
SKU_025,163,-1.9557689008938723
SKU_025,164,-2.066892352187547
SKU_025,165,-2.112561945086862
SKU_025,166,-2.062927559458471
SKU_025,167,-2.075921115256153
SKU_025,168,-2.031101118048523
SKU_025,169,-2.0274460459063093
SKU_025,170,-2.0463964391048366
SKU_025,171,-1.9197321893435926
SKU_025,172,-2.0635122561864128
SKU_025,173,-2.0544480695501273
SKU_025,174,-2.0680471237141655
SKU_025,175,-1.9786847765461926
SKU_025,176,-2.0001476124909137
SKU_025,177,-1.9756107310700735
SKU_025,178,-1.9508627254109043
SKU_025,179,-2.0691509887463746
SKU_025,180,-2.0209688423035965
SKU_025,181,-2.1002807546605484
SKU_025,182,-1.8433222056239775
SKU_025,183,-2.016865528722551
SKU_025,184,-2.1513382819892217
SKU_025,185,-2.0646964398103256
SKU_025,186,-2.0029667475716764
SKU_025,187,-2.063338841238257
SKU_025,188,-1.9822312388195331
SKU_025,189,-1.9906424424459384
SKU_025,190,-1.9697603578989549
SKU_025,191,-2.1162519691615707
SKU_025,192,-2.037386643826656
SKU_025,193,-1.97290715737967
SKU_025,194,-2.0469960141661137
SKU_025,195,-2.046097412422998
SKU_025,196,-2.036955450351211
SKU_025,197,-2.0762401920579254
SKU_025,198,-2.1698982026857068
SKU_025,199,-1.9753817564986804
SKU_025,200,-2.0608608815719482
SKU_025,201,-2.0284335336522785
SKU_025,202,-2.0326973382230786
SKU_025,203,-2.0836498959639407
SKU_025,204,-2.018729432087999
SKU_025,205,-2.013673178124863
SKU_025,206,-2.0236055121015823
SKU_025,207,-2.1116773146835905
SKU_025,208,-2.0367103896263106
SKU_025,209,-2.003560111950365
SKU_025,210,-1.9638281069862913
SKU_025,211,-2.1535462985850167
SKU_025,212,-2.100213394837657
SKU_025,213,-2.0380462461652553
SKU_025,214,-2.0948278743498685
SKU_025,215,-1.949025187474303
SKU_025,216,-2.063403374508191
SKU_025,217,-2.0533240637817856
SKU_025,218,-2.086579469909372
SKU_025,219,-2.115698372805419
SKU_025,220,-2.0759632844869382
SKU_025,221,-1.9658482234663404
SKU_025,222,-2.120159436820734
SKU_025,223,-2.082725959499266
SKU_025,224,-1.9941474846597962
SKU_025,225,-2.0840474291575037
SKU_025,226,-2.0135793860291034
SKU_025,227,-2.0257442542509665
SKU_025,228,-2.0468959923668106
SKU_025,229,-2.0099428051087047
SKU_025,230,-1.9735374418354474
SKU_025,231,-2.0133105836092735
SKU_025,232,-1.9563268582555786
SKU_025,233,-2.068256143167455
SKU_025,234,-2.0020140207136663
SKU_025,235,-2.034069475961607
SKU_025,236,-2.0165765673681477
SKU_025,237,-1.9764593755027062
SKU_025,238,-2.012465754643745
SKU_025,239,-2.036468637998747
SKU_025,240,-2.026715268069074
SKU_025,241,-2.048417131381114
SKU_025,242,-2.025044701105707
SKU_025,243,-2.0789546477940526
SKU_025,244,-2.146554327781292
SKU_025,245,-2.0557424522717436
SKU_025,246,-2.045631701316742
SKU_025,247,-1.9771905522397788
SKU_025,248,-2.0551123286787645
SKU_025,249,-2.054060172160113
SKU_025,250,-2.0094879741125062
SKU_025,251,-2.109654533007123
SKU_025,252,-2.0524021359826543
SKU_025,253,-2.046577961559868
SKU_025,254,-2.0680757076026963
SKU_025,255,-1.9391321336126215
SKU_025,256,-2.068655195260143
SKU_025,257,-1.9603191713952148
SKU_025,258,-2.0808592644432826
SKU_025,259,-2.054859392190427
SKU_025,260,-2.066133458263775
SKU_025,261,-2.0136061214475376
SKU_025,262,-2.150151299334233
SKU_025,263,-2.091912612076832
SKU_025,264,-2.1457124865354817
SKU_025,265,-2.044345396567518
SKU_025,266,-2.0040773695990373
SKU_025,267,-1.9351490705123462
SKU_025,268,-2.096201262036713
SKU_025,269,-2.0829033950287448
SKU_025,270,-2.0047899301476853
SKU_025,271,-1.9310126691599374
SKU_025,272,-2.058970440208936
SKU_025,273,-2.0255826059374913
SKU_025,274,-1.9954449679680137
SKU_025,275,-2.071908554545197
SKU_025,276,-2.105090857575969
SKU_025,277,-1.9824867792295118
SKU_025,278,-2.007391873535683
SKU_025,279,-2.06973040220084
SKU_025,280,-2.044494949250715
SKU_025,281,-1.9380508881914886
SKU_025,282,-1.93847255121234
SKU_025,283,-2.0270728910100657
SKU_025,284,-2.0321680013583485
SKU_025,285,-2.0696280646545278
SKU_025,286,-2.065598542383232
SKU_025,287,-2.0369238262286307
SKU_025,288,-2.1100893793246125
SKU_025,289,-1.91174747154195
SKU_025,290,-2.1064984383694108
SKU_025,291,-2.090039580631517
SKU_025,292,-2.0632845385571033
SKU_025,293,-2.0471937423547297
SKU_025,294,-2.013019502681339
SKU_025,295,-2.080202079096542
SKU_025,296,-2.0797987766535595
SKU_025,297,-2.072863859951861
SKU_025,298,-2.042793365284411
SKU_025,299,-2.0802430269025693
SKU_026,0,-1.8018656885568416
SKU_026,1,-1.8077965735743893
SKU_026,2,-1.8076414832154188
SKU_026,3,-1.7665936886360207
SKU_026,4,-1.7371101497317456
SKU_026,5,-1.881045260930564
SKU_026,6,-1.7864805570456306
SKU_026,7,-1.773646456167657
SKU_026,8,-1.599436443267235
SKU_026,9,-1.853951090496643
SKU_026,10,-1.7522903114795005
SKU_026,11,-1.8952348163850414
SKU_026,12,-1.8045196794128866
SKU_026,13,-1.8885734844215665
SKU_026,14,-1.7793187423059322
SKU_026,15,-1.7703522940418188
SKU_026,16,-1.7373491189279484
SKU_026,17,-1.6934979889584296
SKU_026,18,-1.678772945619809
SKU_026,19,-1.6782359191206722
SKU_026,20,-1.9786935503220948
SKU_026,21,-1.6866588111484668
SKU_026,22,-1.8101140183870759
SKU_026,23,-1.8242332698264014
SKU_026,24,-1.7953411438348466
SKU_026,25,-1.8091160683533103
SKU_026,26,-1.7851837443024015
SKU_026,27,-1.8179704628597815
SKU_026,28,-1.7760948758633543
SKU_026,29,-1.8001085663646978
SKU_026,30,-1.8013420214279563
SKU_026,31,-1.7985984068107632
SKU_026,32,-1.7718025588731339
SKU_026,33,-1.721440261032072
SKU_026,34,-1.8171957303319384
SKU_026,35,-1.7126158979819293
SKU_026,36,-1.8611762791978228
SKU_026,37,-1.7928846661674507
SKU_026,38,-1.8299540763589004
SKU_026,39,-1.817387954678195
SKU_026,40,-1.6901299663417475
SKU_026,41,-1.6597228269521762
SKU_026,42,-1.7901858062203007
SKU_026,43,-1.6935085161841912
SKU_026,44,-1.7089715911305317
SKU_026,45,-1.7208340210657729
SKU_026,46,-1.6966100274867038
SKU_026,47,-1.7920444787272993
SKU_026,48,-1.8832018524772802
SKU_026,49,-1.7614757652446793
SKU_026,50,-1.782040738945178
SKU_026,51,-1.8416585945180488
SKU_026,52,-1.821913965378706
SKU_026,53,-1.7745637357757973
SKU_026,54,-1.7289681792441112
SKU_026,55,-1.813889433269475
SKU_026,56,-1.777367649732495
SKU_026,57,-1.8047888307165931
SKU_026,58,-1.8217022274915269
SKU_026,59,-1.680935329837858
SKU_026,60,-1.8229339029837677
SKU_026,61,-1.7363236728579459
SKU_026,62,-1.8412306317406693
SKU_026,63,-1.847069009721316
SKU_026,64,-1.82222879851515
SKU_026,65,-1.730783478272167
SKU_026,66,-1.821828278628154
SKU_026,67,-1.7680342298888012
SKU_026,68,-1.7393256974994555
SKU_026,69,-1.6744792345474455
SKU_026,70,-1.8440440388414947
SKU_026,71,-1.8400260127710069
SKU_026,72,-1.7832251856646335
SKU_026,73,-1.7026054114737483
SKU_026,74,-1.8570810013020798
SKU_026,75,-1.7750764850421965
SKU_026,76,-1.8155086226561399
SKU_026,77,-1.8306481386301214
SKU_026,78,-1.842611795040202
SKU_026,79,-1.7314963794698757
SKU_026,80,-1.8097178316651972
SKU_026,81,-1.6437870468547957
SKU_026,82,-1.7646660624053643
SKU_026,83,-1.8782812477449315
SKU_026,84,-1.8522348650429452
SKU_026,85,-1.7919656537469855
SKU_026,86,-1.7294238397857655
SKU_026,87,-1.813173850708643
SKU_026,88,-1.7402783609005708
SKU_026,89,-1.8558582038435334
SKU_026,90,-1.7882972758700635
SKU_026,91,-1.7277595353203976
SKU_026,92,-1.8580576524609602
SKU_026,93,-1.724737381860688
SKU_026,94,-1.8929532375135083
SKU_026,95,-1.8469323180485322
SKU_026,96,-1.791720878065558
SKU_026,97,-1.7410284857444986
SKU_026,98,-1.6022254203717203
SKU_026,99,-1.8070178850015686
SKU_026,100,-1.7804561223971154
SKU_026,101,-1.6953395640703393
SKU_026,102,-1.8111055627366643
SKU_026,103,-1.7064309616494056
SKU_026,104,-1.9016424682104895
SKU_026,105,-1.9045818029401935
SKU_026,106,-1.8505125771155069
SKU_026,107,-1.7521863886157814
SKU_026,108,-1.7160616080780207
SKU_026,109,-1.796789128046426
SKU_026,110,-1.7506199217510288
SKU_026,111,-1.7515073747776762
SKU_026,112,-1.913795931193877
SKU_026,113,-1.7684261077707575
SKU_026,114,-1.7016087668474151
SKU_026,115,-1.8915209084001778
SKU_026,116,-1.8016431152860661
SKU_026,117,-1.7309268195959737
SKU_026,118,-1.6746362353166069
SKU_026,119,-1.8469433469519398
SKU_026,120,-1.7362557682375928
SKU_026,121,-1.6913873659251772
SKU_026,122,-1.911828908577826
SKU_026,123,-1.6875263302547026
SKU_026,124,-1.6628101213423245
SKU_026,125,-1.7468634161276775
SKU_026,126,-1.6875977461931917
SKU_026,127,-1.822650695052049
SKU_026,128,-1.680287704162102
SKU_026,129,-1.678288372229527
SKU_026,130,-1.7818930680496685
SKU_026,131,-1.743483242361184
SKU_026,132,-1.8701499903406764
SKU_026,133,-1.7266787900103777
SKU_026,134,-1.8111794845279228
SKU_026,135,-1.8159675927588228
SKU_026,136,-1.697665509614931
SKU_026,137,-1.8401881048442386
SKU_026,138,-1.7402476978744723
SKU_026,139,-1.7520898693251792
SKU_026,140,-1.7330864962433552
SKU_026,141,-1.9281488873721802
SKU_026,142,-1.8616245324762741
SKU_026,143,-1.8456114917192792
SKU_026,144,-1.720981818770607
SKU_026,145,-1.7400345946731324
SKU_026,146,-1.7804804719369811
SKU_026,147,-1.8259687141700445
SKU_026,148,-1.8854695367933678
SKU_026,149,-1.9097994743767681
SKU_026,150,-1.8151371743176872
SKU_026,151,-1.832488709054952
SKU_026,152,-1.7188888880168187
SKU_026,153,-1.8544057454745069
SKU_026,154,-1.7159405895501463
SKU_026,155,-1.8479324014577474
SKU_026,156,-1.770067427080771
SKU_026,157,-1.665208408366687
SKU_026,158,-1.8791284589379986
SKU_026,159,-1.8533478802230443
SKU_026,160,-1.8489592907573273
SKU_026,161,-1.79857320777103
SKU_026,162,-1.7640177155244552
SKU_026,163,-1.8536196692268423
SKU_026,164,-1.7120624385933365
SKU_026,165,-1.8361791560692662
SKU_026,166,-1.7885072493050513
SKU_026,167,-1.9270888439020042
SKU_026,168,-1.7674618072122188
SKU_026,169,-1.6875775746894692
SKU_026,170,-1.8043660076484254
SKU_026,171,-1.8622508031384657
SKU_026,172,-1.8524525794474642
SKU_026,173,-1.7326764443767841
SKU_026,174,-1.8929132130945305
SKU_026,175,-1.8809361768610793
SKU_026,176,-1.777859994951254
SKU_026,177,-1.8414772369225527
SKU_026,178,-1.8809780062152526
SKU_026,179,-1.7975667457200422
SKU_026,180,-1.8204614913357475
SKU_026,181,-1.8785663587615096
SKU_026,182,-1.6688690799885302
SKU_026,183,-1.8886116988897836
SKU_026,184,-1.8002405449494696
SKU_026,185,-1.8521340534011057
SKU_026,186,-1.682167685540151
SKU_026,187,-1.7401046240950406
SKU_026,188,-1.7135445996076555
SKU_026,189,-1.7994049366392921
SKU_026,190,-1.7524957027424186
SKU_026,191,-1.6559023370217663
SKU_026,192,-1.7567724600240855
SKU_026,193,-1.800814882310138
SKU_026,194,-1.7758769251272453
SKU_026,195,-1.6207380567714782
SKU_026,196,-1.77456871026121
SKU_026,197,-1.734509771026183
SKU_026,198,-1.7823268879914276
SKU_026,199,-1.8877513407716986
SKU_026,200,-1.8344964825273047
SKU_026,201,-1.7219744062378533
SKU_026,202,-1.643170894117931
SKU_026,203,-1.9416534033894546
SKU_026,204,-1.7233137240041763
SKU_026,205,-1.8378191659703016
SKU_026,206,-1.7026580386489512
SKU_026,207,-1.9369420713878425
SKU_026,208,-1.7293734619368304
SKU_026,209,-1.7922175659524868
SKU_026,210,-1.908606304682539
SKU_026,211,-1.8383046033122736
SKU_026,212,-1.8919409806105927
SKU_026,213,-1.76465869944533
SKU_026,214,-1.8751879406225636
SKU_026,215,-1.8721663877761348
SKU_026,216,-1.8754661711369858
SKU_026,217,-1.7919564989064973
SKU_026,218,-1.8062296227528023
SKU_026,219,-1.7354895631564502
SKU_026,220,-1.8153034031761124
SKU_026,221,-1.8247302796839673
SKU_026,222,-1.8004305459852996
SKU_026,223,-1.8250851864283135
SKU_026,224,-1.7747697455901146
SKU_026,225,-1.756143719444624
SKU_026,226,-1.7333271389631648
SKU_026,227,-1.693176795949794
SKU_026,228,-1.7863746990064686
SKU_026,229,-1.9095227834319508
SKU_026,230,-1.6783417444194941
SKU_026,231,-1.7650997378150384
SKU_026,232,-1.7271325724049442
SKU_026,233,-1.7620635625740695
SKU_026,234,-1.8040342982686868
SKU_026,235,-1.7686674426410265
SKU_026,236,-1.7907205767072254
SKU_026,237,-1.9339400555558126
SKU_026,238,-1.789675213837656
SKU_026,239,-1.8061332690791514
SKU_026,240,-1.7510339031217748
SKU_026,241,-1.8102177934024746
SKU_026,242,-1.8787981922310402
SKU_026,243,-1.752153277050475
SKU_026,244,-1.9236662431309592
SKU_026,245,-1.8724256168835718
SKU_026,246,-1.7518962967696494
SKU_026,247,-1.710280000404858
SKU_026,248,-1.9703897412868199
SKU_026,249,-1.7858590748874572
SKU_026,250,-1.7720602166464974
SKU_026,251,-1.7386430820745526
SKU_026,252,-1.768870006256353
SKU_026,253,-1.7776686160772417
SKU_026,254,-1.9028621612800385
SKU_026,255,-1.926464810307525
SKU_026,256,-1.764494344140588
SKU_026,257,-1.8644901680857697
SKU_026,258,-1.8769272057092168
SKU_026,259,-1.805487556335138
SKU_026,260,-1.7959988789425674
SKU_026,261,-1.7309948340937351
SKU_026,262,-1.7826859246952358
SKU_026,263,-1.82911708858588
SKU_026,264,-1.8489954044512353
SKU_026,265,-1.721502322150507
SKU_026,266,-1.8628084523989097
SKU_026,267,-1.8058000392584472
SKU_026,268,-1.741627781795639
SKU_026,269,-1.8327956791824271
SKU_026,270,-1.7974614493156853
SKU_026,271,-1.8441599592788318
SKU_026,272,-1.7593639458359187
SKU_026,273,-1.7559238414111837
SKU_026,274,-1.7495967966829455
SKU_026,275,-1.843068776187133
SKU_026,276,-1.8960661181478369
SKU_026,277,-1.809221370476897
SKU_026,278,-1.6671344109114563
SKU_026,279,-1.8935066409782735
SKU_026,280,-1.6929627472188316
SKU_026,281,-1.6607048160289923
SKU_026,282,-1.8405662182344509
SKU_026,283,-1.743540586404923
SKU_026,284,-1.7294472636697662
SKU_026,285,-1.8491502627968246
SKU_026,286,-1.7834545325004971
SKU_026,287,-1.832200647028609
SKU_026,288,-1.8162966899487
SKU_026,289,-1.7565267395312094
SKU_026,290,-1.8743581372294136
SKU_026,291,-1.7679275989861505
SKU_026,292,-1.8520158545416607
SKU_026,293,-1.834642278038069
SKU_026,294,-1.7593281368837748
SKU_026,295,-1.7393233207115353
SKU_026,296,-1.7846934843450748
SKU_026,297,-1.932554663748214
SKU_026,298,-1.7201199136969798
SKU_026,299,-1.7414959094870326
SKU_027,0,-2.1035916167824573
SKU_027,1,-2.0152336357673772
SKU_027,2,-2.0066637358213644
SKU_027,3,-2.0432556090640763
SKU_027,4,-2.0486421335432308
SKU_027,5,-2.0133992770321067
SKU_027,6,-2.1210246853684054
SKU_027,7,-1.919447453391501
SKU_027,8,-2.0094538830081863
SKU_027,9,-2.117481507198822
SKU_027,10,-2.1012012108480125
SKU_027,11,-1.9926931044570122
SKU_027,12,-2.036029715582323
SKU_027,13,-1.9774970343690506
SKU_027,14,-2.036030591055435
SKU_027,15,-2.052710012811035
SKU_027,16,-1.989394357852336
SKU_027,17,-2.0323780774404883
SKU_027,18,-2.128425993925923
SKU_027,19,-2.169820854995085
SKU_027,20,-1.9497391950302
SKU_027,21,-2.111276561206582
SKU_027,22,-2.000535779604578
SKU_027,23,-2.0261254490640876
SKU_027,24,-2.0866022655053835
SKU_027,25,-2.0093886613097576
SKU_027,26,-2.007502296545561
SKU_027,27,-2.0708729747284216
SKU_027,28,-2.0237902415508295
SKU_027,29,-1.9836317702231505
SKU_027,30,-2.000972600283294
SKU_027,31,-2.086715671966705
SKU_027,32,-1.9609013221153453
SKU_027,33,-2.0625986482274956
SKU_027,34,-2.0167062863570373
SKU_027,35,-2.065390276294221
SKU_027,36,-1.9611195113801245
SKU_027,37,-2.058029186795433
SKU_027,38,-1.9609098858529304
SKU_027,39,-2.152144599609667
SKU_027,40,-1.9864356627148034
SKU_027,41,-2.0899480139298023
SKU_027,42,-2.069851002953599
SKU_027,43,-2.2349827760374863
SKU_027,44,-2.0245528387088334
SKU_027,45,-1.9689189027660996
SKU_027,46,-2.0415865563962017
SKU_027,47,-2.028170173525248
SKU_027,48,-2.0678671100694093
SKU_027,49,-2.0668464911810798
SKU_027,50,-2.043698575056238
SKU_027,51,-2.0250976480771024
SKU_027,52,-2.138824393302595
SKU_027,53,-2.1215378397507636
SKU_027,54,-2.0158526895528426
SKU_027,55,-2.064192349328404
SKU_027,56,-2.115518340934343
SKU_027,57,-2.0144604147391125
SKU_027,58,-2.024275489749395
SKU_027,59,-1.9937078478786625
SKU_027,60,-2.0051209304987676
SKU_027,61,-2.0631832412108717
SKU_027,62,-2.016015694391302
SKU_027,63,-2.0794640295096185
SKU_027,64,-2.0690203961410405
SKU_027,65,-2.0119108922452154
SKU_027,66,-2.0505447391136697
SKU_027,67,-2.0296690054144486
SKU_027,68,-2.054852307917197
SKU_027,69,-2.080338599101435
SKU_027,70,-2.0803351677507953
SKU_027,71,-2.149797463876325
SKU_027,72,-1.972860094978976
SKU_027,73,-2.025419860123797
SKU_027,74,-2.0868160897906045
SKU_027,75,-2.063681367927584
SKU_027,76,-2.0825456743907287
SKU_027,77,-2.0739931710711264
SKU_027,78,-2.091366412706181
SKU_027,79,-2.0688140778379034
SKU_027,80,-2.0126612173711864
SKU_027,81,-2.064981399057593
SKU_027,82,-2.103975789349915
SKU_027,83,-2.1047528949547134
SKU_027,84,-2.0960288364129354
SKU_027,85,-2.1841676691370155
SKU_027,86,-1.9738398797292076
SKU_027,87,-1.8917674935661783
SKU_027,88,-2.067612110432808
SKU_027,89,-1.9746081727627516
SKU_027,90,-2.0608300473566477
SKU_027,91,-2.0214190623342736
SKU_027,92,-2.071212420662404
SKU_027,93,-2.016535224335266
SKU_027,94,-2.0313331391085474
SKU_027,95,-1.976656561272513
SKU_027,96,-2.141555655830031
SKU_027,97,-2.083909784257096
SKU_027,98,-2.017247949841148
SKU_027,99,-1.992362171966341
SKU_027,100,-2.032855795755873
SKU_027,101,-1.9941246222943372
SKU_027,102,-2.05281541654824
SKU_027,103,-2.0174433744409344
SKU_027,104,-2.061771729274924
SKU_027,105,-1.9904491448982948
SKU_027,106,-2.13426038695135
SKU_027,107,-1.9922005930058864
SKU_027,108,-2.145683377770471
SKU_027,109,-2.0285818310814903
SKU_027,110,-2.0194674269713944
SKU_027,111,-2.018364441435296
SKU_027,112,-2.0913386838417716
SKU_027,113,-2.210103830427041
SKU_027,114,-2.034688777308712
SKU_027,115,-2.0535699202255246
SKU_027,116,-2.0396380146986437
SKU_027,117,-2.049953773353428
SKU_027,118,-1.9716011289930122
SKU_027,119,-1.965083047531168
SKU_027,120,-2.0165943269910924
SKU_027,121,-1.9976875330698811
SKU_027,122,-2.00486620282809
SKU_027,123,-2.066660298178937
SKU_027,124,-2.051087015564004
SKU_027,125,-1.9923287739980187
SKU_027,126,-2.0334369512660375
SKU_027,127,-2.038930860885654
SKU_027,128,-2.1457027825419286
SKU_027,129,-2.0404515873760714
SKU_027,130,-2.0430611719306095
SKU_027,131,-2.0412556548759455
SKU_027,132,-2.053096465389244
SKU_027,133,-1.990360761402472
SKU_027,134,-2.030411152580549
SKU_027,135,-1.9635230885773958
SKU_027,136,-1.9862356971448676
SKU_027,137,-2.0712035980566803
SKU_027,138,-1.9901809695503296
SKU_027,139,-2.112442795260456
SKU_027,140,-2.0398122289309604
SKU_027,141,-2.0055545779686135
SKU_027,142,-2.107632314352642
SKU_027,143,-2.003193599968913
SKU_027,144,-2.0092409360100314
SKU_027,145,-2.007203054069819
SKU_027,146,-2.128960642928387
SKU_027,147,-2.0023328370985967
SKU_027,148,-2.1429562103124944
SKU_027,149,-2.0261604797425536
SKU_027,150,-1.986140594262875
SKU_027,151,-2.0141248865988275
SKU_027,152,-2.0205769095590402
SKU_027,153,-2.07342112281756
SKU_027,154,-2.114353189228886
SKU_027,155,-1.9314910366977862
SKU_027,156,-2.1958856746238804
SKU_027,157,-2.0262126059408154
SKU_027,158,-2.0543845775623675
SKU_027,159,-2.045822597326463
SKU_027,160,-2.030791810098393
SKU_027,161,-2.0105273386495344
SKU_027,162,-2.0267699458384985
SKU_027,163,-1.9403447437050505
SKU_027,164,-2.075960645699765
SKU_027,165,-2.0745909312563047
SKU_027,166,-2.0300039367915588
SKU_027,167,-2.0018467125272514
SKU_027,168,-2.042713891372991
SKU_027,169,-2.020535801084303
SKU_027,170,-2.0444224060894705
SKU_027,171,-1.95570986750094
SKU_027,172,-2.0718619697316525
SKU_027,173,-2.1334966748340016
SKU_027,174,-2.0950234778933767
SKU_027,175,-1.9977895987809622
SKU_027,176,-2.0025542118189
SKU_027,177,-1.993417917250381
SKU_027,178,-2.007034125629555
SKU_027,179,-2.0494111382463642
SKU_027,180,-2.0464947007184993
SKU_027,181,-2.144457392105051
SKU_027,182,-2.1455917214166473
SKU_027,183,-1.9789205301568975
SKU_027,184,-2.1139393420094925
SKU_027,185,-2.026213063926891
SKU_027,186,-2.0401595113004203
SKU_027,187,-2.1301779989851166
SKU_027,188,-1.9958649988695836
SKU_027,189,-1.9191468426811953
SKU_027,190,-1.9266866840757875
SKU_027,191,-2.111146462596672
SKU_027,192,-2.0430748465809403
SKU_027,193,-1.9570484707026436
SKU_027,194,-2.037927900819907
SKU_027,195,-2.054985348147111
SKU_027,196,-2.049066904843828
SKU_027,197,-2.064307997082977
SKU_027,198,-2.036490428393065
SKU_027,199,-1.973548814236739
SKU_027,200,-2.101434305877762
SKU_027,201,-1.9958548792410116
SKU_027,202,-2.0384688283608376
SKU_027,203,-2.093167193175519
SKU_027,204,-1.9811719206666323
SKU_027,205,-2.034798589425642
SKU_027,206,-1.983199254733505
SKU_027,207,-2.0991004043835835
SKU_027,208,-2.0504530197941757
SKU_027,209,-2.111178553267825
SKU_027,210,-2.019165998025706
SKU_027,211,-2.057640833355118
SKU_027,212,-2.001871544412243
SKU_027,213,-2.031808753014693
SKU_027,214,-2.0946584880687653
SKU_027,215,-1.9775343097542004
SKU_027,216,-2.042683032614748
SKU_027,217,-2.04627899930582
SKU_027,218,-2.093329891200128
SKU_027,219,-2.0614605363488483
SKU_027,220,-2.0847263457251692
SKU_027,221,-1.9687462510725373
SKU_027,222,-2.1335135100926563
SKU_027,223,-2.0511242105751206
SKU_027,224,-1.9767466357763488
SKU_027,225,-2.069480568820133
SKU_027,226,-2.0137418774701583
SKU_027,227,-2.0227288493135487
SKU_027,228,-2.0327259118204135
SKU_027,229,-2.2559836545345107
SKU_027,230,-1.9753063508709325
SKU_027,231,-1.9731162770065869
SKU_027,232,-2.0448457820079646
SKU_027,233,-2.0764940995788796
SKU_027,234,-1.9865780229407084
SKU_027,235,-2.036472369669939
SKU_027,236,-2.0273165275960157
SKU_027,237,-1.961958914181794
SKU_027,238,-2.026964449149135
SKU_027,239,-2.031538624988201
SKU_027,240,-2.023115601218777
SKU_027,241,-2.1045519319202364
SKU_027,242,-2.0276497272169163
SKU_027,243,-2.0785789286729277
SKU_027,244,-2.0416285458480985
SKU_027,245,-2.0356625921845737
SKU_027,246,-2.011366478944622
SKU_027,247,-2.0520203456295447
SKU_027,248,-2.063164127152992
SKU_027,249,-2.057818640591181
SKU_027,250,-1.9785069216930684
SKU_027,251,-2.11630764294706
SKU_027,252,-1.9952155965100125
SKU_027,253,-2.0443549889272026
SKU_027,254,-2.0606473323595034
SKU_027,255,-1.9711029505959394
SKU_027,256,-2.015659489896448
SKU_027,257,-1.9507773560965578
SKU_027,258,-2.0861943628744646
SKU_027,259,-2.0360958972350285
SKU_027,260,-2.1344914738232745
SKU_027,261,-2.1856901430083138
SKU_027,262,-1.9646229876660577
SKU_027,263,-2.157078421324934
SKU_027,264,-2.121654470860354
SKU_027,265,-1.9259315156806656
SKU_027,266,-2.159641439497562
SKU_027,267,-2.0621507030063144
SKU_027,268,-2.076999190962012
SKU_027,269,-2.091882231357736
SKU_027,270,-1.9964350472479657
SKU_027,271,-2.019587775850001
SKU_027,272,-2.081840189722594
SKU_027,273,-2.0484771906542925
SKU_027,274,-1.993162036999994
SKU_027,275,-1.971976981673031
SKU_027,276,-2.113383223834569
SKU_027,277,-1.9861137550571746
SKU_027,278,-2.008321421475265
SKU_027,279,-2.0613176610157025
SKU_027,280,-2.0595897778003356
SKU_027,281,-1.9340108313589606
SKU_027,282,-2.0932845445690034
SKU_027,283,-2.0331861984188033
SKU_027,284,-2.0389545465780796
SKU_027,285,-2.0679128745509447
SKU_027,286,-2.0794709687896216
SKU_027,287,-2.043348503113834
SKU_027,288,-2.1025218066029194
SKU_027,289,-1.9143110391707976
SKU_027,290,-2.115377090727499
SKU_027,291,-2.0696681541616906
SKU_027,292,-2.068261376590901
SKU_027,293,-2.0456425336184627
SKU_027,294,-2.1034975573130534
SKU_027,295,-2.0669477842188644
SKU_027,296,-2.0915280013835735
SKU_027,297,-2.0042640945626737
SKU_027,298,-2.0033726170552426
SKU_027,299,-2.083484741197095
SKU_028,0,-2.033029602714176
SKU_028,1,-1.8753083353391735
SKU_028,2,-2.0773905196829396
SKU_028,3,-1.9967364737193642
SKU_028,4,-2.039360753166796
SKU_028,5,-1.9851938667224154
SKU_028,6,-1.985950753718173
SKU_028,7,-1.9446514636092271
SKU_028,8,-2.0440109825598647
SKU_028,9,-2.1036712240714617
SKU_028,10,-2.095922519025869
SKU_028,11,-1.9926660480073248
SKU_028,12,-2.040173177924414
SKU_028,13,-1.9949356092202286
SKU_028,14,-2.0354667812264777
SKU_028,15,-2.058671022879175
SKU_028,16,-1.985923295512825
SKU_028,17,-1.9965182754927282
SKU_028,18,-2.1202356860945804
SKU_028,19,-1.9137274939854818
SKU_028,20,-1.9404241344017246
SKU_028,21,-2.050723638869028
SKU_028,22,-2.0016732431668767
SKU_028,23,-2.0044905492879432
SKU_028,24,-2.0571606974411623
SKU_028,25,-2.010069546111842
SKU_028,26,-1.97900456979458
SKU_028,27,-2.0068154785846075
SKU_028,28,-2.006525552152862
SKU_028,29,-2.026278361370626
SKU_028,30,-1.996558196763891
SKU_028,31,-2.0803120055125395
SKU_028,32,-1.9621819812101755
SKU_028,33,-2.0544927536932063
SKU_028,34,-2.029339927193846
SKU_028,35,-2.025005893922177
SKU_028,36,-1.961617616536407
SKU_028,37,-2.128005501789474
SKU_028,38,-1.959082927207318
SKU_028,39,-1.9549833948782918
SKU_028,40,-1.9600470361793263
SKU_028,41,-2.0929017496082922
SKU_028,42,-2.063881418111254
SKU_028,43,-2.05045164350508
SKU_028,44,-2.02622485240606
SKU_028,45,-2.0249982711953916
SKU_028,46,-2.0115460324599255
SKU_028,47,-1.9869922182301003
SKU_028,48,-2.119538921688024
SKU_028,49,-1.972366624783799
SKU_028,50,-2.0243286559499696
SKU_028,51,-2.022839563994034
SKU_028,52,-2.140164238004067
SKU_028,53,-2.1236359419741904
SKU_028,54,-1.9605201359578628
SKU_028,55,-2.0491212760767885
SKU_028,56,-2.1047521188264247
SKU_028,57,-2.059600555080377
SKU_028,58,-2.0292370642310287
SKU_028,59,-1.9615509427624016
SKU_028,60,-2.004355237149469
SKU_028,61,-2.0089181648490815
SKU_028,62,-1.9304073120458125
SKU_028,63,-2.068125590731192
SKU_028,64,-2.0040422977065995
SKU_028,65,-2.048572138782425
SKU_028,66,-2.058569452284214
SKU_028,67,-1.9883633019401024
SKU_028,68,-2.0240509508974163
SKU_028,69,-2.0371471250679862
SKU_028,70,-2.0134184081063173
SKU_028,71,-2.175133631844433
SKU_028,72,-1.955641915052645
SKU_028,73,-2.0483914154573526
SKU_028,74,-1.9206383684548043
SKU_028,75,-2.075747673520942
SKU_028,76,-2.0678581094393786
SKU_028,77,-2.0766484907862597
SKU_028,78,-2.075810319716339
SKU_028,79,-2.058960172161963
SKU_028,80,-1.9910362651877915
SKU_028,81,-2.076392093968401
SKU_028,82,-2.107639616530902
SKU_028,83,-2.0410219050030376
SKU_028,84,-2.104507191877742
SKU_028,85,-2.164505511049919
SKU_028,86,-1.9722323912604172
SKU_028,87,-2.0466920766918184
SKU_028,88,-2.0747600015296994
SKU_028,89,-1.9593875297575185
SKU_028,90,-2.1012411589975204
SKU_028,91,-2.172132130285838
SKU_028,92,-2.0596291525853196
SKU_028,93,-1.9710038349932644
SKU_028,94,-2.0216425271534657
SKU_028,95,-1.9838027096402495
SKU_028,96,-1.9206428697222735
SKU_028,97,-2.071881578984674
SKU_028,98,-2.0256286272240476
SKU_028,99,-1.9939248565922287
SKU_028,100,-2.0201237403605155
SKU_028,101,-2.0248167148865455
SKU_028,102,-2.0327549272036443
SKU_028,103,-2.0180135690363277
SKU_028,104,-2.040898023265981
SKU_028,105,-2.0102264333389956
SKU_028,106,-2.100653928657661
SKU_028,107,-2.005305752393099
SKU_028,108,-2.0522358259443387
SKU_028,109,-2.028192564704379
SKU_028,110,-1.9878203213914825
SKU_028,111,-2.0188540152188112
SKU_028,112,-2.0857817655685973
SKU_028,113,-2.079234053990153
SKU_028,114,-2.033254901708899
SKU_028,115,-2.05124467459214
SKU_028,116,-2.018876376145968
SKU_028,117,-2.081204529950708
SKU_028,118,-1.9416394605245804
SKU_028,119,-2.038115513502082
SKU_028,120,-2.0166950369280277
SKU_028,121,-2.010496824717251
SKU_028,122,-2.015025013350374
SKU_028,123,-2.064502685700497
SKU_028,124,-2.018390313872
SKU_028,125,-1.9509346524563551
SKU_028,126,-2.0728147930501524
SKU_028,127,-2.0360877527195527
SKU_028,128,-2.0067464092241143
SKU_028,129,-2.045302791511467
SKU_028,130,-2.0347092982636834
SKU_028,131,-2.0411382917267127
SKU_028,132,-2.0815892201082917
SKU_028,133,-1.9932991074780984
SKU_028,134,-2.0082103686365484
SKU_028,135,-1.9558237349899747
SKU_028,136,-1.9493134765856737
SKU_028,137,-2.0525520683372203
SKU_028,138,-2.015681058956641
SKU_028,139,-2.030950044101178
SKU_028,140,-2.0358189817069894
SKU_028,141,-1.9861079948490872
SKU_028,142,-2.092160031083498
SKU_028,143,-2.0402641138113617
SKU_028,144,-1.901093499364997
SKU_028,145,-2.0271620323876185
SKU_028,146,-2.0729328317789575
SKU_028,147,-1.9961948964904948
SKU_028,148,-2.03458422053533
SKU_028,149,-2.0346462661249354
SKU_028,150,-1.995939628763864
SKU_028,151,-2.021044184343068
SKU_028,152,-2.026242563279749
SKU_028,153,-2.06457608135998
SKU_028,154,-1.992520252307479
SKU_028,155,-1.9135702302383484
SKU_028,156,-2.028470784300213
SKU_028,157,-2.020570193729511
SKU_028,158,-2.029360502948834
SKU_028,159,-2.029145629927277
SKU_028,160,-2.030701062027307
SKU_028,161,-2.0104593691751735
SKU_028,162,-2.0868568218606267
SKU_028,163,-1.918067422737656
SKU_028,164,-2.061494309958266
SKU_028,165,-2.049568995426983
SKU_028,166,-2.0270586204783725
SKU_028,167,-1.9885152956691226
SKU_028,168,-2.0130361798656113
SKU_028,169,-1.9946526540619556
SKU_028,170,-2.0446741498070793
SKU_028,171,-1.9311292062831356
SKU_028,172,-2.073595105013541
SKU_028,173,-2.0264287665630487
SKU_028,174,-1.995782468621614
SKU_028,175,-1.9795068388152104
SKU_028,176,-1.9769906574159728
SKU_028,177,-1.9401636492312262
SKU_028,178,-1.9548030949636164
SKU_028,179,-2.0240281755475813
SKU_028,180,-2.037505862177828
SKU_028,181,-1.9997604166338916
SKU_028,182,-2.0575521382141364
SKU_028,183,-1.9925615037858324
SKU_028,184,-2.165905983561797
SKU_028,185,-2.025860900936368
SKU_028,186,-2.0050955628171847
SKU_028,187,-2.0621017397778973
SKU_028,188,-1.9979834483071388
SKU_028,189,-1.9614481899898966
SKU_028,190,-1.9568654507776522
SKU_028,191,-2.1089885562837383
SKU_028,192,-2.0489900256600437
SKU_028,193,-1.8721419117710132
SKU_028,194,-2.0367180033679793
SKU_028,195,-2.0161151165429883
SKU_028,196,-2.0390449594424798
SKU_028,197,-2.0742897408992436
SKU_028,198,-1.9858248857513072
SKU_028,199,-1.984126035412251
SKU_028,200,-2.088460623265362
SKU_028,201,-1.83826118075951
SKU_028,202,-2.0377718731448837
SKU_028,203,-2.1109753358028853
SKU_028,204,-1.9609647219168054
SKU_028,205,-2.053156560919774
SKU_028,206,-1.951378935705353
SKU_028,207,-2.0842449857438328
SKU_028,208,-2.0114337699692673
SKU_028,209,-2.0078204281893286
SKU_028,210,-2.0050287512932075
SKU_028,211,-2.002671403827713
SKU_028,212,-1.9337877153858924
SKU_028,213,-2.0332354456182835
SKU_028,214,-2.1044664345205164
SKU_028,215,-1.8307578355984515
SKU_028,216,-2.0752308699841877
SKU_028,217,-2.0596864000044603
SKU_028,218,-2.096993258008523
SKU_028,219,-2.0309492124175494
SKU_028,220,-2.0940879170382773
SKU_028,221,-1.966536283347898
SKU_028,222,-2.0819833717347014
SKU_028,223,-2.0031737109400627
SKU_028,224,-1.951107372312005
SKU_028,225,-1.9783812711186344
SKU_028,226,-2.018036717146565
SKU_028,227,-2.024845269167893
SKU_028,228,-2.0405935339126726
SKU_028,229,-2.2939752442590904
SKU_028,230,-1.9724780828111927
SKU_028,231,-1.9092789977384717
SKU_028,232,-2.046427049519046
SKU_028,233,-1.9283587431476081
SKU_028,234,-1.98401210638011
SKU_028,235,-1.9958345068428516
SKU_028,236,-2.030121852442819
SKU_028,237,-1.9621306223375463
SKU_028,238,-2.0252534816773053
SKU_028,239,-2.0320970187530887
SKU_028,240,-2.033674677044558
SKU_028,241,-2.07758306448848
SKU_028,242,-2.0262888600077646
SKU_028,243,-2.0803627958923547
SKU_028,244,-2.0471181478309104
SKU_028,245,-1.939202071810687
SKU_028,246,-2.0334138829547164
SKU_028,247,-1.9843829721524209
SKU_028,248,-1.9658487167223042
SKU_028,249,-2.0615733224512143
SKU_028,250,-2.0295739902522487
SKU_028,251,-2.1101454596049503
SKU_028,252,-2.025803254579353
SKU_028,253,-2.0014951178612885
SKU_028,254,-2.0228058709591195
SKU_028,255,-1.971600298346918
SKU_028,256,-2.036396537852643
SKU_028,257,-1.9539283490417738
SKU_028,258,-2.071334884746235
SKU_028,259,-2.03315297743863
SKU_028,260,-2.0816293172259583
SKU_028,261,-2.091089640053741
SKU_028,262,-2.070200325893597
SKU_028,263,-2.0332208873451303
SKU_028,264,-2.1045751166899174
SKU_028,265,-2.0277514220376363
SKU_028,266,-2.0574972969030743
SKU_028,267,-2.0537851095046458
SKU_028,268,-2.0966354478968516
SKU_028,269,-2.117180099099665
SKU_028,270,-1.9343914295153495
SKU_028,271,-2.0536345410394747
SKU_028,272,-2.080271521712023
SKU_028,273,-2.103928552140203
SKU_028,274,-2.0277850323176336
SKU_028,275,-1.9305719685045748
SKU_028,276,-2.13065316037014
SKU_028,277,-1.9898282940369512
SKU_028,278,-2.001359051061153
SKU_028,279,-1.9781112383356694
SKU_028,280,-2.0543096638612726
SKU_028,281,-1.9187596368710793
SKU_028,282,-2.035506791832083
SKU_028,283,-2.031853649059003
SKU_028,284,-2.018184306393842
SKU_028,285,-2.070573164295298
SKU_028,286,-2.0223669865214826
SKU_028,287,-2.036513878097182
SKU_028,288,-2.1257099897313743
SKU_028,289,-1.9429365375471463
SKU_028,290,-2.226753119998354
SKU_028,291,-2.066168572015191
SKU_028,292,-2.075017082166211
SKU_028,293,-2.053330955575758
SKU_028,294,-2.024191765857545
SKU_028,295,-2.0395634681339176
SKU_028,296,-2.0986348943670774
SKU_028,297,-2.054701595941529
SKU_028,298,-1.9753142058153796
SKU_028,299,-2.072672459158684
SKU_029,0,-2.167063875802999
SKU_029,1,-2.0030462822448056
SKU_029,2,-2.0215030478065943
SKU_029,3,-2.0048940828573354
SKU_029,4,-2.005623381972426
SKU_029,5,-2.004013247920655
SKU_029,6,-1.9813919920061493
SKU_029,7,-1.934580913903025
SKU_029,8,-2.0505115651485526
SKU_029,9,-2.1167876474957894
SKU_029,10,-2.0908807160222014
SKU_029,11,-1.9929995504834368
SKU_029,12,-2.038688432085922
SKU_029,13,-1.9732512784526293
SKU_029,14,-2.0238339619448067
SKU_029,15,-2.0419930470149366
SKU_029,16,-1.9929312862525077
SKU_029,17,-2.0046617836808913
SKU_029,18,-2.1118654100073773
SKU_029,19,-2.058004704942925
SKU_029,20,-1.9533166984690504
SKU_029,21,-1.9768677478929197
SKU_029,22,-2.0048668437155923
SKU_029,23,-1.9913441222561858
SKU_029,24,-2.0582053270083103
SKU_029,25,-1.992903481828894
SKU_029,26,-1.9674918711477363
SKU_029,27,-1.9927663677103447
SKU_029,28,-1.97188447066168
SKU_029,29,-1.9927251863157363
SKU_029,30,-1.99642171189871
SKU_029,31,-2.0706325005975468
SKU_029,32,-1.964364495296597
SKU_029,33,-2.0535215250347316
SKU_029,34,-2.0262671235954253
SKU_029,35,-2.041487980621185
SKU_029,36,-1.9600367129632417
SKU_029,37,-2.011171260261714
SKU_029,38,-1.9469654953887714
SKU_029,39,-2.0304687098734515
SKU_029,40,-2.0198459641661564
SKU_029,41,-2.0966804508918657
SKU_029,42,-2.061624534703647
SKU_029,43,-2.1505431412578164
SKU_029,44,-2.017126873125359
SKU_029,45,-1.9257966241501618
SKU_029,46,-2.0329012065342287
SKU_029,47,-2.030845196967102
SKU_029,48,-2.100778525485122
SKU_029,49,-1.993308475395052
SKU_029,50,-2.0490478336945612
SKU_029,51,-2.018068249346434
SKU_029,52,-2.1386908442458066
SKU_029,53,-2.1162258935465026
SKU_029,54,-1.9544777788090155
SKU_029,55,-2.048901853205495
SKU_029,56,-2.096144756101818
SKU_029,57,-2.0948848697715605
SKU_029,58,-2.0411434894990625
SKU_029,59,-1.9772801469392054
SKU_029,60,-2.0212686920145395
SKU_029,61,-1.9329125196868484
SKU_029,62,-1.94089143452267
SKU_029,63,-2.0921593984743367
SKU_029,64,-1.953002934120256
SKU_029,65,-2.01347649169633
SKU_029,66,-2.0552712295533695
SKU_029,67,-1.98534290544895
SKU_029,68,-2.032804002147557
SKU_029,69,-1.9781218190768812
SKU_029,70,-2.0347694283412636
SKU_029,71,-2.009786789419341
SKU_029,72,-2.034882992451159
SKU_029,73,-2.1037302676959952
SKU_029,74,-2.0943614148593417
SKU_029,75,-2.0613063329241665
SKU_029,76,-2.11050314441003
SKU_029,77,-2.076975774513553
SKU_029,78,-2.093202867154322
SKU_029,79,-2.1025514237285203
SKU_029,80,-1.9983711699418425
SKU_029,81,-2.09970761632187
SKU_029,82,-2.110479928524093
SKU_029,83,-2.1770610825742454
SKU_029,84,-2.10395216039399
SKU_029,85,-2.1052976098497553
SKU_029,86,-2.003474607459305
SKU_029,87,-1.995779737142497
SKU_029,88,-2.0846921132875944
SKU_029,89,-1.9685787453694505
SKU_029,90,-2.058832504599979
SKU_029,91,-2.0456410637223645
SKU_029,92,-2.06309130089852
SKU_029,93,-1.9296465936439884
SKU_029,94,-1.9811772280289874
SKU_029,95,-1.979611083695799
SKU_029,96,-1.9907548490035945
SKU_029,97,-2.0729034772003883
SKU_029,98,-2.0234426659096783
SKU_029,99,-2.00238872518347
SKU_029,100,-2.050363033533039
SKU_029,101,-2.0097533593498893
SKU_029,102,-2.0476016946389706
SKU_029,103,-2.0077076822506235
SKU_029,104,-2.0610183241599374
SKU_029,105,-2.0564635255004267
SKU_029,106,-2.106115899414972
SKU_029,107,-1.9977521064448212
SKU_029,108,-2.0551051886074023
SKU_029,109,-2.046108955465086
SKU_029,110,-2.0212880957454527
SKU_029,111,-2.0179144957721715
SKU_029,112,-2.0858376526219877
SKU_029,113,-2.081343534459692
SKU_029,114,-2.0340036469230323
SKU_029,115,-2.0355731920939286
SKU_029,116,-2.0424691722708483
SKU_029,117,-2.070834797265316
SKU_029,118,-1.992497195851862
SKU_029,119,-1.9162778228914163
SKU_029,120,-2.0165016412391448
SKU_029,121,-2.0140238437443045
SKU_029,122,-1.9981306643574817
SKU_029,123,-2.0009999461512304
SKU_029,124,-2.0422306726778934
SKU_029,125,-1.993317985026042
SKU_029,126,-1.9742435779260776
SKU_029,127,-2.0311135505896405
SKU_029,128,-1.9542588225134963
SKU_029,129,-1.9974940027238797
SKU_029,130,-1.9803177472642641
SKU_029,131,-2.040987716714049
SKU_029,132,-2.0492857131537106
SKU_029,133,-1.997857849494323
SKU_029,134,-1.8788231190921192
SKU_029,135,-1.9609511718651618
SKU_029,136,-1.950183606240678
SKU_029,137,-2.0661826171248285
SKU_029,138,-2.0364439782373616
SKU_029,139,-2.0308322138462818
SKU_029,140,-2.0434056411507373
SKU_029,141,-2.0051413326042984
SKU_029,142,-2.0989486457777806
SKU_029,143,-2.0089528362052516
SKU_029,144,-2.09762640077042
SKU_029,145,-2.0219995423154518
SKU_029,146,-2.090719285964411
SKU_029,147,-1.9013658134180567
SKU_029,148,-2.1168992198981953
SKU_029,149,-2.034618798747294
SKU_029,150,-1.9865158972549792
SKU_029,151,-2.044723668744018
SKU_029,152,-2.0208678035898493
SKU_029,153,-2.058864147264978
SKU_029,154,-1.992358594684647
SKU_029,155,-1.9678835684706164
SKU_029,156,-2.0379063495022645
SKU_029,157,-2.0055941411332094
SKU_029,158,-1.996906578170577
SKU_029,159,-2.053897611306117
SKU_029,160,-2.0341681398905966
SKU_029,161,-2.0103539515123563
SKU_029,162,-2.0257356513849976
SKU_029,163,-1.9652417699542761
SKU_029,164,-2.070491118658132
SKU_029,165,-2.0841970384648074
SKU_029,166,-1.9922140130746415
SKU_029,167,-2.011189983563405
SKU_029,168,-2.1111056187304285
SKU_029,169,-2.019498472516714
SKU_029,170,-2.043029217068543
SKU_029,171,-2.0029272510370144
SKU_029,172,-2.063951028362847
SKU_029,173,-2.045281257532383
SKU_029,174,-2.0830424888946624
SKU_029,175,-2.0267750810304177
SKU_029,176,-1.999058149718352
SKU_029,177,-1.9935024855488064
SKU_029,178,-1.9892156580796758
SKU_029,179,-2.060938224657447
SKU_029,180,-2.0776759832555673
SKU_029,181,-2.029973239387131
SKU_029,182,-2.1718873938328467
SKU_029,183,-2.0373635457566985
SKU_029,184,-2.112267183199855
SKU_029,185,-2.031825259793672
SKU_029,186,-2.0609598481473475
SKU_029,187,-1.9926435912593043
SKU_029,188,-1.9975184573690772
SKU_029,189,-2.01369570852621
SKU_029,190,-1.9198632377421032
SKU_029,191,-2.1215469556128768
SKU_029,192,-2.058361643620933
SKU_029,193,-1.9274086863092854
SKU_029,194,-2.045153178880345
SKU_029,195,-2.006874768290567
SKU_029,196,-2.045553555815639
SKU_029,197,-2.0748578773779602
SKU_029,198,-2.0754780156744914
SKU_029,199,-1.9635237248021986
SKU_029,200,-2.0857765205705356
SKU_029,201,-1.9443664022068945
SKU_029,202,-2.0303995954215366
SKU_029,203,-2.073618220519136
SKU_029,204,-1.9663043545189802
SKU_029,205,-2.0564747918868616
SKU_029,206,-1.9757923021274197
SKU_029,207,-2.07571146540651
SKU_029,208,-2.073843919678844
SKU_029,209,-1.9605536861476607
SKU_029,210,-2.0119147277714515
SKU_029,211,-2.1181026949356316
SKU_029,212,-2.0495139793576884
SKU_029,213,-2.0405796893271875
SKU_029,214,-2.0991737409396367
SKU_029,215,-1.9972254452681781
SKU_029,216,-2.053838912083157
SKU_029,217,-2.0808788287170543
SKU_029,218,-1.9502724508898182
SKU_029,219,-2.045608166039506
SKU_029,220,-2.0780016399377343
SKU_029,221,-1.9680240195940826
SKU_029,222,-2.102679637962854
SKU_029,223,-2.065586055027658
SKU_029,224,-1.988724722597584
SKU_029,225,-1.9889165631081716
SKU_029,226,-2.0148517925000182
SKU_029,227,-2.023518555073415
SKU_029,228,-2.030693693132433
SKU_029,229,-1.9311127652332951
SKU_029,230,-1.9756044552579695
SKU_029,231,-2.070434377027253
SKU_029,232,-2.097966934838383
SKU_029,233,-1.9937013402609318
SKU_029,234,-1.9813321348946062
SKU_029,235,-1.9983500273249126
SKU_029,236,-2.0102334334403658
SKU_029,237,-1.9787540959614516
SKU_029,238,-2.0289120748524097
SKU_029,239,-2.03787464428112
SKU_029,240,-2.0319735420967278
SKU_029,241,-1.9872890847895686
SKU_029,242,-2.025240675123522
SKU_029,243,-2.0776781507670603
SKU_029,244,-2.087278631834967
SKU_029,245,-1.9911862882472582
SKU_029,246,-2.021190267955842
SKU_029,247,-2.0173792526668533
SKU_029,248,-2.0004153654883003
SKU_029,249,-2.060447339895782
SKU_029,250,-1.9975004020140723
SKU_029,251,-2.1145595830347337
SKU_029,252,-2.039608556760941
SKU_029,253,-2.0551430285121444
SKU_029,254,-2.020384261375211
SKU_029,255,-1.9557673376081777
SKU_029,256,-2.05552328677033
SKU_029,257,-1.9479292831740722
SKU_029,258,-2.0388840445942056
SKU_029,259,-2.0353413864156655
SKU_029,260,-2.0768693522628667
SKU_029,261,-1.9913411223425665
SKU_029,262,-2.124485280471609
SKU_029,263,-2.0471537296309554
SKU_029,264,-1.9637262018990649
SKU_029,265,-1.968579164831513
SKU_029,266,-1.9935728242514672
SKU_029,267,-2.0696414998018597
SKU_029,268,-2.1053305166275966
SKU_029,269,-2.0773187296099396
SKU_029,270,-2.035898488468939
SKU_029,271,-1.937603831811883
SKU_029,272,-2.0645948367281046
SKU_029,273,-2.0459610228160923
SKU_029,274,-2.0066787104211357
SKU_029,275,-1.9316099010564067
SKU_029,276,-2.120260449477569
SKU_029,277,-1.9884312378237057
SKU_029,278,-2.0124278508035376
SKU_029,279,-1.9451485724962065
SKU_029,280,-2.038523873211869
SKU_029,281,-1.930121201412326
SKU_029,282,-1.9979300984658253
SKU_029,283,-2.028097469182483
SKU_029,284,-2.013582617198975
SKU_029,285,-2.076635954392832
SKU_029,286,-2.028430754418317
SKU_029,287,-2.038245004308176
SKU_029,288,-2.122258163250279
SKU_029,289,-1.9159787056894289
SKU_029,290,-2.055047308141037
SKU_029,291,-2.0774619315500984
SKU_029,292,-2.066713749077569
SKU_029,293,-2.0576119161903335
SKU_029,294,-2.03027506146609
SKU_029,295,-2.0403485495385194
SKU_029,296,-2.0913022327109374
SKU_029,297,-2.0195401464309404
SKU_029,298,-2.0006174953351215
SKU_029,299,-2.0782107223965567
SKU_030,0,-0.8266584822742448
SKU_030,1,-0.9505020242030189
SKU_030,2,-0.7544117009463798
SKU_030,3,-0.8691002702261482
SKU_030,4,-0.8837147958310144
SKU_030,5,-0.8530135267374976
SKU_030,6,-0.8432921644404526
SKU_030,7,-0.8208644941044266
SKU_030,8,-0.8963940984909363
SKU_030,9,-0.8465701823312155
SKU_030,10,-0.9311392093596391
SKU_030,11,-0.850768565493743
SKU_030,12,-0.8509825084344022
SKU_030,13,-0.8990375402170921
SKU_030,14,-0.9055123624542415
SKU_030,15,-0.8933080206546911
SKU_030,16,-0.8787524960034085
SKU_030,17,-0.8798200573582821
SKU_030,18,-0.9399940690298865
SKU_030,19,-0.7822137744984786
SKU_030,20,-0.8805575303884504
SKU_030,21,-0.897920520699091
SKU_030,22,-0.8635108508781466
SKU_030,23,-0.8026229246427294
SKU_030,24,-0.8956297682611588
SKU_030,25,-0.8639241388653098
SKU_030,26,-0.8440904285417904
SKU_030,27,-0.8954541006438125
SKU_030,28,-0.964080510269815
SKU_030,29,-0.9359095151990665
SKU_030,30,-0.8105654986101974
SKU_030,31,-0.910340231009522
SKU_030,32,-0.7836565015699495
SKU_030,33,-0.8983477723602228
SKU_030,34,-0.8286789421447378
SKU_030,35,-0.8237032807695494
SKU_030,36,-0.8604756862649733
SKU_030,37,-0.7858325457563536
SKU_030,38,-0.9395748817617474
SKU_030,39,-0.795536339393235
SKU_030,40,-0.9469808690856959
SKU_030,41,-0.9031125072607172
SKU_030,42,-0.8404735061841769
SKU_030,43,-0.8497712112660838
SKU_030,44,-0.8196650778161455
SKU_030,45,-0.8485723643028377
SKU_030,46,-0.9081074229358259
SKU_030,47,-0.9569422483840577
SKU_030,48,-0.9205803884783873
SKU_030,49,-0.8905436122040358
SKU_030,50,-0.8938272449127459
SKU_030,51,-0.7209710044704039
SKU_030,52,-0.8650793760994283
SKU_030,53,-0.8918336630192162
SKU_030,54,-0.8342589242278478
SKU_030,55,-0.9363579629573472
SKU_030,56,-0.9490487067525035
SKU_030,57,-0.8924660394803919
SKU_030,58,-0.8977366112242772
SKU_030,59,-0.9139754251229977
SKU_030,60,-0.9629253770593299
SKU_030,61,-0.8092244373127502
SKU_030,62,-0.8811891350814848
SKU_030,63,-0.9317540509158474
SKU_030,64,-0.7955591686583221
SKU_030,65,-0.8768687366221432
SKU_030,66,-0.8855143028924048
SKU_030,67,-0.9468392932643961
SKU_030,68,-0.9936271292996994
SKU_030,69,-0.873991193715947
SKU_030,70,-0.9600465829827761
SKU_030,71,-0.8983891382188939
SKU_030,72,-0.8448014915349329
SKU_030,73,-1.0128261514047736
SKU_030,74,-0.9452206760736886
SKU_030,75,-0.7662172258012502
SKU_030,76,-0.7933895392822555
SKU_030,77,-0.9173709607053563
SKU_030,78,-0.8287687144180536
SKU_030,79,-0.8880640949867388
SKU_030,80,-0.8565927757295959
SKU_030,81,-0.8573260302396593
SKU_030,82,-0.8366380483043224
SKU_030,83,-0.9892019447314242
SKU_030,84,-0.919250093827636
SKU_030,85,-0.8852015904392552
SKU_030,86,-0.8719563414380301
SKU_030,87,-0.8697804740086754
SKU_030,88,-0.9144476087854088
SKU_030,89,-0.8164926532448646
SKU_030,90,-0.9000943690709745
SKU_030,91,-0.753074241763183
SKU_030,92,-0.915528521923823
SKU_030,93,-0.795141301890385
SKU_030,94,-0.8954466011357225
SKU_030,95,-0.8020062053050474
SKU_030,96,-0.7462452394505031
SKU_030,97,-0.807736282542455
SKU_030,98,-0.8574106964706445
SKU_030,99,-0.9705269839301153
SKU_030,100,-0.8951563493549791
SKU_030,101,-0.9452066862385509
SKU_030,102,-0.8960810420531509
SKU_030,103,-0.8450598804729792
SKU_030,104,-1.0043795855435809
SKU_030,105,-0.8269899905601353
SKU_030,106,-0.7813852893045178
SKU_030,107,-0.915326914994955
SKU_030,108,-0.9774075893338795
SKU_030,109,-0.7972764198509273
SKU_030,110,-0.8751838968587455
SKU_030,111,-0.8271505794422118
SKU_030,112,-0.9065081540104682
SKU_030,113,-0.8988752641952916
SKU_030,114,-0.8912453441071864
SKU_030,115,-0.9071582987571779
SKU_030,116,-0.854117835311333
SKU_030,117,-0.8683849159638585
SKU_030,118,-0.97224145220739
SKU_030,119,-1.031456646372965
SKU_030,120,-0.8999628760734757
SKU_030,121,-0.8139209991097055
SKU_030,122,-0.8890227955569535
SKU_030,123,-0.97564312705598
SKU_030,124,-0.8934511866746371
SKU_030,125,-0.7858919615743963
SKU_030,126,-0.884352194427623
SKU_030,127,-0.8857392218909919
SKU_030,128,-1.0073610821291505
SKU_030,129,-0.9493965973302874
SKU_030,130,-0.897697367478086
SKU_030,131,-0.8526236129464245
SKU_030,132,-0.7935681789278973
SKU_030,133,-0.923863176252054
SKU_030,134,-0.9449223806860302
SKU_030,135,-0.9669304140246888
SKU_030,136,-0.9563480420189182
SKU_030,137,-0.8708820967673883
SKU_030,138,-0.9285242226433301
SKU_030,139,-0.8447778967953854
SKU_030,140,-0.8730120856295022
SKU_030,141,-0.864514682537411
SKU_030,142,-0.8926960597439778
SKU_030,143,-0.893819793240798
SKU_030,144,-0.8618010222923245
SKU_030,145,-0.8493995066291427
SKU_030,146,-0.8790594883730903
SKU_030,147,-0.9189363494375784
SKU_030,148,-0.8335391464560917
SKU_030,149,-0.9397330665455281
SKU_030,150,-0.9232520756025645
SKU_030,151,-0.9096277514189672
SKU_030,152,-0.9120508038025744
SKU_030,153,-0.8944887758849723
SKU_030,154,-0.817774660819741
SKU_030,155,-0.9015097814420443
SKU_030,156,-0.8442419522512515
SKU_030,157,-1.0062315986577968
SKU_030,158,-0.8096900533716356
SKU_030,159,-0.8869187806359502
SKU_030,160,-0.8730249897738731
SKU_030,161,-0.8096683459517277
SKU_030,162,-0.9945150097039548
SKU_030,163,-0.8831396090168618
SKU_030,164,-0.8583007990726538
SKU_030,165,-0.8289049817587149
SKU_030,166,-0.8836376146428001
SKU_030,167,-0.8358653501373544
SKU_030,168,-0.8767316893903897
SKU_030,169,-0.9189474381339399
SKU_030,170,-0.9036989880329322
SKU_030,171,-0.8405541138771775
SKU_030,172,-0.8466912585122354
SKU_030,173,-0.8689902682880485
SKU_030,174,-0.8091847600472089
SKU_030,175,-0.8345071022440761
SKU_030,176,-0.861609819134371
SKU_030,177,-0.8645029859787264
SKU_030,178,-0.8764146534219528
SKU_030,179,-0.9333504729355749
SKU_030,180,-0.8632665459604043
SKU_030,181,-0.9073367077771559
SKU_030,182,-0.8634828982783094
SKU_030,183,-0.9225828338516947
SKU_030,184,-0.9313023802078045
SKU_030,185,-0.889550104913484
SKU_030,186,-0.870332904625337
SKU_030,187,-0.8719202080776409
SKU_030,188,-0.8343199837722929
SKU_030,189,-0.9151159799585459
SKU_030,190,-0.8169132565227457
SKU_030,191,-0.8339741424062483
SKU_030,192,-0.82293261186808
SKU_030,193,-0.9906697465141201
SKU_030,194,-0.8686275053923312
SKU_030,195,-0.8079088120655891
SKU_030,196,-0.8877870808697529
SKU_030,197,-0.9089102043965324
SKU_030,198,-0.9321521745481297
SKU_030,199,-0.891482248063496
SKU_030,200,-0.8554290979062995
SKU_030,201,-0.8865678016680357
SKU_030,202,-0.9286674682618133
SKU_030,203,-0.8476777355420763
SKU_030,204,-0.9117930337694231
SKU_030,205,-0.9645760002513356
SKU_030,206,-0.9366627029797759
SKU_030,207,-0.8108856162744218
SKU_030,208,-0.8744107798840185
SKU_030,209,-0.8409859308887078
SKU_030,210,-0.8124150202891708
SKU_030,211,-0.9474614399159205
SKU_030,212,-1.026357357965695
SKU_030,213,-0.9471613393147462
SKU_030,214,-0.8234865750170385
SKU_030,215,-0.8309463248193912
SKU_030,216,-0.9112548437513522
SKU_030,217,-0.8169887858460756
SKU_030,218,-0.9639169610125251
SKU_030,219,-0.8921750628698352
SKU_030,220,-0.9570160518622589
SKU_030,221,-0.8854108325384086
SKU_030,222,-0.8977477528635214
SKU_030,223,-0.9440330574415163
SKU_030,224,-0.8975592647097986
SKU_030,225,-0.8437531028090518
SKU_030,226,-0.7796592468858854
SKU_030,227,-0.8806856696845208
SKU_030,228,-0.8483319588161048
SKU_030,229,-0.77825180376282
SKU_030,230,-0.8747715181457195
SKU_030,231,-0.9563461807134805
SKU_030,232,-0.9055774377308554
SKU_030,233,-0.8824596666822887
SKU_030,234,-0.905959855637214
SKU_030,235,-0.7551388701607161
SKU_030,236,-0.8064224230066954
SKU_030,237,-0.8759468137395657
SKU_030,238,-0.8909900404790152
SKU_030,239,-0.8611122475471638
SKU_030,240,-0.8257045252532585
SKU_030,241,-0.9163298030936099
SKU_030,242,-0.8605879822939896
SKU_030,243,-0.8997823461583355
SKU_030,244,-0.8949425506890302
SKU_030,245,-0.9150163658067235
SKU_030,246,-0.8059501820253344
SKU_030,247,-0.8061133619916921
SKU_030,248,-0.8746769788535531
SKU_030,249,-0.8575507524394297
SKU_030,250,-0.8488213279858008
SKU_030,251,-0.8937299804676357
SKU_030,252,-0.9502678079764542
SKU_030,253,-0.8662188462278881
SKU_030,254,-0.7674239123857358
SKU_030,255,-0.9335004049589539
SKU_030,256,-0.9166793887916083
SKU_030,257,-0.8337610340228844
SKU_030,258,-0.9625805936744363
SKU_030,259,-0.8343801788067328
SKU_030,260,-0.9220381133422432
SKU_030,261,-0.7344507560006601
SKU_030,262,-0.8480010929084572
SKU_030,263,-0.8444710014093197
SKU_030,264,-0.7872450484915552
SKU_030,265,-0.9620164340714752
SKU_030,266,-0.6688615728265604
SKU_030,267,-0.861381408219407
SKU_030,268,-0.8437318136384041
SKU_030,269,-0.8814099399249633
SKU_030,270,-0.8615684117979975
SKU_030,271,-0.8799963206279217
SKU_030,272,-0.9036695703517419
SKU_030,273,-0.7451409955711458
SKU_030,274,-0.910866686958735
SKU_030,275,-0.7603865178561401
SKU_030,276,-0.9036433888185649
SKU_030,277,-0.8302116721946043
SKU_030,278,-0.8811072566014868
SKU_030,279,-0.9848303821083174
SKU_030,280,-0.8934209424337521
SKU_030,281,-0.9188074360519065
SKU_030,282,-0.9691636980026338
SKU_030,283,-0.9048672794009113
SKU_030,284,-0.9039450996176506
SKU_030,285,-0.952662056291139
SKU_030,286,-0.8766366087586165
SKU_030,287,-0.9081908643939061
SKU_030,288,-0.895728919983577
SKU_030,289,-0.8426848187505069
SKU_030,290,-0.8456540834990431
SKU_030,291,-0.8816684078490854
SKU_030,292,-0.8353047549096582
SKU_030,293,-0.9640104978251025
SKU_030,294,-0.7907684506265334
SKU_030,295,-0.9404876205922779
SKU_030,296,-0.8395557438873817
SKU_030,297,-0.9142808401627098
SKU_030,298,-0.9148668204632241
SKU_030,299,-0.9804109307032269
SKU_031,0,-1.932805459701399
SKU_031,1,-1.8124112785859752
SKU_031,2,-1.7425931429495203
SKU_031,3,-1.712559286883463
SKU_031,4,-1.7880475273181529
SKU_031,5,-1.8516962020624792
SKU_031,6,-1.7277891700025225
SKU_031,7,-1.801031559061603
SKU_031,8,-1.646943026963011
SKU_031,9,-1.896971169800966
SKU_031,10,-1.7597470876433126
SKU_031,11,-1.8957332306409755
SKU_031,12,-1.8075963021748322
SKU_031,13,-1.908828763177565
SKU_031,14,-1.7734167979755917
SKU_031,15,-1.7751735196599887
SKU_031,16,-1.7344457882538926
SKU_031,17,-1.7306494019489274
SKU_031,18,-1.6822136816759383
SKU_031,19,-1.743989189336795
SKU_031,20,-1.9614290926686702
SKU_031,21,-1.6940762371175317
SKU_031,22,-1.8024257340666563
SKU_031,23,-1.7796942494424706
SKU_031,24,-1.8335896231846094
SKU_031,25,-1.7796675099310326
SKU_031,26,-1.7317091083855327
SKU_031,27,-1.8150805710822313
SKU_031,28,-1.8047656174617352
SKU_031,29,-1.8148162092782718
SKU_031,30,-1.8065699897361955
SKU_031,31,-1.787675452713984
SKU_031,32,-1.7681935393005332
SKU_031,33,-1.6785518062904707
SKU_031,34,-1.7925938395808065
SKU_031,35,-1.7458601040592212
SKU_031,36,-1.8218839667360245
SKU_031,37,-1.7909706732845325
SKU_031,38,-1.8235736308436339
SKU_031,39,-1.8387717577908615
SKU_031,40,-1.7681834556444749
SKU_031,41,-1.6246860834186971
SKU_031,42,-1.7902201661304298
SKU_031,43,-1.739160669410983
SKU_031,44,-1.6980687516715534
SKU_031,45,-1.6746212955063755
SKU_031,46,-1.6526457934345427
SKU_031,47,-1.7638152939521423
SKU_031,48,-1.9003612929857703
SKU_031,49,-1.7906446254426522
SKU_031,50,-1.7233812820621808
SKU_031,51,-1.8616428937681178
SKU_031,52,-1.8211445317487962
SKU_031,53,-1.8138862740783004
SKU_031,54,-1.6975108578103328
SKU_031,55,-1.8150136216851904
SKU_031,56,-1.7123583692136344
SKU_031,57,-1.779152254686989
SKU_031,58,-1.795014279247946
SKU_031,59,-1.7206118308500475
SKU_031,60,-1.7976550622736323
SKU_031,61,-1.6937124193282194
SKU_031,62,-1.7670828733419162
SKU_031,63,-1.8525540364805717
SKU_031,64,-1.8308815274329076
SKU_031,65,-1.7400067737524991
SKU_031,66,-1.8215874212792802
SKU_031,67,-1.7779467854696607
SKU_031,68,-1.9346508867269958
SKU_031,69,-1.6708864502859802
SKU_031,70,-1.8100732973009794
SKU_031,71,-1.802277681404145
SKU_031,72,-1.872021768785016
SKU_031,73,-1.7362222433902783
SKU_031,74,-1.8140861412514429
SKU_031,75,-1.7752016315110983
SKU_031,76,-1.829267568404013
SKU_031,77,-1.8322453419340723
SKU_031,78,-1.833926193469354
SKU_031,79,-1.7986745293246782
SKU_031,80,-1.8263492638085257
SKU_031,81,-1.6346448514942564
SKU_031,82,-1.753385058831724
SKU_031,83,-1.794929006721697
SKU_031,84,-1.8471402670079569
SKU_031,85,-1.7217941136451063
SKU_031,86,-1.7042885468907796
SKU_031,87,-1.8357322105851301
SKU_031,88,-1.7358453987102918
SKU_031,89,-1.8259226263792285
SKU_031,90,-1.7910056241488925
SKU_031,91,-1.7284299301517831
SKU_031,92,-1.8667077327860246
SKU_031,93,-1.72157462922364
SKU_031,94,-1.8524980823412338
SKU_031,95,-1.8472613556844062
SKU_031,96,-1.7636623529381161
SKU_031,97,-1.7292836217959417
SKU_031,98,-1.6101996759956818
SKU_031,99,-1.8098443605213657
SKU_031,100,-1.7688501383842443
SKU_031,101,-1.6698228693589956
SKU_031,102,-1.8330743322605365
SKU_031,103,-1.7180494696194961
SKU_031,104,-1.8907719593714858
SKU_031,105,-1.9250953539824915
SKU_031,106,-1.877993171451747
SKU_031,107,-1.776094934267065
SKU_031,108,-1.7445187012939258
SKU_031,109,-1.7742987304201303
SKU_031,110,-1.7734703967976562
SKU_031,111,-1.748645299865476
SKU_031,112,-1.91053288968604
SKU_031,113,-1.7679305823259839
SKU_031,114,-1.697968484685663
SKU_031,115,-1.9189848656481088
SKU_031,116,-1.6722153918320983
SKU_031,117,-1.7305594570346992
SKU_031,118,-1.6499593002442947
SKU_031,119,-1.8309986076441487
SKU_031,120,-1.7366138932399084
SKU_031,121,-1.6811596433534695
SKU_031,122,-1.871374421770898
SKU_031,123,-1.7266731079410909
SKU_031,124,-1.6812948399186105
SKU_031,125,-1.736090833252257
SKU_031,126,-1.757906738463062
SKU_031,127,-1.8259320612982521
SKU_031,128,-1.8259327786261774
SKU_031,129,-1.7335621464520776
SKU_031,130,-1.8242446862854214
SKU_031,131,-1.7450266270120254
SKU_031,132,-1.8557813594458041
SKU_031,133,-1.7290555177665718
SKU_031,134,-1.9113344443782274
SKU_031,135,-1.823881563440536
SKU_031,136,-1.7540773556431164
SKU_031,137,-1.8376216069068791
SKU_031,138,-1.7333518579921903
SKU_031,139,-1.7420884548498097
SKU_031,140,-1.7410275420139876
SKU_031,141,-1.9351866158247304
SKU_031,142,-1.824675572344311
SKU_031,143,-1.8730182198384036
SKU_031,144,-1.8890937621464834
SKU_031,145,-1.7665988218213469
SKU_031,146,-1.7615513615671206
SKU_031,147,-1.6793151610950687
SKU_031,148,-1.8269339380970018
SKU_031,149,-1.887372870713205
SKU_031,150,-1.8204242154668404
SKU_031,151,-1.7940736676884517
SKU_031,152,-1.7086620140897413
SKU_031,153,-1.859496262678303
SKU_031,154,-1.8745045797193167
SKU_031,155,-1.7947670042049386
SKU_031,156,-1.7654038535367162
SKU_031,157,-1.688131513592137
SKU_031,158,-1.8485080356572638
SKU_031,159,-1.830551479584126
SKU_031,160,-1.8437310864631393
SKU_031,161,-1.798379524478787
SKU_031,162,-1.739448297554222
SKU_031,163,-1.875816755691379
SKU_031,164,-1.706080078775984
SKU_031,165,-1.8426366412821347
SKU_031,166,-1.7957235825578661
SKU_031,167,-1.8331896447440836
SKU_031,168,-1.7581003873086691
SKU_031,169,-1.7765955944710734
SKU_031,170,-1.804020792148737
SKU_031,171,-1.8002307195284033
SKU_031,172,-1.8501310590337423
SKU_031,173,-1.6962895590044789
SKU_031,174,-1.8522900382360583
SKU_031,175,-1.8095977108396766
SKU_031,176,-1.778712666100988
SKU_031,177,-1.8693316256804677
SKU_031,178,-1.8838014519682422
SKU_031,179,-1.7760515998289519
SKU_031,180,-1.7797786324129385
SKU_031,181,-1.8040875514947012
SKU_031,182,-1.7311555887155
SKU_031,183,-1.778816973660163
SKU_031,184,-1.7955651093129776
SKU_031,185,-1.8828617706897974
SKU_031,186,-1.685931368278112
SKU_031,187,-1.7220888377725652
SKU_031,188,-1.7074428189860607
SKU_031,189,-1.8391400793675086
SKU_031,190,-1.700565261133315
SKU_031,191,-1.6538602498519925
SKU_031,192,-1.7541291067950266
SKU_031,193,-1.7182991189107029
SKU_031,194,-1.7830336992757425
SKU_031,195,-1.7432193540479006
SKU_031,196,-1.7848770503154787
SKU_031,197,-1.7348405576941166
SKU_031,198,-1.7873777502759758
SKU_031,199,-1.8834870149193088
SKU_031,200,-1.8383926087191138
SKU_031,201,-1.8919713269848317
SKU_031,202,-1.6494010673773682
SKU_031,203,-2.006616297327139
SKU_031,204,-1.7215571086212518
SKU_031,205,-1.8714146707684698
SKU_031,206,-1.7138949428250887
SKU_031,207,-1.9106141665896121
SKU_031,208,-1.7364215877260567
SKU_031,209,-1.7616731928910128
SKU_031,210,-1.8925366560872958
SKU_031,211,-1.8280514695139352
SKU_031,212,-1.7130522143534568
SKU_031,213,-1.7636651261821163
SKU_031,214,-1.8428330402090765
SKU_031,215,-1.788602470011039
SKU_031,216,-1.839890785305693
SKU_031,217,-1.7568637324170682
SKU_031,218,-1.7878904160076243
SKU_031,219,-1.8013938648021772
SKU_031,220,-1.8196411291897825
SKU_031,221,-1.8240717842761416
SKU_031,222,-1.7742126580318762
SKU_031,223,-1.8159882634966207
SKU_031,224,-1.7966903012076818
SKU_031,225,-1.7124093156854232
SKU_031,226,-1.7377255255728197
SKU_031,227,-1.693282943496432
SKU_031,228,-1.7804209893863971
SKU_031,229,-1.8163872990796044
SKU_031,230,-1.6782882724581878
SKU_031,231,-1.7791262962086243
SKU_031,232,-1.7106566288748382
SKU_031,233,-1.8934098008420461
SKU_031,234,-1.7298166335060008
SKU_031,235,-1.7887948006635774
SKU_031,236,-1.7837575280437004
SKU_031,237,-1.9239965716473022
SKU_031,238,-1.8058393627297664
SKU_031,239,-1.8117722364088005
SKU_031,240,-1.749802439368641
SKU_031,241,-1.8000135449180095
SKU_031,242,-1.8782243226657955
SKU_031,243,-1.754997095299692
SKU_031,244,-1.866476912003184
SKU_031,245,-1.8738496420962663
SKU_031,246,-1.7829321987041125
SKU_031,247,-1.8009545196533787
SKU_031,248,-1.8907319470080266
SKU_031,249,-1.7894597150456168
SKU_031,250,-1.712300544032198
SKU_031,251,-1.736678186491752
SKU_031,252,-1.7169759999378025
SKU_031,253,-1.745685641960122
SKU_031,254,-1.90484696872847
SKU_031,255,-1.7486021537314413
SKU_031,256,-1.7736162105002113
SKU_031,257,-1.8722728467592142
SKU_031,258,-1.900253430147482
SKU_031,259,-1.8142848442008737
SKU_031,260,-1.8319971081515907
SKU_031,261,-1.7140951966579707
SKU_031,262,-1.9518649325025421
SKU_031,263,-1.830931967562464
SKU_031,264,-1.8097592020802702
SKU_031,265,-1.7264099379506817
SKU_031,266,-1.8202137685466022
SKU_031,267,-1.6942282331295808
SKU_031,268,-1.7532275232418155
SKU_031,269,-1.7981693909384828
SKU_031,270,-1.7590055155700153
SKU_031,271,-1.7249047154219512
SKU_031,272,-1.748633933136919
SKU_031,273,-1.7053778199005125
SKU_031,274,-1.7465610018407702
SKU_031,275,-1.7501959368971933
SKU_031,276,-1.8979464091462572
SKU_031,277,-1.8147699609796515
SKU_031,278,-1.6507521485127201
SKU_031,279,-1.7960210575115048
SKU_031,280,-1.6979361290127843
SKU_031,281,-1.723946375686579
SKU_031,282,-1.8805808175623853
SKU_031,283,-1.7234769745450578
SKU_031,284,-1.8100120630212304
SKU_031,285,-1.8371002542882024
SKU_031,286,-1.6753296133348639
SKU_031,287,-1.836613217650503
SKU_031,288,-1.8085012108098424
SKU_031,289,-1.7454266337492876
SKU_031,290,-1.7737264512037099
SKU_031,291,-1.7572974135226487
SKU_031,292,-1.8405433760219312
SKU_031,293,-1.8343111317566088
SKU_031,294,-1.7755964821302248
SKU_031,295,-1.792765152771332
SKU_031,296,-1.7862631637471307
SKU_031,297,-1.8381469769227559
SKU_031,298,-1.708106254387258
SKU_031,299,-1.7377821335102497
SKU_032,0,-2.1234611896734954
SKU_032,1,-1.9999448862224207
SKU_032,2,-1.9658376048127144
SKU_032,3,-1.9887760379960018
SKU_032,4,-2.0234575750604713
SKU_032,5,-2.015268102669948
SKU_032,6,-2.0033361851103946
SKU_032,7,-1.914759331657792
SKU_032,8,-1.9971743665084873
SKU_032,9,-2.092307857915908
SKU_032,10,-2.0898713334242265
SKU_032,11,-1.9922551531330173
SKU_032,12,-2.00801319634393
SKU_032,13,-1.9944033623845954
SKU_032,14,-2.0379493723699076
SKU_032,15,-2.0538701442981657
SKU_032,16,-1.960613446769103
SKU_032,17,-2.0323822387582595
SKU_032,18,-2.1240437261328675
SKU_032,19,-2.0430802274250572
SKU_032,20,-1.9414937326258332
SKU_032,21,-2.1630864054719527
SKU_032,22,-2.009664461287058
SKU_032,23,-2.0284186445207193
SKU_032,24,-2.0529059816765307
SKU_032,25,-1.9749232332402442
SKU_032,26,-1.9530372225135508
SKU_032,27,-2.082544122827606
SKU_032,28,-1.9827803901085574
SKU_032,29,-1.9942904396805698
SKU_032,30,-1.9987863019310208
SKU_032,31,-2.082154408583017
SKU_032,32,-1.9630982386307472
SKU_032,33,-2.054436226557582
SKU_032,34,-2.0319719072710845
SKU_032,35,-2.0878903949983165
SKU_032,36,-1.9851802690854916
SKU_032,37,-2.0269407709719776
SKU_032,38,-1.9696762126133962
SKU_032,39,-2.1596552207705515
SKU_032,40,-1.961778311041703
SKU_032,41,-2.090359393231295
SKU_032,42,-2.0603024580171034
SKU_032,43,-2.067963561699797
SKU_032,44,-2.020643532435895
SKU_032,45,-1.9962799073330741
SKU_032,46,-2.0683175691436975
SKU_032,47,-1.9876979638459236
SKU_032,48,-2.0559339168440447
SKU_032,49,-2.0398724307078
SKU_032,50,-2.036583745042578
SKU_032,51,-1.986181136618286
SKU_032,52,-2.1380553235065456
SKU_032,53,-2.136118875465445
SKU_032,54,-1.982448451828246
SKU_032,55,-2.0099652927747615
SKU_032,56,-2.103533134046791
SKU_032,57,-2.0593394205766686
SKU_032,58,-2.0329957657399147
SKU_032,59,-2.0755125098458223
SKU_032,60,-2.003917523496404
SKU_032,61,-2.061016724941896
SKU_032,62,-2.0071635218921626
SKU_032,63,-2.076498417758772
SKU_032,64,-2.0547383482964303
SKU_032,65,-2.0334101700033056
SKU_032,66,-2.0576933860026867
SKU_032,67,-2.003094877185341
SKU_032,68,-1.9126776348702212
SKU_032,69,-2.041127672538684
SKU_032,70,-1.9526514833719617
SKU_032,71,-2.1516951120225056
SKU_032,72,-2.0494210091180234
SKU_032,73,-2.1121024919986353
SKU_032,74,-2.0272910454306357
SKU_032,75,-2.0714207927014225
SKU_032,76,-2.0902213268227268
SKU_032,77,-2.069424247950782
SKU_032,78,-1.9989077474936032
SKU_032,79,-2.044482595341308
SKU_032,80,-2.0155875958323635
SKU_032,81,-2.1269471415858225
SKU_032,82,-2.10803112690944
SKU_032,83,-1.9948877447325801
SKU_032,84,-2.110267508315455
SKU_032,85,-2.093926285254171
SKU_032,86,-1.9605386315930575
SKU_032,87,-1.8952961930049237
SKU_032,88,-2.0983751679786216
SKU_032,89,-2.0017577138219034
SKU_032,90,-2.0513922177153834
SKU_032,91,-2.163995945028196
SKU_032,92,-2.0701924404614136
SKU_032,93,-2.0058206291754503
SKU_032,94,-1.9344474470857091
SKU_032,95,-1.979042259845516
SKU_032,96,-2.1560222575161228
SKU_032,97,-2.0928087542098432
SKU_032,98,-2.024953123041457
SKU_032,99,-1.9762697044656738
SKU_032,100,-2.0263712247643393
SKU_032,101,-2.0409836534611356
SKU_032,102,-2.0278873447594776
SKU_032,103,-2.01559261551152
SKU_032,104,-2.0109187541636704
SKU_032,105,-2.0836476714879777
SKU_032,106,-2.1243577682814094
SKU_032,107,-2.032282335576
SKU_032,108,-2.0337395475576927
SKU_032,109,-2.080341258286206
SKU_032,110,-2.0174050922456948
SKU_032,111,-2.018225155739337
SKU_032,112,-2.0978629426516306
SKU_032,113,-2.0762146284466034
SKU_032,114,-2.003769609764874
SKU_032,115,-2.0267515287303683
SKU_032,116,-2.058469275422752
SKU_032,117,-2.052974564461007
SKU_032,118,-1.9669733764039625
SKU_032,119,-1.991958333003532
SKU_032,120,-2.016274530252906
SKU_032,121,-2.018705048067157
SKU_032,122,-2.0283433590208255
SKU_032,123,-1.9899427172029087
SKU_032,124,-2.0586976767775504
SKU_032,125,-1.9640656500875162
SKU_032,126,-1.992598188939568
SKU_032,127,-2.049521464890498
SKU_032,128,-2.0215996702788694
SKU_032,129,-2.0646227122414733
SKU_032,130,-1.9781514788468744
SKU_032,131,-2.044553674202384
SKU_032,132,-1.9967753051727837
SKU_032,133,-1.989244081090938
SKU_032,134,-1.9529370077763073
SKU_032,135,-1.9676155202014058
SKU_032,136,-1.999344994768708
SKU_032,137,-2.083381935155768
SKU_032,138,-2.007365103766796
SKU_032,139,-2.039401196662683
SKU_032,140,-2.0519806938376903
SKU_032,141,-2.017688563407267
SKU_032,142,-2.0531383159429226
SKU_032,143,-2.0078779520057526
SKU_032,144,-1.9771339556545189
SKU_032,145,-2.0019483810563936
SKU_032,146,-2.0853262590380655
SKU_032,147,-1.8797743678625969
SKU_032,148,-2.1392152808931018
SKU_032,149,-2.0705943663685176
SKU_032,150,-1.9875405826115655
SKU_032,151,-2.0067178880943786
SKU_032,152,-2.0410143601901867
SKU_032,153,-2.0565632680433605
SKU_032,154,-2.03743606819522
SKU_032,155,-1.8584910126728087
SKU_032,156,-2.0280520664213633
SKU_032,157,-2.0465756931080077
SKU_032,158,-2.1476901037530065
SKU_032,159,-2.0472477705759955
SKU_032,160,-2.035117052502372
SKU_032,161,-2.010460614523389
SKU_032,162,-2.0500171772407234
SKU_032,163,-1.997695523776356
SKU_032,164,-2.0553900611561042
SKU_032,165,-2.0932359159092897
SKU_032,166,-2.0616940366176526
SKU_032,167,-2.0123877371665957
SKU_032,168,-2.087625877247059
SKU_032,169,-1.9251407778119154
SKU_032,170,-2.0460995612712654
SKU_032,171,-1.9725457918846336
SKU_032,172,-2.0747740804489845
SKU_032,173,-2.0904129859041016
SKU_032,174,-2.0396669052117917
SKU_032,175,-2.0015785503108905
SKU_032,176,-1.9930988236440415
SKU_032,177,-1.9743114844516179
SKU_032,178,-1.9845982157459403
SKU_032,179,-2.030574837251764
SKU_032,180,-2.0575001283449144
SKU_032,181,-2.0917681548339413
SKU_032,182,-1.9764210634021258
SKU_032,183,-2.028096961972223
SKU_032,184,-2.143335083224301
SKU_032,185,-2.0397546228552583
SKU_032,186,-2.007678345997643
SKU_032,187,-2.016950076887784
SKU_032,188,-2.0037984583452793
SKU_032,189,-1.9396435589773313
SKU_032,190,-1.965455904969686
SKU_032,191,-2.132606548305167
SKU_032,192,-2.0311219258422786
SKU_032,193,-1.943471126962848
SKU_032,194,-2.038482737055815
SKU_032,195,-2.0089832354574706
SKU_032,196,-2.0363870273773146
SKU_032,197,-2.0676883214927995
SKU_032,198,-2.0051359784390668
SKU_032,199,-1.9675906004727317
SKU_032,200,-2.0735920051378876
SKU_032,201,-1.877027156788001
SKU_032,202,-2.037558192673601
SKU_032,203,-2.0700352341317267
SKU_032,204,-1.9507173250777254
SKU_032,205,-2.036686838964616
SKU_032,206,-1.96464127716959
SKU_032,207,-2.063839543803338
SKU_032,208,-1.9786187495305658
SKU_032,209,-2.0627832037711116
SKU_032,210,-2.0055538145924254
SKU_032,211,-2.0949753516734986
SKU_032,212,-2.0167743174044643
SKU_032,213,-2.0322839857642103
SKU_032,214,-2.1032316105686077
SKU_032,215,-1.9257957729685256
SKU_032,216,-2.0912007132552
SKU_032,217,-2.072332792828933
SKU_032,218,-2.06227178764184
SKU_032,219,-2.0667141893269
SKU_032,220,-2.0909540797774193
SKU_032,221,-1.9687395538222057
SKU_032,222,-2.080848962880914
SKU_032,223,-2.0258296364257244
SKU_032,224,-2.0381342985438007
SKU_032,225,-1.9805377854417336
SKU_032,226,-2.014113687132325
SKU_032,227,-2.026311118036316
SKU_032,228,-2.027835560553461
SKU_032,229,-2.006316801541727
SKU_032,230,-1.972092455876736
SKU_032,231,-2.0503185081788353
SKU_032,232,-1.9970937280862588
SKU_032,233,-1.9191125951582286
SKU_032,234,-1.998216462348388
SKU_032,235,-2.052493262957594
SKU_032,236,-2.037686727925375
SKU_032,237,-1.9695465128881515
SKU_032,238,-2.0187968687595474
SKU_032,239,-2.0297837711655915
SKU_032,240,-2.0184524371669816
SKU_032,241,-2.0308859391178213
SKU_032,242,-2.027457521519947
SKU_032,243,-2.0779942658618995
SKU_032,244,-1.9602287144485593
SKU_032,245,-1.9302720669687856
SKU_032,246,-2.0016694312646677
SKU_032,247,-1.9162039332083596
SKU_032,248,-1.9761748212985297
SKU_032,249,-2.052613982222346
SKU_032,250,-2.0175362715256155
SKU_032,251,-2.1117674298736624
SKU_032,252,-2.022571504112117
SKU_032,253,-2.0078961949492404
SKU_032,254,-1.9664956398394302
SKU_032,255,-1.8732313663136402
SKU_032,256,-1.9945747316872886
SKU_032,257,-1.9533312815266661
SKU_032,258,-2.1439348156828006
SKU_032,259,-2.0432371737323938
SKU_032,260,-2.1112473530383915
SKU_032,261,-2.0032220098625504
SKU_032,262,-2.109448952603869
SKU_032,263,-1.9924042593047082
SKU_032,264,-2.09919238071549
SKU_032,265,-1.9536413340711265
SKU_032,266,-2.0821808806383904
SKU_032,267,-2.120663190820894
SKU_032,268,-2.0887229253265547
SKU_032,269,-2.0662741722572857
SKU_032,270,-2.1165395721449913
SKU_032,271,-2.097760889344013
SKU_032,272,-2.0812809704106634
SKU_032,273,-1.944832942550886
SKU_032,274,-1.983197822654684
SKU_032,275,-1.9327771524753636
SKU_032,276,-2.1337940786933602
SKU_032,277,-1.9801363670117804
SKU_032,278,-2.0103369113683485
SKU_032,279,-1.9439008671313573
SKU_032,280,-2.0483456886310787
SKU_032,281,-1.9552136694183941
SKU_032,282,-1.9994573631532375
SKU_032,283,-2.0457497503847635
SKU_032,284,-1.9972774133809623
SKU_032,285,-2.0765308035693884
SKU_032,286,-1.9739124485375987
SKU_032,287,-2.025998300257698
SKU_032,288,-2.1107089129737036
SKU_032,289,-1.932862611303939
SKU_032,290,-2.0603520306390872
SKU_032,291,-2.0725721766741008
SKU_032,292,-2.052413364772391
SKU_032,293,-2.0431621228273515
SKU_032,294,-2.047316773812048
SKU_032,295,-2.05492464929844
SKU_032,296,-2.0961106279495207
SKU_032,297,-2.0503353351264595
SKU_032,298,-2.077978631051315
SKU_032,299,-2.0814700504282326
SKU_033,0,-0.817587689992071
SKU_033,1,-0.8944642488416045
SKU_033,2,-0.7638603573246082
SKU_033,3,-0.8734790952166532
SKU_033,4,-0.8733079715458301
SKU_033,5,-0.8577902598177135
SKU_033,6,-0.9439988446437583
SKU_033,7,-0.8874000957253756
SKU_033,8,-0.829361005604495
SKU_033,9,-0.9004381668765651
SKU_033,10,-0.916575925460389
SKU_033,11,-0.8503237440871536
SKU_033,12,-0.8343436679139408
SKU_033,13,-0.8900590151757616
SKU_033,14,-0.9167637573334485
SKU_033,15,-0.8919306579872647
SKU_033,16,-0.8259619759461253
SKU_033,17,-0.853434857751891
SKU_033,18,-0.9440815745796792
SKU_033,19,-0.7116408710029538
SKU_033,20,-0.849930891223528
SKU_033,21,-0.8247644369862319
SKU_033,22,-0.8523117459437212
SKU_033,23,-0.7451293813780444
SKU_033,24,-0.8837067484555949
SKU_033,25,-0.8637089476754748
SKU_033,26,-0.8726014141033885
SKU_033,27,-0.8993135222916052
SKU_033,28,-0.9861678691525597
SKU_033,29,-0.9342836754988295
SKU_033,30,-0.808536391692859
SKU_033,31,-0.9059590041121937
SKU_033,32,-0.7833406837719185
SKU_033,33,-0.8666355759555822
SKU_033,34,-0.821627358690363
SKU_033,35,-0.8129923554482684
SKU_033,36,-0.8621160203100462
SKU_033,37,-0.8304390738718823
SKU_033,38,-0.9260277087875716
SKU_033,39,-0.7160328736820718
SKU_033,40,-0.9788979165789803
SKU_033,41,-0.9147185822298181
SKU_033,42,-0.8431334530871092
SKU_033,43,-0.7696982222397268
SKU_033,44,-0.8174495569808788
SKU_033,45,-0.8563744533169967
SKU_033,46,-0.9048110426497907
SKU_033,47,-0.9109456778302973
SKU_033,48,-0.8333011565560973
SKU_033,49,-0.9665640301859645
SKU_033,50,-0.8800384337593706
SKU_033,51,-0.7146618874061506
SKU_033,52,-0.8653863583539207
SKU_033,53,-0.8702668946810156
SKU_033,54,-0.8306917584359674
SKU_033,55,-0.889402189436066
SKU_033,56,-0.8936419560564007
SKU_033,57,-0.8696404669293131
SKU_033,58,-0.915759778573218
SKU_033,59,-0.8902736961543829
SKU_033,60,-0.9756028333123072
SKU_033,61,-0.795698658572885
SKU_033,62,-0.8093252762901223
SKU_033,63,-0.9385312337733162
SKU_033,64,-0.8783510512163544
SKU_033,65,-0.8295856710846955
SKU_033,66,-0.8765993675803812
SKU_033,67,-0.9698444599792102
SKU_033,68,-0.8850826507840439
SKU_033,69,-0.825023931556026
SKU_033,70,-0.8649003195713992
SKU_033,71,-0.8438166703571578
SKU_033,72,-0.792309426102416
SKU_033,73,-0.964270249261824
SKU_033,74,-0.8022352713801099
SKU_033,75,-0.7628114037766908
SKU_033,76,-0.7914394591888055
SKU_033,77,-0.9136235813994495
SKU_033,78,-0.7858628668354195
SKU_033,79,-0.8536525856986324
SKU_033,80,-0.8320450244165538
SKU_033,81,-0.8275222723607587
SKU_033,82,-0.858877722500362
SKU_033,83,-0.8861162939727133
SKU_033,84,-0.9223953191196628
SKU_033,85,-0.8596624694439263
SKU_033,86,-0.8324782619584972
SKU_033,87,-0.8998266907801874
SKU_033,88,-0.9122195364616699
SKU_033,89,-0.8606500392118661
SKU_033,90,-0.8725532232535269
SKU_033,91,-0.7757402251899801
SKU_033,92,-0.912027421240733
SKU_033,93,-0.7603390802882156
SKU_033,94,-0.84388276060979
SKU_033,95,-0.8068967082056565
SKU_033,96,-0.8371856080691373
SKU_033,97,-0.8212839884711859
SKU_033,98,-0.8616112169277622
SKU_033,99,-0.9713178419614965
SKU_033,100,-0.8645992515321936
SKU_033,101,-0.9211580738392969
SKU_033,102,-0.9205665856745882
SKU_033,103,-0.841138857529903
SKU_033,104,-1.0334357796065299
SKU_033,105,-0.8489896239804362
SKU_033,106,-0.7927945215013666
SKU_033,107,-0.9070490321548895
SKU_033,108,-0.8883031581735908
SKU_033,109,-0.773347934751157
SKU_033,110,-0.8539802436597638
SKU_033,111,-0.8264005822660975
SKU_033,112,-0.906818270607324
SKU_033,113,-0.8371575397033157
SKU_033,114,-0.9148417461335018
SKU_033,115,-0.9121512360903911
SKU_033,116,-0.9120196665908264
SKU_033,117,-0.88017661432298
SKU_033,118,-0.9617481376444532
SKU_033,119,-0.8723013047328281
SKU_033,120,-0.8998844518743243
SKU_033,121,-0.8262065961608047
SKU_033,122,-0.8497145435841571
SKU_033,123,-1.0077670025645606
SKU_033,124,-0.872864745595246
SKU_033,125,-0.8122078586046507
SKU_033,126,-0.9464472504541559
SKU_033,127,-0.8775901462079209
SKU_033,128,-0.8351943476143369
SKU_033,129,-0.9242886191174051
SKU_033,130,-0.7796673996076421
SKU_033,131,-0.8548029805771745
SKU_033,132,-0.7811166936923293
SKU_033,133,-0.9279538095240685
SKU_033,134,-0.9109715947966096
SKU_033,135,-0.9976447637464458
SKU_033,136,-0.9149268527676963
SKU_033,137,-0.8836782427748227
SKU_033,138,-0.9032104926117991
SKU_033,139,-0.8213612317174668
SKU_033,140,-0.8763674538267541
SKU_033,141,-0.8727313194718092
SKU_033,142,-0.9082920060540292
SKU_033,143,-0.9194528474716824
SKU_033,144,-0.6350987631228449
SKU_033,145,-0.8485425528223046
SKU_033,146,-0.867576475060337
SKU_033,147,-0.7947467613779601
SKU_033,148,-0.824131152062251
SKU_033,149,-0.9172744652797269
SKU_033,150,-0.935329764323233
SKU_033,151,-0.9095349397901699
SKU_033,152,-0.8984493887078531
SKU_033,153,-0.900378363787405
SKU_033,154,-0.7601680053624431
SKU_033,155,-0.8573429797244174
SKU_033,156,-0.8687402033647504
SKU_033,157,-0.9738344059388475
SKU_033,158,-0.7414445602873044
SKU_033,159,-0.8664969961604169
SKU_033,160,-0.8722927760388425
SKU_033,161,-0.8098422958887578
SKU_033,162,-0.8216721431471273
SKU_033,163,-0.7869144174495272
SKU_033,164,-0.8682795989182559
SKU_033,165,-0.8295431059691564
SKU_033,166,-0.8322875752014576
SKU_033,167,-0.9416671674936066
SKU_033,168,-0.8238100593430101
SKU_033,169,-0.8482728691016258
SKU_033,170,-0.9001095381891799
SKU_033,171,-0.850886876088319
SKU_033,172,-0.8536117216049066
SKU_033,173,-0.8496837413462116
SKU_033,174,-0.781781463201647
SKU_033,175,-0.835141275776738
SKU_033,176,-0.8553736569914102
SKU_033,177,-0.8573664723125879
SKU_033,178,-0.8437574568039267
SKU_033,179,-0.9362460048659267
SKU_033,180,-0.8399064577053404
SKU_033,181,-0.8569581302224972
SKU_033,182,-0.8052473615705895
SKU_033,183,-0.9058944030847293
SKU_033,184,-0.8242868950094467
SKU_033,185,-0.8873712579906112
SKU_033,186,-0.8287883969851766
SKU_033,187,-0.7489926138074712
SKU_033,188,-0.846738010271364
SKU_033,189,-0.864624094435062
SKU_033,190,-0.8291475035261958
SKU_033,191,-0.8324548769456619
SKU_033,192,-0.83232332231621
SKU_033,193,-0.9748795900551436
SKU_033,194,-0.8418891291303277
SKU_033,195,-0.7780766224593871
SKU_033,196,-0.8693914051656744
SKU_033,197,-0.9178167986971535
SKU_033,198,-0.8473907075607622
SKU_033,199,-0.883983756499803
SKU_033,200,-0.8539629816185099
SKU_033,201,-0.8251936373210164
SKU_033,202,-0.9240491134009335
SKU_033,203,-0.9147360948404467
SKU_033,204,-0.9034013335433058
SKU_033,205,-0.9347108388475032
SKU_033,206,-0.8574500646827664
SKU_033,207,-0.8647861230151695
SKU_033,208,-0.875854914487102
SKU_033,209,-0.7324898723496784
SKU_033,210,-0.8630137240006113
SKU_033,211,-0.9040309078445302
SKU_033,212,-0.808953224783155
SKU_033,213,-0.9481738261739105
SKU_033,214,-0.8329628956179956
SKU_033,215,-0.7281248905484697
SKU_033,216,-0.9271019367244003
SKU_033,217,-0.8463273667292268
SKU_033,218,-0.7928531466025209
SKU_033,219,-0.7769367902480033
SKU_033,220,-0.9504011320323748
SKU_033,221,-0.8866018685113862
SKU_033,222,-0.8769239250476022
SKU_033,223,-0.9299980158818881
SKU_033,224,-0.8494261987160749
SKU_033,225,-0.8325918760663654
SKU_033,226,-0.7781418661168694
SKU_033,227,-0.8791017273337396
SKU_033,228,-0.865270208198227
SKU_033,229,-0.7875117344222273
SKU_033,230,-0.8734810731407345
SKU_033,231,-0.9133176496358175
SKU_033,232,-0.8710595090978482
SKU_033,233,-0.9039575553560248
SKU_033,234,-0.933264698866579
SKU_033,235,-0.7177887998292285
SKU_033,236,-0.804225620654927
SKU_033,237,-0.8870502688120829
SKU_033,238,-0.8907587942090736
SKU_033,239,-0.8606428349705935
SKU_033,240,-0.8382861040083807
SKU_033,241,-0.9249099796129411
SKU_033,242,-0.8608703824893167
SKU_033,243,-0.9052289865250912
SKU_033,244,-0.8173880553880891
SKU_033,245,-0.8152400345792161
SKU_033,246,-0.8367491979596092
SKU_033,247,-0.7278432235143738
SKU_033,248,-0.8447653343620272
SKU_033,249,-0.8594543832263756
SKU_033,250,-0.8364558307732
SKU_033,251,-0.8895516305582672
SKU_033,252,-0.8598400251689162
SKU_033,253,-0.8307321971113037
SKU_033,254,-0.702757960644587
SKU_033,255,-0.8750933479994961
SKU_033,256,-0.9443052048614424
SKU_033,257,-0.8180443401694325
SKU_033,258,-0.881251847913906
SKU_033,259,-0.8311099831384479
SKU_033,260,-0.8689929909491675
SKU_033,261,-0.8196566649022986
SKU_033,262,-0.9650523812052086
SKU_033,263,-0.8249558933135802
SKU_033,264,-0.86756376898464
SKU_033,265,-0.9469534113388253
SKU_033,266,-0.7086971642209475
SKU_033,267,-0.9306818615420817
SKU_033,268,-0.8459419598231667
SKU_033,269,-0.8793365999898636
SKU_033,270,-0.9134034787404293
SKU_033,271,-0.8950845198463652
SKU_033,272,-0.9022565363299221
SKU_033,273,-0.845233635114901
SKU_033,274,-0.8938242680626436
SKU_033,275,-0.7926792034435444
SKU_033,276,-0.9308587083474533
SKU_033,277,-0.8276380260765526
SKU_033,278,-0.8931256512334846
SKU_033,279,-0.9150625128214986
SKU_033,280,-0.9026230324728043
SKU_033,281,-0.8997744996731063
SKU_033,282,-0.698617406995996
SKU_033,283,-0.8901709580077504
SKU_033,284,-0.8587530944223373
SKU_033,285,-0.9604910218331704
SKU_033,286,-0.9170340932063363
SKU_033,287,-0.9276040499984205
SKU_033,288,-0.8990613553731716
SKU_033,289,-0.8453409775258769
SKU_033,290,-0.7736306652825805
SKU_033,291,-0.8642573683137397
SKU_033,292,-0.8466562960175631
SKU_033,293,-0.9675910731316186
SKU_033,294,-0.7251018577715412
SKU_033,295,-0.9677552643741691
SKU_033,296,-0.8509692164259053
SKU_033,297,-0.8059528147435209
SKU_033,298,-0.8928876271875615
SKU_033,299,-0.993611422263815
SKU_034,0,-0.7390671252622673
SKU_034,1,-0.8678376203997525
SKU_034,2,-0.8556573450514312
SKU_034,3,-0.8927219367101764
SKU_034,4,-0.8558584493782875
SKU_034,5,-0.8555959471845213
SKU_034,6,-0.9047526464148254
SKU_034,7,-0.8489243067180074
SKU_034,8,-0.8934462854068114
SKU_034,9,-0.8599773805918737
SKU_034,10,-0.9290001082323198
SKU_034,11,-0.8503782082156239
SKU_034,12,-0.8288139521545719
SKU_034,13,-0.796907589205865
SKU_034,14,-0.9134587111643457
SKU_034,15,-0.8966762223567408
SKU_034,16,-0.8941395684746566
SKU_034,17,-0.8451562393653341
SKU_034,18,-0.9413833772800628
SKU_034,19,-0.8086689051482356
SKU_034,20,-0.8565397372317568
SKU_034,21,-0.868842601828706
SKU_034,22,-0.8529460225539227
SKU_034,23,-0.8003230068675591
SKU_034,24,-0.9271075779804723
SKU_034,25,-0.8464603738223734
SKU_034,26,-0.831789949721814
SKU_034,27,-0.8718574359570891
SKU_034,28,-0.9659311733361625
SKU_034,29,-0.9556779589953509
SKU_034,30,-0.8081424829873229
SKU_034,31,-0.9210306593533073
SKU_034,32,-0.783771677371734
SKU_034,33,-0.8843297928196111
SKU_034,34,-0.8342306087837436
SKU_034,35,-0.8560512551894666
SKU_034,36,-0.8897293030077712
SKU_034,37,-0.8319330174698274
SKU_034,38,-0.9376754911492937
SKU_034,39,-0.7604024628999136
SKU_034,40,-0.9882816080815376
SKU_034,41,-0.9164727107015366
SKU_034,42,-0.8405559672733347
SKU_034,43,-0.7718329905299595
SKU_034,44,-0.8128785401468944
SKU_034,45,-0.8742357960986794
SKU_034,46,-0.8865860691634713
SKU_034,47,-0.9282565001287316
SKU_034,48,-0.8949159727973223
SKU_034,49,-0.8820785244099649
SKU_034,50,-0.8945767007528
SKU_034,51,-0.7104182293322169
SKU_034,52,-0.8663159595465428
SKU_034,53,-0.8695464916327136
SKU_034,54,-0.8764575335088961
SKU_034,55,-0.8985159401265649
SKU_034,56,-0.9429796688483183
SKU_034,57,-0.875400881262124
SKU_034,58,-0.9255708791973788
SKU_034,59,-0.936946146150695
SKU_034,60,-0.9639445472792685
SKU_034,61,-0.8694354005466404
SKU_034,62,-0.8742500279664459
SKU_034,63,-0.9300065812466373
SKU_034,64,-0.8439231357194971
SKU_034,65,-0.8737428360779916
SKU_034,66,-0.8790290233151299
SKU_034,67,-0.9549187300047988
SKU_034,68,-0.950670225167997
SKU_034,69,-0.7789369362585287
SKU_034,70,-0.8795518278180249
SKU_034,71,-0.9343130885381637
SKU_034,72,-0.8606471239606891
SKU_034,73,-0.9628381951985275
SKU_034,74,-0.9002143725195465
SKU_034,75,-0.7728341594075543
SKU_034,76,-0.8103858740446432
SKU_034,77,-0.9207140919645812
SKU_034,78,-0.8022224096517178
SKU_034,79,-0.8902596976445962
SKU_034,80,-0.8133948960334039
SKU_034,81,-0.8147649609280107
SKU_034,82,-0.8573086281555671
SKU_034,83,-0.8863531730010834
SKU_034,84,-0.9117738852152222
SKU_034,85,-0.8769984322749099
SKU_034,86,-0.8331203977312576
SKU_034,87,-0.9259995581630204
SKU_034,88,-0.9010904759670088
SKU_034,89,-0.8450853109420046
SKU_034,90,-0.8849593111814458
SKU_034,91,-0.9147498183513586
SKU_034,92,-0.9163289681205434
SKU_034,93,-0.8072970418744325
SKU_034,94,-0.928904562999125
SKU_034,95,-0.8074651038058739
SKU_034,96,-0.9852285374758682
SKU_034,97,-0.8023748032875839
SKU_034,98,-0.8441462396492635
SKU_034,99,-0.9733631291059216
SKU_034,100,-0.8982667668493115
SKU_034,101,-0.9796823814852912
SKU_034,102,-0.907985358374565
SKU_034,103,-0.8583863272430837
SKU_034,104,-0.975887125508163
SKU_034,105,-0.8564694404803335
SKU_034,106,-0.7935792843577429
SKU_034,107,-0.8942678108301927
SKU_034,108,-0.8392271684492748
SKU_034,109,-0.765625287678206
SKU_034,110,-0.8754335351670522
SKU_034,111,-0.8267501544031306
SKU_034,112,-0.9067536032973607
SKU_034,113,-0.7736126483145022
SKU_034,114,-0.9172268344109094
SKU_034,115,-0.897064411056072
SKU_034,116,-0.9361760644104479
SKU_034,117,-0.8636401735912724
SKU_034,118,-0.9448939570749814
SKU_034,119,-0.9528825552987029
SKU_034,120,-0.89942620321161
SKU_034,121,-0.8165861241640441
SKU_034,122,-0.8749836389851177
SKU_034,123,-0.924449314783347
SKU_034,124,-0.8909395644260498
SKU_034,125,-0.8075891168320916
SKU_034,126,-0.8991364042449109
SKU_034,127,-0.8810575884313243
SKU_034,128,-0.9193498529724343
SKU_034,129,-0.9894442973940865
SKU_034,130,-0.9053440693152562
SKU_034,131,-0.8538995332222369
SKU_034,132,-0.8211844600145615
SKU_034,133,-0.923042589919219
SKU_034,134,-0.9895201167144596
SKU_034,135,-0.9789666178475263
SKU_034,136,-0.9210299350946398
SKU_034,137,-0.8914859599118121
SKU_034,138,-0.919924805540618
SKU_034,139,-0.8426682283906104
SKU_034,140,-0.8730820628716133
SKU_034,141,-0.8708541553667318
SKU_034,142,-0.9178724867368152
SKU_034,143,-0.9330767775295934
SKU_034,144,-0.7571991404513033
SKU_034,145,-0.8633535346930007
SKU_034,146,-0.8890822046930342
SKU_034,147,-0.8712576287933894
SKU_034,148,-0.7390780397009642
SKU_034,149,-0.9581803266289322
SKU_034,150,-0.9325256098247237
SKU_034,151,-0.914587925223564
SKU_034,152,-0.9050643252648224
SKU_034,153,-0.8907102709611537
SKU_034,154,-0.8709511601858209
SKU_034,155,-0.8929490894294755
SKU_034,156,-0.9157762625187221
SKU_034,157,-0.9491357775717584
SKU_034,158,-0.801672949975244
SKU_034,159,-0.8877005228188816
SKU_034,160,-0.8731158297911276
SKU_034,161,-0.8095347355917493
SKU_034,162,-0.9971685585739151
SKU_034,163,-0.8611429265243404
SKU_034,164,-0.8701282492346746
SKU_034,165,-0.8278796533091533
SKU_034,166,-0.8215400571009361
SKU_034,167,-0.9616376238796649
SKU_034,168,-0.9033518897339136
SKU_034,169,-0.9219173950697225
SKU_034,170,-0.9042526947290956
SKU_034,171,-0.8245097288383799
SKU_034,172,-0.8533179927107142
SKU_034,173,-0.9070630510796341
SKU_034,174,-0.8330380261721281
SKU_034,175,-0.9046823234855113
SKU_034,176,-0.8485615836781699
SKU_034,177,-0.8402539873132351
SKU_034,178,-0.8250510313239863
SKU_034,179,-0.9120701346757556
SKU_034,180,-0.8227914085552253
SKU_034,181,-0.974827214666004
SKU_034,182,-0.9166438239307206
SKU_034,183,-0.9489519508409354
SKU_034,184,-0.9486597147174436
SKU_034,185,-0.9274047135293909
SKU_034,186,-0.8441150207543678
SKU_034,187,-0.7910233219657614
SKU_034,188,-0.8305599148677828
SKU_034,189,-0.8792759640926993
SKU_034,190,-0.7969084641639963
SKU_034,191,-0.8381434546957783
SKU_034,192,-0.8324095470666694
SKU_034,193,-0.9929556160528609
SKU_034,194,-0.8630071994217932
SKU_034,195,-0.8313484831416956
SKU_034,196,-0.8835242669417789
SKU_034,197,-0.9134969747217946
SKU_034,198,-0.894807641399299
SKU_034,199,-0.8786133106030374
SKU_034,200,-0.8228382329170327
SKU_034,201,-0.8779629460249978
SKU_034,202,-0.9002561296557237
SKU_034,203,-0.8496066562594625
SKU_034,204,-0.9108345670738807
SKU_034,205,-0.9513788231453499
SKU_034,206,-0.9272546243905163
SKU_034,207,-0.9278811144074453
SKU_034,208,-0.8664631967107421
SKU_034,209,-0.875099843387784
SKU_034,210,-0.8179906811744323
SKU_034,211,-0.906811042377015
SKU_034,212,-0.9647725796713841
SKU_034,213,-0.9544581486615968
SKU_034,214,-0.800144661916607
SKU_034,215,-0.9568833071343591
SKU_034,216,-0.9401511151458462
SKU_034,217,-0.8383161965281247
SKU_034,218,-0.9651466095186608
SKU_034,219,-0.837262514945942
SKU_034,220,-0.9660301483046226
SKU_034,221,-0.8857914243645416
SKU_034,222,-0.9439199059499743
SKU_034,223,-0.8964399841740247
SKU_034,224,-0.918301322140196
SKU_034,225,-0.9775386538381209
SKU_034,226,-0.7771544862829695
SKU_034,227,-0.8818841941661368
SKU_034,228,-0.8782237469038919
SKU_034,229,-0.8650866194632969
SKU_034,230,-0.8777046678174514
SKU_034,231,-0.8789593398029696
SKU_034,232,-0.8463325126506227
SKU_034,233,-1.0067830883753492
SKU_034,234,-0.9124060774272345
SKU_034,235,-0.7660185397036297
SKU_034,236,-0.8059025703648903
SKU_034,237,-0.8832495296435071
SKU_034,238,-0.8922632148640214
SKU_034,239,-0.8618681006104092
SKU_034,240,-0.8509356247013224
SKU_034,241,-0.9339322773322879
SKU_034,242,-0.858143096681356
SKU_034,243,-0.8927337461805289
SKU_034,244,-0.9169382719065556
SKU_034,245,-0.905392690429195
SKU_034,246,-0.8162363623717854
SKU_034,247,-0.77308489458414
SKU_034,248,-0.915002440076213
SKU_034,249,-0.8655958135000161
SKU_034,250,-0.9090042648394842
SKU_034,251,-0.8891904790110065
SKU_034,252,-0.9202447912799699
SKU_034,253,-0.8338265241023718
SKU_034,254,-0.7502692155805938
SKU_034,255,-0.8309549831312529
SKU_034,256,-0.9176536606205987
SKU_034,257,-0.8338635607041022
SKU_034,258,-0.9619799552214535
SKU_034,259,-0.8380785178628327
SKU_034,260,-0.9498511264465819
SKU_034,261,-0.8081768674441696
SKU_034,262,-0.8923508823333495
SKU_034,263,-0.8035411830978173
SKU_034,264,-0.8481071944176517
SKU_034,265,-0.9233177579468536
SKU_034,266,-0.8822187432369494
SKU_034,267,-0.9327688198355893
SKU_034,268,-0.8377437161354044
SKU_034,269,-0.9105207540703347
SKU_034,270,-0.9221372441298124
SKU_034,271,-1.002605992138389
SKU_034,272,-0.8934531767755853
SKU_034,273,-0.8486528936616311
SKU_034,274,-0.9670869210794584
SKU_034,275,-0.8293847865703735
SKU_034,276,-0.8891965743998527
SKU_034,277,-0.831173678114971
SKU_034,278,-0.8872965682259252
SKU_034,279,-0.9522656127725696
SKU_034,280,-0.8969173786690484
SKU_034,281,-0.8869077118847432
SKU_034,282,-0.9171086279182138
SKU_034,283,-0.8903924171283164
SKU_034,284,-0.9770147287104661
SKU_034,285,-0.950281323615558
SKU_034,286,-0.8838760734943204
SKU_034,287,-0.9123484644540174
SKU_034,288,-0.9007386423176337
SKU_034,289,-0.8451867642259304
SKU_034,290,-0.7427599569906331
SKU_034,291,-0.9045248566535897
SKU_034,292,-0.8543536289094691
SKU_034,293,-0.9634596198412766
SKU_034,294,-0.8277713110162329
SKU_034,295,-0.9662102666748925
SKU_034,296,-0.8397143549464409
SKU_034,297,-0.9143873489012664
SKU_034,298,-0.8522549303099577
SKU_034,299,-1.0100195198749375
SKU_035,0,-0.75423164095394
SKU_035,1,-0.9445116970312313
SKU_035,2,-0.8499470127272494
SKU_035,3,-0.8531574222146944
SKU_035,4,-0.8145879177034376
SKU_035,5,-0.8722924347560432
SKU_035,6,-0.9350093353576794
SKU_035,7,-0.8581205151474743
SKU_035,8,-0.8382685775733707
SKU_035,9,-0.865897717398563
SKU_035,10,-0.9270855507124339
SKU_035,11,-0.8505266871684747
SKU_035,12,-0.8276801120399667
SKU_035,13,-0.855947274488776
SKU_035,14,-0.9270653443944922
SKU_035,15,-0.9057782946182839
SKU_035,16,-0.903200218051527
SKU_035,17,-0.874628619712492
SKU_035,18,-0.9531618560223036
SKU_035,19,-0.6990729293472536
SKU_035,20,-0.8830880098219657
SKU_035,21,-0.750928837083924
SKU_035,22,-0.8565893436594552
SKU_035,23,-0.7963365739667612
SKU_035,24,-0.917000902728353
SKU_035,25,-0.8671555089178627
SKU_035,26,-0.8044609142551591
SKU_035,27,-0.893086317569958
SKU_035,28,-0.9894319064599142
SKU_035,29,-0.9451046246431362
SKU_035,30,-0.8097832550900712
SKU_035,31,-0.9011907491875804
SKU_035,32,-0.7813706441663462
SKU_035,33,-0.8886998125792144
SKU_035,34,-0.8256811891732908
SKU_035,35,-0.8532054214320542
SKU_035,36,-0.8597073082393705
SKU_035,37,-0.7922141166191928
SKU_035,38,-0.9418302664170264
SKU_035,39,-0.7254731626439123
SKU_035,40,-0.9557808169216874
SKU_035,41,-0.9172081550155472
SKU_035,42,-0.8413810713962014
SKU_035,43,-0.7480737452899291
SKU_035,44,-0.8175479599202844
SKU_035,45,-0.8973315823628111
SKU_035,46,-0.9106217046606999
SKU_035,47,-0.8915044236404861
SKU_035,48,-0.8680327785595258
SKU_035,49,-0.8440517400499417
SKU_035,50,-0.8984564023229071
SKU_035,51,-0.7221996011295645
SKU_035,52,-0.8670064083539907
SKU_035,53,-0.8700484237931337
SKU_035,54,-0.8612602923327282
SKU_035,55,-0.9328419043630819
SKU_035,56,-0.850605752151771
SKU_035,57,-0.8682847986783189
SKU_035,58,-0.9385031499355982
SKU_035,59,-0.8485949438902489
SKU_035,60,-0.9672606082009271
SKU_035,61,-0.7070335161960553
SKU_035,62,-0.7751698919717733
SKU_035,63,-0.9345862236275659
SKU_035,64,-0.8775061596705123
SKU_035,65,-0.8345344005642779
SKU_035,66,-0.8830259929082996
SKU_035,67,-0.9521755792446059
SKU_035,68,-1.0096610276596345
SKU_035,69,-0.7980764971950064
SKU_035,70,-0.7798180752042757
SKU_035,71,-0.913032058086267
SKU_035,72,-0.8327702596166396
SKU_035,73,-0.9656189454034508
SKU_035,74,-0.8890082905277976
SKU_035,75,-0.7631670643236409
SKU_035,76,-0.7848320550816569
SKU_035,77,-0.9199902460328013
SKU_035,78,-0.8342230038751762
SKU_035,79,-0.8232710944616156
SKU_035,80,-0.8719428375316777
SKU_035,81,-0.8238487041819842
SKU_035,82,-0.8302801287197865
SKU_035,83,-0.9767323280172542
SKU_035,84,-0.9250933574499031
SKU_035,85,-0.8940232993315008
SKU_035,86,-0.857204140145204
SKU_035,87,-0.9194759694872633
SKU_035,88,-0.9031200041166506
SKU_035,89,-0.8516048565008832
SKU_035,90,-0.8883831980376571
SKU_035,91,-0.8829072986760318
SKU_035,92,-0.912795758678594
SKU_035,93,-0.7980099006080739
SKU_035,94,-0.8828346536399031
SKU_035,95,-0.8015397387608058
SKU_035,96,-0.7635770570713387
SKU_035,97,-0.8155101300405804
SKU_035,98,-0.8450227567549001
SKU_035,99,-0.9628971232506854
SKU_035,100,-0.8895536398929864
SKU_035,101,-0.9665156394098312
SKU_035,102,-0.9002799383670528
SKU_035,103,-0.8477755062824003
SKU_035,104,-1.0913579548475338
SKU_035,105,-0.896956158573099
SKU_035,106,-0.7700789259487768
SKU_035,107,-0.8797344261176097
SKU_035,108,-0.9032789196424532
SKU_035,109,-0.7945432127768628
SKU_035,110,-0.8726310310994789
SKU_035,111,-0.8274623890115684
SKU_035,112,-0.907842195405492
SKU_035,113,-0.8006343211446046
SKU_035,114,-0.9174383583870416
SKU_035,115,-0.9044989792520374
SKU_035,116,-0.933807542880311
SKU_035,117,-0.8918437112078388
SKU_035,118,-0.9147981027038803
SKU_035,119,-0.9552583052801363
SKU_035,120,-0.8995144441680478
SKU_035,121,-0.8175615516251147
SKU_035,122,-0.8810856881380643
SKU_035,123,-0.9664386931003761
SKU_035,124,-0.8831592141973056
SKU_035,125,-0.7767284567519787
SKU_035,126,-0.9557882420261623
SKU_035,127,-0.8841072199314804
SKU_035,128,-0.9553380907821083
SKU_035,129,-0.9933575480789646
SKU_035,130,-0.9252521607560283
SKU_035,131,-0.8559859894173718
SKU_035,132,-0.8448531029951027
SKU_035,133,-0.9177955534868212
SKU_035,134,-0.8922892062128063
SKU_035,135,-0.9672125395659796
SKU_035,136,-0.893829580888979
SKU_035,137,-0.8763358558514392
SKU_035,138,-0.9021072365648987
SKU_035,139,-0.8834424733677461
SKU_035,140,-0.8673400233279133
SKU_035,141,-0.8847501417760054
SKU_035,142,-0.9271938772676586
SKU_035,143,-0.911154804614614
SKU_035,144,-0.8702923952297823
SKU_035,145,-0.8522963805969476
SKU_035,146,-0.8666202787376742
SKU_035,147,-0.9574259849642333
SKU_035,148,-0.759183719028792
SKU_035,149,-0.9630190083922725
SKU_035,150,-0.929490829917934
SKU_035,151,-0.8749313993390291
SKU_035,152,-0.8884037846489913
SKU_035,153,-0.8937788959047552
SKU_035,154,-0.8851538861511504
SKU_035,155,-0.9015721633379857
SKU_035,156,-0.8792845774643797
SKU_035,157,-0.924238812384766
SKU_035,158,-0.8161774042372718
SKU_035,159,-0.8695184127342658
SKU_035,160,-0.8712653928316001
SKU_035,161,-0.8096036830198772
SKU_035,162,-0.9642639947987995
SKU_035,163,-0.9321855745148985
SKU_035,164,-0.8480819145093126
SKU_035,165,-0.8313948007282683
SKU_035,166,-0.8787796805342502
SKU_035,167,-0.838450896420296
SKU_035,168,-0.8726740676033041
SKU_035,169,-0.9288885830073659
SKU_035,170,-0.9028863078049482
SKU_035,171,-0.8335488314150298
SKU_035,172,-0.8591972768670242
SKU_035,173,-0.8869576372357789
SKU_035,174,-0.8234804896081155
SKU_035,175,-0.8758508043931671
SKU_035,176,-0.8602404813157855
SKU_035,177,-0.840742066527323
SKU_035,178,-0.8311886099152053
SKU_035,179,-0.9147297728505319
SKU_035,180,-0.8516238161798064
SKU_035,181,-0.9649171781284442
SKU_035,182,-0.8357890413571788
SKU_035,183,-0.9533583440548756
SKU_035,184,-0.9227619646343425
SKU_035,185,-0.8445088084677472
SKU_035,186,-0.8752795646146825
SKU_035,187,-0.870745003006148
SKU_035,188,-0.8519537904528623
SKU_035,189,-0.9270344308292293
SKU_035,190,-0.7790684799184836
SKU_035,191,-0.8354073567922821
SKU_035,192,-0.8257393461139145
SKU_035,193,-0.9426729150416959
SKU_035,194,-0.8601035246468087
SKU_035,195,-0.8798048495169896
SKU_035,196,-0.8738735388560234
SKU_035,197,-0.9131805752353768
SKU_035,198,-0.8968999254320769
SKU_035,199,-0.8724896119311134
SKU_035,200,-0.8547581326802952
SKU_035,201,-0.9882101054481962
SKU_035,202,-0.9135518685259062
SKU_035,203,-0.8200944760373923
SKU_035,204,-0.8907368897157686
SKU_035,205,-0.9452948675986412
SKU_035,206,-0.9295096845134082
SKU_035,207,-0.8905777159992513
SKU_035,208,-0.88234988945691
SKU_035,209,-0.8631579192551759
SKU_035,210,-0.8289668735872896
SKU_035,211,-0.8471156015389256
SKU_035,212,-0.9309217439158003
SKU_035,213,-0.9472461725580092
SKU_035,214,-0.8213465892518895
SKU_035,215,-0.796427044939447
SKU_035,216,-0.914221197781619
SKU_035,217,-0.7942915950312308
SKU_035,218,-1.0096857374458583
SKU_035,219,-0.8541500893749484
SKU_035,220,-0.9611820950792151
SKU_035,221,-0.8850076584950592
SKU_035,222,-0.9244181498717847
SKU_035,223,-0.9291145043098626
SKU_035,224,-0.8569527608546852
SKU_035,225,-1.0366867738986751
SKU_035,226,-0.7769619022888297
SKU_035,227,-0.8811019665484233
SKU_035,228,-0.8691354954918091
SKU_035,229,-0.8643995056496877
SKU_035,230,-0.8738405678607525
SKU_035,231,-0.8943173567006784
SKU_035,232,-0.8757018090090303
SKU_035,233,-1.0458480143619497
SKU_035,234,-0.8920980310141049
SKU_035,235,-0.7801010060686251
SKU_035,236,-0.8108702975586696
SKU_035,237,-0.8708395009136158
SKU_035,238,-0.8760896040482836
SKU_035,239,-0.8593100510810577
SKU_035,240,-0.8542547918173841
SKU_035,241,-0.9103971427653642
SKU_035,242,-0.8603822495846333
SKU_035,243,-0.9004241534206779
SKU_035,244,-0.8300804134845396
SKU_035,245,-0.862432701146316
SKU_035,246,-0.8057300473117598
SKU_035,247,-0.8072811047164985
SKU_035,248,-0.921057737178302
SKU_035,249,-0.8599391160679277
SKU_035,250,-0.9151830134657007
SKU_035,251,-0.8858151345317252
SKU_035,252,-0.8932453558860979
SKU_035,253,-0.8713215405878757
SKU_035,254,-0.7375942298629402
SKU_035,255,-0.8766869080556965
SKU_035,256,-0.9093472625049052
SKU_035,257,-0.8215101425686867
SKU_035,258,-0.9551024270107379
SKU_035,259,-0.8354611293723292
SKU_035,260,-0.8202223088556208
SKU_035,261,-0.8116325165745287
SKU_035,262,-0.9986518496015823
SKU_035,263,-0.8164677150582674
SKU_035,264,-0.8888785281117856
SKU_035,265,-1.0548506905819646
SKU_035,266,-0.8208489324541209
SKU_035,267,-0.9560795294359267
SKU_035,268,-0.8438258785097833
SKU_035,269,-0.8790082034893378
SKU_035,270,-0.9683420583539467
SKU_035,271,-0.9906867524249244
SKU_035,272,-0.902739166973662
SKU_035,273,-0.895201161473783
SKU_035,274,-0.9209876282933998
SKU_035,275,-0.7522439098191752
SKU_035,276,-0.9219796885683955
SKU_035,277,-0.8291175184861176
SKU_035,278,-0.9014221830271405
SKU_035,279,-0.9058728917295158
SKU_035,280,-0.896551233758654
SKU_035,281,-0.8539042672304894
SKU_035,282,-0.7117454998724043
SKU_035,283,-0.9019707118156409
SKU_035,284,-0.9122240645617423
SKU_035,285,-0.9411695842717364
SKU_035,286,-0.9451706181816484
SKU_035,287,-0.9219865261425546
SKU_035,288,-0.8702953399867623
SKU_035,289,-0.8241747128465277
SKU_035,290,-0.9796916123467152
SKU_035,291,-0.8920537212071507
SKU_035,292,-0.8633344983856446
SKU_035,293,-0.9629671304656607
SKU_035,294,-0.777369085623715
SKU_035,295,-0.9359068153938558
SKU_035,296,-0.8453999750869944
SKU_035,297,-0.8644029215505774
SKU_035,298,-0.8504968246346248
SKU_035,299,-1.0036791926993327
SKU_036,0,-1.3524723429421452
SKU_036,1,-1.2536220167093304
SKU_036,2,-1.2257590306562427
SKU_036,3,-1.2465885238560421
SKU_036,4,-1.2929450930831532
SKU_036,5,-1.3043039408206316
SKU_036,6,-1.245102738644148
SKU_036,7,-1.2163070920381323
SKU_036,8,-1.2798269066231536
SKU_036,9,-1.2081483724755473
SKU_036,10,-1.2454445871200217
SKU_036,11,-1.2685296168132318
SKU_036,12,-1.2439735541517283
SKU_036,13,-1.2663566041015888
SKU_036,14,-1.2878236518869473
SKU_036,15,-1.2794493039075419
SKU_036,16,-1.2609406457575503
SKU_036,17,-1.1164437261909115
SKU_036,18,-1.1523771232845377
SKU_036,19,-1.1444065393220033
SKU_036,20,-1.2311793644994224
SKU_036,21,-1.33991549221497
SKU_036,22,-1.2349658456472399
SKU_036,23,-1.2159282175110402
SKU_036,24,-1.249406423542183
SKU_036,25,-1.2306640263677404
SKU_036,26,-1.2268023977005378
SKU_036,27,-1.1912505380127851
SKU_036,28,-1.298732485723752
SKU_036,29,-1.316882166632912
SKU_036,30,-1.2116375365850296
SKU_036,31,-1.218136253939166
SKU_036,32,-1.2398601232434854
SKU_036,33,-1.2567209350625566
SKU_036,34,-1.1829343540893291
SKU_036,35,-1.2932161924170251
SKU_036,36,-1.3370595908218583
SKU_036,37,-1.2885534691496032
SKU_036,38,-1.293713885053954
SKU_036,39,-1.252765765559988
SKU_036,40,-1.3194926977893031
SKU_036,41,-1.3060291522350391
SKU_036,42,-1.2807558696080978
SKU_036,43,-1.2992061532215613
SKU_036,44,-1.177918372734471
SKU_036,45,-1.2625839902341651
SKU_036,46,-1.3169434229545602
SKU_036,47,-1.1617747363953028
SKU_036,48,-1.2626917764218075
SKU_036,49,-1.284939393544407
SKU_036,50,-1.2590850323189782
SKU_036,51,-1.2396174551827643
SKU_036,52,-1.22678084190477
SKU_036,53,-1.2765396782445246
SKU_036,54,-1.3201302815040112
SKU_036,55,-1.2453844894879382
SKU_036,56,-1.2365746938966324
SKU_036,57,-1.249436176475135
SKU_036,58,-1.2762008257944963
SKU_036,59,-1.1939495308197225
SKU_036,60,-1.250913986855325
SKU_036,61,-1.0956425342086606
SKU_036,62,-1.266319044406736
SKU_036,63,-1.2651721967002887
SKU_036,64,-1.3096893026311178
SKU_036,65,-1.2924008919598673
SKU_036,66,-1.240358360238207
SKU_036,67,-1.2585859501917596
SKU_036,68,-1.258297620947961
SKU_036,69,-1.4317827292207104
SKU_036,70,-1.35886222818565
SKU_036,71,-1.3283167504043538
SKU_036,72,-1.227333545238031
SKU_036,73,-1.2854669658896891
SKU_036,74,-1.1829681925661824
SKU_036,75,-1.1803823486572647
SKU_036,76,-1.2788894741485903
SKU_036,77,-1.271114164975465
SKU_036,78,-1.2069157787029463
SKU_036,79,-1.265064312862438
SKU_036,80,-1.2634479829090426
SKU_036,81,-1.2462934756858473
SKU_036,82,-1.2520951545655314
SKU_036,83,-1.3273214582858694
SKU_036,84,-1.2358562538636282
SKU_036,85,-1.2072646070778492
SKU_036,86,-1.2234436824779242
SKU_036,87,-1.3517597729380395
SKU_036,88,-1.2467449209119277
SKU_036,89,-1.2479923004109044
SKU_036,90,-1.290108916502572
SKU_036,91,-1.3044935097905923
SKU_036,92,-1.3053188258865152
SKU_036,93,-1.268929508769185
SKU_036,94,-1.313774545802205
SKU_036,95,-1.3398175067169367
SKU_036,96,-1.3154732576229586
SKU_036,97,-1.296164948037346
SKU_036,98,-1.2174715769992974
SKU_036,99,-1.2398755592773905
SKU_036,100,-1.2346017887234073
SKU_036,101,-1.1827904365528723
SKU_036,102,-1.254472987434597
SKU_036,103,-1.2423374789182682
SKU_036,104,-1.2116247522938701
SKU_036,105,-1.2601655893685775
SKU_036,106,-1.2609536679955151
SKU_036,107,-1.2709862017359137
SKU_036,108,-1.2346138699559213
SKU_036,109,-1.2433698565007827
SKU_036,110,-1.2165783516232178
SKU_036,111,-1.2900205990811033
SKU_036,112,-1.3076768724007697
SKU_036,113,-1.2704255359613512
SKU_036,114,-1.2538085142226774
SKU_036,115,-1.1831901431136596
SKU_036,116,-1.273543243621996
SKU_036,117,-1.2012374918712354
SKU_036,118,-1.147302356053914
SKU_036,119,-1.2268698769651694
SKU_036,120,-1.27066209470435
SKU_036,121,-1.2831470490494814
SKU_036,122,-1.2248455078569023
SKU_036,123,-1.3149466465979067
SKU_036,124,-1.2695508558651494
SKU_036,125,-1.220054967658928
SKU_036,126,-1.2216004638984312
SKU_036,127,-1.185166934645663
SKU_036,128,-1.1580729970810721
SKU_036,129,-1.2354941800465626
SKU_036,130,-1.224095128243274
SKU_036,131,-1.1952666642154344
SKU_036,132,-1.293835751404705
SKU_036,133,-1.2904523233513727
SKU_036,134,-1.2794986483786337
SKU_036,135,-1.2904758928550442
SKU_036,136,-1.2341474299981403
SKU_036,137,-1.1940190660893186
SKU_036,138,-1.2187795013229845
SKU_036,139,-1.2808346716063161
SKU_036,140,-1.2252539806743215
SKU_036,141,-1.2442994920075963
SKU_036,142,-1.1867722023684895
SKU_036,143,-1.2682938667207924
SKU_036,144,-1.3779764080961514
SKU_036,145,-1.2458358047510771
SKU_036,146,-1.3081355979538816
SKU_036,147,-1.3298900096744106
SKU_036,148,-1.2295536155484341
SKU_036,149,-1.2344155803872232
SKU_036,150,-1.2122472331286085
SKU_036,151,-1.2299780939641034
SKU_036,152,-1.2317465089623365
SKU_036,153,-1.2225627590861494
SKU_036,154,-1.218896972116566
SKU_036,155,-1.2669667646231562
SKU_036,156,-1.203483006613387
SKU_036,157,-1.2309940726732842
SKU_036,158,-1.2458133358353045
SKU_036,159,-1.2967425774741421
SKU_036,160,-1.2680044113807167
SKU_036,161,-1.3100178831391398
SKU_036,162,-1.2808556331524625
SKU_036,163,-1.200992837733786
SKU_036,164,-1.2302745243362967
SKU_036,165,-1.2138968924891698
SKU_036,166,-1.2696695618791478
SKU_036,167,-1.188926127086528
SKU_036,168,-1.320754472370634
SKU_036,169,-1.3175625673053433
SKU_036,170,-1.249063071232924
SKU_036,171,-1.2805081874672781
SKU_036,172,-1.2225465163470441
SKU_036,173,-1.212424301494437
SKU_036,174,-1.3579310186316162
SKU_036,175,-1.2538893303681131
SKU_036,176,-1.2422910860986167
SKU_036,177,-1.2206435072530095
SKU_036,178,-1.3617928681391078
SKU_036,179,-1.3397077507003725
SKU_036,180,-1.2350640422581873
SKU_036,181,-1.354352058806874
SKU_036,182,-1.190979384259531
SKU_036,183,-1.254153642381882
SKU_036,184,-1.2611522805801039
SKU_036,185,-1.2797289735894095
SKU_036,186,-1.3770062313102591
SKU_036,187,-1.2945242770488168
SKU_036,188,-1.2807630977887925
SKU_036,189,-1.2876639554680926
SKU_036,190,-1.268333308508009
SKU_036,191,-1.2422210548843722
SKU_036,192,-1.2631278427645154
SKU_036,193,-1.3066721646323398
SKU_036,194,-1.2040790612118313
SKU_036,195,-1.183098255217034
SKU_036,196,-1.2971310351665568
SKU_036,197,-1.3330641694595817
SKU_036,198,-1.2486295952198274
SKU_036,199,-1.2799944683188016
SKU_036,200,-1.2723129210655197
SKU_036,201,-1.227493828410741
SKU_036,202,-1.245907150603544
SKU_036,203,-1.248350401470583
SKU_036,204,-1.1761605145847462
SKU_036,205,-1.2894984920974566
SKU_036,206,-1.1481627466903006
SKU_036,207,-1.2987050334253334
SKU_036,208,-1.235038852302533
SKU_036,209,-1.2786087473060401
SKU_036,210,-1.235683881323077
SKU_036,211,-1.2903080226317314
SKU_036,212,-1.288119548849201
SKU_036,213,-1.2520866977910183
SKU_036,214,-1.2140907389556528
SKU_036,215,-1.2103911161034284
SKU_036,216,-1.240143168194716
SKU_036,217,-1.1686961943366698
SKU_036,218,-1.337736489081655
SKU_036,219,-1.313207649619001
SKU_036,220,-1.224754266750486
SKU_036,221,-1.2740960296347308
SKU_036,222,-1.1522000892812383
SKU_036,223,-1.1415759556612755
SKU_036,224,-1.2857889391614008
SKU_036,225,-1.193753935380529
SKU_036,226,-1.2930428434735943
SKU_036,227,-1.3138678947346623
SKU_036,228,-1.3129069185414652
SKU_036,229,-1.2017496679574309
SKU_036,230,-1.232730461962541
SKU_036,231,-1.2724072906460313
SKU_036,232,-1.2799251966468543
SKU_036,233,-1.3135387895115544
SKU_036,234,-1.3035996962708183
SKU_036,235,-1.2082276423841838
SKU_036,236,-1.3201514774389196
SKU_036,237,-1.317723610866707
SKU_036,238,-1.2222243737131104
SKU_036,239,-1.2334450134021422
SKU_036,240,-1.3173918785366359
SKU_036,241,-1.3774439949120012
SKU_036,242,-1.2126253099609987
SKU_036,243,-1.2317000231250277
SKU_036,244,-1.2490270387271838
SKU_036,245,-1.2189124371775653
SKU_036,246,-1.2477320085955466
SKU_036,247,-1.09025995518836
SKU_036,248,-1.2481534154136316
SKU_036,249,-1.2316000486419103
SKU_036,250,-1.2562620242945035
SKU_036,251,-1.2685645061325383
SKU_036,252,-1.1970432065004089
SKU_036,253,-1.1903163105490566
SKU_036,254,-1.220739349413488
SKU_036,255,-1.253361521349314
SKU_036,256,-1.3431196969810693
SKU_036,257,-1.2709643364080232
SKU_036,258,-1.2460667482505796
SKU_036,259,-1.3137619707213946
SKU_036,260,-1.2351941610322046
SKU_036,261,-1.1968490589845477
SKU_036,262,-1.2365039303625245
SKU_036,263,-1.2453576888790345
SKU_036,264,-1.3752173058711037
SKU_036,265,-1.3247046936623166
SKU_036,266,-1.3754861719003484
SKU_036,267,-1.3079009753209512
SKU_036,268,-1.2159311816768374
SKU_036,269,-1.2110103434361432
SKU_036,270,-1.2353527239348858
SKU_036,271,-1.2134347732637596
SKU_036,272,-1.218906530279747
SKU_036,273,-1.1866013619616507
SKU_036,274,-1.2769694644231229
SKU_036,275,-1.3215821033256883
SKU_036,276,-1.2586080415073078
SKU_036,277,-1.3368610663323162
SKU_036,278,-1.222866140206226
SKU_036,279,-1.1673519516544453
SKU_036,280,-1.2141299496682945
SKU_036,281,-1.272486110719082
SKU_036,282,-1.2009996861702332
SKU_036,283,-1.239867898160747
SKU_036,284,-1.2382879565378446
SKU_036,285,-1.225917384179538
SKU_036,286,-1.19841765802321
SKU_036,287,-1.235893266376648
SKU_036,288,-1.25318155290739
SKU_036,289,-1.2306708367768486
SKU_036,290,-1.39242720040468
SKU_036,291,-1.2262628582094097
SKU_036,292,-1.252862959303757
SKU_036,293,-1.20193972631947
SKU_036,294,-1.3115129675031494
SKU_036,295,-1.252344280551115
SKU_036,296,-1.2131684112343124
SKU_036,297,-1.1757954395449481
SKU_036,298,-1.277242236868002
SKU_036,299,-1.2185414576084728
SKU_037,0,-0.9706495477071727
SKU_037,1,-1.019266892669939
SKU_037,2,-0.8303347784418468
SKU_037,3,-0.8450948522093866
SKU_037,4,-0.9077491785060887
SKU_037,5,-0.8782154682961794
SKU_037,6,-0.9078282109286615
SKU_037,7,-0.8506527925157285
SKU_037,8,-0.8758796477062046
SKU_037,9,-0.9107401112339333
SKU_037,10,-0.9287960896602828
SKU_037,11,-0.8499870424889381
SKU_037,12,-0.8681370023223592
SKU_037,13,-0.8678937651053297
SKU_037,14,-0.9117860477010425
SKU_037,15,-0.8845210955526054
SKU_037,16,-0.877811574551669
SKU_037,17,-0.8258018252865336
SKU_037,18,-0.9347496633484647
SKU_037,19,-0.7696315998918245
SKU_037,20,-0.8449284262343787
SKU_037,21,-0.8994753129995303
SKU_037,22,-0.8552910884720892
SKU_037,23,-0.8441383895178757
SKU_037,24,-0.9143717975919926
SKU_037,25,-0.8549658879686952
SKU_037,26,-0.8428189074602563
SKU_037,27,-0.9351786954349146
SKU_037,28,-0.9407956680779593
SKU_037,29,-0.9424882860771072
SKU_037,30,-0.8141702686710357
SKU_037,31,-0.9130919822133857
SKU_037,32,-0.7826995439099553
SKU_037,33,-0.88535603039335
SKU_037,34,-0.843116890748899
SKU_037,35,-0.8500808559487021
SKU_037,36,-0.8675880569085704
SKU_037,37,-0.8499186420253634
SKU_037,38,-0.9116642872944636
SKU_037,39,-0.934463940654009
SKU_037,40,-0.9597366410675393
SKU_037,41,-0.9132145308771334
SKU_037,42,-0.8388301196620683
SKU_037,43,-0.8589243645726115
SKU_037,44,-0.8245773413798487
SKU_037,45,-0.8482368790621816
SKU_037,46,-0.8667824566029962
SKU_037,47,-0.9418837157071958
SKU_037,48,-0.8559175803724058
SKU_037,49,-0.9551037867832667
SKU_037,50,-0.9080347278746262
SKU_037,51,-0.7301158347476835
SKU_037,52,-0.8652147971625197
SKU_037,53,-0.8752082796212791
SKU_037,54,-0.8095766294068297
SKU_037,55,-0.9386439907039356
SKU_037,56,-0.905712762647314
SKU_037,57,-0.8511159330158357
SKU_037,58,-0.9527996623804875
SKU_037,59,-0.898117336792771
SKU_037,60,-0.9587578806676968
SKU_037,61,-0.8083334626843678
SKU_037,62,-0.8678752254147759
SKU_037,63,-0.9409117534551754
SKU_037,64,-0.879501935566419
SKU_037,65,-0.9122073733077841
SKU_037,66,-0.8756745134095387
SKU_037,67,-0.9423558286601754
SKU_037,68,-1.0869567035899987
SKU_037,69,-0.8643175966437466
SKU_037,70,-0.8508264447929585
SKU_037,71,-0.8635680166526857
SKU_037,72,-0.8086576574822251
SKU_037,73,-0.9300808847851216
SKU_037,74,-0.8667057241945924
SKU_037,75,-0.7602996987667111
SKU_037,76,-0.7626150726185302
SKU_037,77,-0.9180329412406097
SKU_037,78,-0.7984519238834472
SKU_037,79,-0.886601164046809
SKU_037,80,-0.862634048094279
SKU_037,81,-0.8289206370704306
SKU_037,82,-0.8359065806985657
SKU_037,83,-0.8309011264792752
SKU_037,84,-0.9188743183839504
SKU_037,85,-0.9105970962293471
SKU_037,86,-0.8621986166823769
SKU_037,87,-0.8768978079869808
SKU_037,88,-0.9083664146188163
SKU_037,89,-0.8517149745202243
SKU_037,90,-0.896170573757255
SKU_037,91,-0.8053186991664686
SKU_037,92,-0.9202326249206466
SKU_037,93,-0.7964087126255167
SKU_037,94,-0.9125756286177436
SKU_037,95,-0.8161685573960322
SKU_037,96,-0.9925388927528852
SKU_037,97,-0.7987480580402158
SKU_037,98,-0.8679242542558497
SKU_037,99,-0.9601487758372257
SKU_037,100,-0.9128708370163541
SKU_037,101,-0.9335551880288372
SKU_037,102,-0.9337296747725228
SKU_037,103,-0.8573299606365506
SKU_037,104,-1.053501845382938
SKU_037,105,-0.8948468023292514
SKU_037,106,-0.7904464115848621
SKU_037,107,-0.8799791699630697
SKU_037,108,-0.9290390338420763
SKU_037,109,-0.7745832588195986
SKU_037,110,-0.8651464211151222
SKU_037,111,-0.8257577647123107
SKU_037,112,-0.9058701882005498
SKU_037,113,-0.8614503624668133
SKU_037,114,-0.9104812731852496
SKU_037,115,-0.922716116244464
SKU_037,116,-0.9761701633237011
SKU_037,117,-0.8734436297065503
SKU_037,118,-0.9334421776284827
SKU_037,119,-0.9784289275413306
SKU_037,120,-0.8996148872383023
SKU_037,121,-0.8120875838845192
SKU_037,122,-0.8549938025406956
SKU_037,123,-1.0228481130732967
SKU_037,124,-0.9230670768182118
SKU_037,125,-0.7922226946703441
SKU_037,126,-0.92797725436164
SKU_037,127,-0.8845531469155744
SKU_037,128,-0.956515073606803
SKU_037,129,-0.9452724632788901
SKU_037,130,-0.8647300671006171
SKU_037,131,-0.8542753127131878
SKU_037,132,-0.7489081667170709
SKU_037,133,-0.9100250611207452
SKU_037,134,-0.8447525553699307
SKU_037,135,-0.9802668164662975
SKU_037,136,-0.9205232129719428
SKU_037,137,-0.8876742612398029
SKU_037,138,-0.9128208210084453
SKU_037,139,-0.8354696613768727
SKU_037,140,-0.8665276431948548
SKU_037,141,-0.8720632477154799
SKU_037,142,-0.934336627398725
SKU_037,143,-0.8949659844826193
SKU_037,144,-0.8784869373162241
SKU_037,145,-0.8365977455155003
SKU_037,146,-0.8413420611466318
SKU_037,147,-0.8919470490329151
SKU_037,148,-0.7900567989896039
SKU_037,149,-0.8661295430999965
SKU_037,150,-0.9208406149892167
SKU_037,151,-0.8965915526534657
SKU_037,152,-0.914729553725784
SKU_037,153,-0.9003607180265263
SKU_037,154,-0.8704255764368622
SKU_037,155,-0.8798189014214356
SKU_037,156,-0.8527909698825786
SKU_037,157,-0.9401140634671579
SKU_037,158,-0.8026186321860017
SKU_037,159,-0.8797371791041915
SKU_037,160,-0.8775394673221807
SKU_037,161,-0.8095148546016008
SKU_037,162,-0.8727786829861521
SKU_037,163,-0.8697499554127447
SKU_037,164,-0.8643528052369194
SKU_037,165,-0.8413675406725006
SKU_037,166,-0.8509771712189209
SKU_037,167,-0.8499459157756395
SKU_037,168,-0.9489789540233576
SKU_037,169,-0.9492199639489923
SKU_037,170,-0.9004615763674856
SKU_037,171,-0.8856734208304192
SKU_037,172,-0.850221243503939
SKU_037,173,-0.9219106729290691
SKU_037,174,-0.8977524941149762
SKU_037,175,-0.8697791957222235
SKU_037,176,-0.8573209590858031
SKU_037,177,-0.8267854242521689
SKU_037,178,-0.854854389053513
SKU_037,179,-0.9312947308295692
SKU_037,180,-0.9024200963690325
SKU_037,181,-0.9541743116778834
SKU_037,182,-0.8313422304280439
SKU_037,183,-0.9511761461033098
SKU_037,184,-0.9044370981325576
SKU_037,185,-0.9236684192346656
SKU_037,186,-0.8651337109576971
SKU_037,187,-0.858056660157545
SKU_037,188,-0.8392107348819985
SKU_037,189,-0.848044166206443
SKU_037,190,-0.7880877747755775
SKU_037,191,-0.8299922826226289
SKU_037,192,-0.8275537762478995
SKU_037,193,-0.9969301261596126
SKU_037,194,-0.8572206521418946
SKU_037,195,-0.8475499979815468
SKU_037,196,-0.8917109983389823
SKU_037,197,-0.9078477985616651
SKU_037,198,-0.9408564941493728
SKU_037,199,-0.8735938118343676
SKU_037,200,-0.8329182054792069
SKU_037,201,-0.8486405623338764
SKU_037,202,-0.9129345011004535
SKU_037,203,-0.9043092698654196
SKU_037,204,-0.8927488635572582
SKU_037,205,-0.9786913787788692
SKU_037,206,-0.9000538415457695
SKU_037,207,-0.9043916474956334
SKU_037,208,-0.9213538414114055
SKU_037,209,-0.8934457944976126
SKU_037,210,-0.8193325638972301
SKU_037,211,-0.9151174460487624
SKU_037,212,-0.9533514180737099
SKU_037,213,-0.9546870495129768
SKU_037,214,-0.8259649050373747
SKU_037,215,-0.8155886436690654
SKU_037,216,-0.9324522099351499
SKU_037,217,-0.8538797463972349
SKU_037,218,-0.9609598471633417
SKU_037,219,-0.9027087952510268
SKU_037,220,-0.9575543818264936
SKU_037,221,-0.8854617304423835
SKU_037,222,-0.9059708302827494
SKU_037,223,-0.9096275904079633
SKU_037,224,-0.8663301664669182
SKU_037,225,-0.9624825676947041
SKU_037,226,-0.7807246119903078
SKU_037,227,-0.8798247859054777
SKU_037,228,-0.8850716700865483
SKU_037,229,-0.8277917678542162
SKU_037,230,-0.8764608694841355
SKU_037,231,-0.9195911831377489
SKU_037,232,-0.9416785241843958
SKU_037,233,-0.9297054040308641
SKU_037,234,-0.9085568053395453
SKU_037,235,-0.7950000539286323
SKU_037,236,-0.8057429413503624
SKU_037,237,-0.8643389421615604
SKU_037,238,-0.8550199270806207
SKU_037,239,-0.8667123513451901
SKU_037,240,-0.8508428381932939
SKU_037,241,-0.9285608609260169
SKU_037,242,-0.8600249339943212
SKU_037,243,-0.8989576292246063
SKU_037,244,-0.9325589721485811
SKU_037,245,-0.9381964775441579
SKU_037,246,-0.8547921760471477
SKU_037,247,-0.8777865064529965
SKU_037,248,-0.8880989029867383
SKU_037,249,-0.8703592527094133
SKU_037,250,-0.8935698129058587
SKU_037,251,-0.8929274645348511
SKU_037,252,-0.8324330917547008
SKU_037,253,-0.9053357642305264
SKU_037,254,-0.7663979011960648
SKU_037,255,-0.8628408906138996
SKU_037,256,-0.9030947805694282
SKU_037,257,-0.8413381141480991
SKU_037,258,-0.9781850978710981
SKU_037,259,-0.8307920809460426
SKU_037,260,-0.9054656540969706
SKU_037,261,-0.7759419984212116
SKU_037,262,-0.9063276867729895
SKU_037,263,-0.9036028223614316
SKU_037,264,-0.8736879101604959
SKU_037,265,-0.8883552862428474
SKU_037,266,-0.7047034837364716
SKU_037,267,-1.0407800625610093
SKU_037,268,-0.8420267756763898
SKU_037,269,-0.8726533411704223
SKU_037,270,-0.9666343770782396
SKU_037,271,-0.8774919128607116
SKU_037,272,-0.9328787448651679
SKU_037,273,-0.9669523260329379
SKU_037,274,-0.9754281587746648
SKU_037,275,-0.8319280821086815
SKU_037,276,-0.9003340565927704
SKU_037,277,-0.8316539388905048
SKU_037,278,-0.8884519047896382
SKU_037,279,-0.938609532743161
SKU_037,280,-0.8875149225650139
SKU_037,281,-0.9218141032063766
SKU_037,282,-0.9995438306602582
SKU_037,283,-0.8980262333556887
SKU_037,284,-0.9165632711855017
SKU_037,285,-0.9362009056273423
SKU_037,286,-0.9064666224968031
SKU_037,287,-0.924105832125968
SKU_037,288,-0.8888048736799231
SKU_037,289,-0.8363490105353543
SKU_037,290,-0.8065351155854795
SKU_037,291,-0.8856703728171544
SKU_037,292,-0.8775483748070284
SKU_037,293,-0.9652446174986167
SKU_037,294,-0.8818786742828844
SKU_037,295,-0.9630609445705812
SKU_037,296,-0.84927807556793
SKU_037,297,-0.8905711104319257
SKU_037,298,-0.8092295139155258
SKU_037,299,-0.9947647223948655
SKU_038,0,-1.3640258873829052
SKU_038,1,-1.2902832814110377
SKU_038,2,-1.1790762444308966
SKU_038,3,-1.3344396894252974
SKU_038,4,-1.1972467664679305
SKU_038,5,-1.3114974499696432
SKU_038,6,-1.2614174762446675
SKU_038,7,-1.249127697539163
SKU_038,8,-1.241977810054219
SKU_038,9,-1.1978546484658383
SKU_038,10,-1.2418103271211494
SKU_038,11,-1.2676368339179158
SKU_038,12,-1.249997667572893
SKU_038,13,-1.2725908104083152
SKU_038,14,-1.2980520462026732
SKU_038,15,-1.285831781308059
SKU_038,16,-1.2516444099403479
SKU_038,17,-1.2078705763766933
SKU_038,18,-1.1474496246322625
SKU_038,19,-1.1217604638626826
SKU_038,20,-1.2434653774527313
SKU_038,21,-1.3298962195083275
SKU_038,22,-1.2353992010824466
SKU_038,23,-1.1957079023385175
SKU_038,24,-1.246813855987186
SKU_038,25,-1.2369230466520975
SKU_038,26,-1.2327524065094273
SKU_038,27,-1.2176606866347353
SKU_038,28,-1.3088585580134366
SKU_038,29,-1.253583759084375
SKU_038,30,-1.2091263841141524
SKU_038,31,-1.2171836564517369
SKU_038,32,-1.243296961048488
SKU_038,33,-1.2786121905194279
SKU_038,34,-1.1748356022622888
SKU_038,35,-1.2942736145673452
SKU_038,36,-1.318142538935192
SKU_038,37,-1.2449911998848282
SKU_038,38,-1.3009044634170424
SKU_038,39,-1.274296609767525
SKU_038,40,-1.260109689891322
SKU_038,41,-1.3203438982807378
SKU_038,42,-1.2905770049111331
SKU_038,43,-1.2479869177392502
SKU_038,44,-1.1889668920650087
SKU_038,45,-1.2468581740929214
SKU_038,46,-1.2969190361897862
SKU_038,47,-1.227670456325144
SKU_038,48,-1.3082105915209898
SKU_038,49,-1.2313766365043872
SKU_038,50,-1.3001620624914887
SKU_038,51,-1.236253847891586
SKU_038,52,-1.228257782621599
SKU_038,53,-1.3037777547839255
SKU_038,54,-1.3205002891751794
SKU_038,55,-1.2455512496127583
SKU_038,56,-1.27777593521714
SKU_038,57,-1.2810291893059822
SKU_038,58,-1.283705482927353
SKU_038,59,-1.207593779509511
SKU_038,60,-1.254071624807475
SKU_038,61,-1.2074524642943818
SKU_038,62,-1.2720263836269836
SKU_038,63,-1.2677576990596708
SKU_038,64,-1.2849428768618643
SKU_038,65,-1.2853501716516407
SKU_038,66,-1.2313032866105635
SKU_038,67,-1.2394038296237446
SKU_038,68,-1.361639637375555
SKU_038,69,-1.3496704621083528
SKU_038,70,-1.305317118417942
SKU_038,71,-1.3092377980961016
SKU_038,72,-1.1845743437613545
SKU_038,73,-1.2827355451008517
SKU_038,74,-1.1221489884131137
SKU_038,75,-1.1740975236313962
SKU_038,76,-1.2671736267144582
SKU_038,77,-1.267398490458613
SKU_038,78,-1.2006872026121167
SKU_038,79,-1.2466187130832795
SKU_038,80,-1.2560744899723788
SKU_038,81,-1.2556475777330285
SKU_038,82,-1.233468830752304
SKU_038,83,-1.244977202382997
SKU_038,84,-1.238148303739275
SKU_038,85,-1.2388098061087267
SKU_038,86,-1.2037796275514598
SKU_038,87,-1.2600875519113321
SKU_038,88,-1.276186854112064
SKU_038,89,-1.2756702124249513
SKU_038,90,-1.2918219350232876
SKU_038,91,-1.4331152568188072
SKU_038,92,-1.308340371953057
SKU_038,93,-1.2511432359530736
SKU_038,94,-1.2510805437540828
SKU_038,95,-1.3358886894316773
SKU_038,96,-1.2874740815615866
SKU_038,97,-1.2958519880167523
SKU_038,98,-1.2160735363516466
SKU_038,99,-1.237889874515185
SKU_038,100,-1.1975607090456264
SKU_038,101,-1.1210627671058364
SKU_038,102,-1.227033005376468
SKU_038,103,-1.2421392156222255
SKU_038,104,-1.1982838151925088
SKU_038,105,-1.2625026825689132
SKU_038,106,-1.2703503000804672
SKU_038,107,-1.2540368822625085
SKU_038,108,-1.194115789574239
SKU_038,109,-1.2564159582334316
SKU_038,110,-1.202083049577837
SKU_038,111,-1.289733594446626
SKU_038,112,-1.3030766885746723
SKU_038,113,-1.2885576146710531
SKU_038,114,-1.2319840012956542
SKU_038,115,-1.1875403173837435
SKU_038,116,-1.283151929669436
SKU_038,117,-1.2340656970909434
SKU_038,118,-1.1459247723890174
SKU_038,119,-1.2948637315261058
SKU_038,120,-1.2704928400301287
SKU_038,121,-1.250846525787214
SKU_038,122,-1.1794754994015344
SKU_038,123,-1.2364066591258955
SKU_038,124,-1.2590315543465436
SKU_038,125,-1.2192663316439865
SKU_038,126,-1.2199237130396063
SKU_038,127,-1.179088043206826
SKU_038,128,-1.2860535915747389
SKU_038,129,-1.2446115863665639
SKU_038,130,-1.19307390937085
SKU_038,131,-1.195275654944051
SKU_038,132,-1.1891234427273134
SKU_038,133,-1.2938682110508897
SKU_038,134,-1.285284992572459
SKU_038,135,-1.2932559436554998
SKU_038,136,-1.2979174742628294
SKU_038,137,-1.2032518538707235
SKU_038,138,-1.1981956222643642
SKU_038,139,-1.1867968042677883
SKU_038,140,-1.2208612315389187
SKU_038,141,-1.255298955759252
SKU_038,142,-1.2126603813225305
SKU_038,143,-1.262299248726377
SKU_038,144,-1.3551287534732943
SKU_038,145,-1.2399467007062481
SKU_038,146,-1.3159356315997892
SKU_038,147,-1.3008661918941211
SKU_038,148,-1.1927274936090226
SKU_038,149,-1.2686980025758863
SKU_038,150,-1.2104613534884743
SKU_038,151,-1.2231930016978672
SKU_038,152,-1.2646107896619896
SKU_038,153,-1.226957019394298
SKU_038,154,-1.269422067935283
SKU_038,155,-1.259283224481243
SKU_038,156,-1.2590486780126997
SKU_038,157,-1.2315867723344294
SKU_038,158,-1.2814634084241177
SKU_038,159,-1.2940896722769393
SKU_038,160,-1.2654188682286147
SKU_038,161,-1.3099272322464772
SKU_038,162,-1.352078317985258
SKU_038,163,-1.2024289676315183
SKU_038,164,-1.2309546039505044
SKU_038,165,-1.2150076122687457
SKU_038,166,-1.2478622412210068
SKU_038,167,-1.2046024969689497
SKU_038,168,-1.3760795360923257
SKU_038,169,-1.292009679188374
SKU_038,170,-1.247868175018766
SKU_038,171,-1.2415250653615433
SKU_038,172,-1.2299702286355607
SKU_038,173,-1.1980981955949643
SKU_038,174,-1.3088734136187157
SKU_038,175,-1.1805633176688892
SKU_038,176,-1.2328856918859379
SKU_038,177,-1.2170351583825454
SKU_038,178,-1.3086734854898596
SKU_038,179,-1.334734280378811
SKU_038,180,-1.2260459205816456
SKU_038,181,-1.2490172044827426
SKU_038,182,-1.400913100225947
SKU_038,183,-1.2836244241657384
SKU_038,184,-1.2477950308693975
SKU_038,185,-1.3114026532844005
SKU_038,186,-1.2978690130361037
SKU_038,187,-1.2658067977847136
SKU_038,188,-1.2860751722585753
SKU_038,189,-1.2213566885608993
SKU_038,190,-1.3172912451349443
SKU_038,191,-1.2372925649058775
SKU_038,192,-1.271491785737434
SKU_038,193,-1.2306455936412326
SKU_038,194,-1.1978827950855835
SKU_038,195,-1.1908663101718773
SKU_038,196,-1.316176710452959
SKU_038,197,-1.3340640095671312
SKU_038,198,-1.1365385856953805
SKU_038,199,-1.2744318642768802
SKU_038,200,-1.2890844577821354
SKU_038,201,-1.2656119935159296
SKU_038,202,-1.2569542447360749
SKU_038,203,-1.1957101032652935
SKU_038,204,-1.2508120286724347
SKU_038,205,-1.2676651940325527
SKU_038,206,-1.1721589274470139
SKU_038,207,-1.2814306807155487
SKU_038,208,-1.2274701815182176
SKU_038,209,-1.185901179562806
SKU_038,210,-1.2381131349950896
SKU_038,211,-1.1970918578909375
SKU_038,212,-1.2702782763554816
SKU_038,213,-1.2465536166137796
SKU_038,214,-1.221165498168195
SKU_038,215,-1.2324900914774752
SKU_038,216,-1.2488594701725586
SKU_038,217,-1.2430072193650288
SKU_038,218,-1.2962705956013973
SKU_038,219,-1.3565736436305444
SKU_038,220,-1.2262787241546522
SKU_038,221,-1.2752789240939673
SKU_038,222,-1.1542288300193584
SKU_038,223,-1.1452776223412067
SKU_038,224,-1.3043425528837882
SKU_038,225,-1.2487579593273708
SKU_038,226,-1.2996022741683728
SKU_038,227,-1.3107038322864153
SKU_038,228,-1.3110167308649938
SKU_038,229,-1.4412427829624816
SKU_038,230,-1.2352451495222372
SKU_038,231,-1.2576449453328629
SKU_038,232,-1.3050490269873958
SKU_038,233,-1.2008706225156967
SKU_038,234,-1.3156482197038384
SKU_038,235,-1.1704840197656452
SKU_038,236,-1.31339212234193
SKU_038,237,-1.3213735110312024
SKU_038,238,-1.2044154777912928
SKU_038,239,-1.2249248594217443
SKU_038,240,-1.3118474788901393
SKU_038,241,-1.303634627709483
SKU_038,242,-1.210593900384975
SKU_038,243,-1.2355805465558536
SKU_038,244,-1.218118084513752
SKU_038,245,-1.1769023497267754
SKU_038,246,-1.2292793527267922
SKU_038,247,-1.184176236119857
SKU_038,248,-1.257748303089525
SKU_038,249,-1.2466733459997545
SKU_038,250,-1.2883173884469712
SKU_038,251,-1.2605843379203092
SKU_038,252,-1.2015771278306988
SKU_038,253,-1.155120928779824
SKU_038,254,-1.2218726924955177
SKU_038,255,-1.3161042102221596
SKU_038,256,-1.2472383545396228
SKU_038,257,-1.267931698474604
SKU_038,258,-1.220805168778052
SKU_038,259,-1.2877224310882678
SKU_038,260,-1.1484893397299565
SKU_038,261,-1.2288297368654475
SKU_038,262,-1.3127560359794546
SKU_038,263,-1.1764652558121282
SKU_038,264,-1.3057529852104257
SKU_038,265,-1.3928060759031207
SKU_038,266,-1.2811891101900088
SKU_038,267,-1.3651930230008857
SKU_038,268,-1.2405458620452925
SKU_038,269,-1.1747197947618229
SKU_038,270,-1.206832103427356
SKU_038,271,-1.2482943062168272
SKU_038,272,-1.2310896811771648
SKU_038,273,-1.209484771643072
SKU_038,274,-1.2845606906315232
SKU_038,275,-1.215336322985528
SKU_038,276,-1.2499825448071729
SKU_038,277,-1.3256340070993367
SKU_038,278,-1.219397047186234
SKU_038,279,-1.2094034716193667
SKU_038,280,-1.2214665517686842
SKU_038,281,-1.2339179973609908
SKU_038,282,-1.3629251308802341
SKU_038,283,-1.2470219521427075
SKU_038,284,-1.2296741143283385
SKU_038,285,-1.222352875097539
SKU_038,286,-1.2606727123527652
SKU_038,287,-1.248252234852381
SKU_038,288,-1.22907590882958
SKU_038,289,-1.2518551778464986
SKU_038,290,-1.2597869756891906
SKU_038,291,-1.225416711095563
SKU_038,292,-1.2267479809575677
SKU_038,293,-1.2037664406217612
SKU_038,294,-1.259815697021579
SKU_038,295,-1.2359084324422762
SKU_038,296,-1.222167190785541
SKU_038,297,-1.1502862028771375
SKU_038,298,-1.271544135046696
SKU_038,299,-1.2252595398661958
SKU_039,0,-1.1821017232861841
SKU_039,1,-1.2847730294527244
SKU_039,2,-1.2526178440010878
SKU_039,3,-1.303076899433852
SKU_039,4,-1.178519747202592
SKU_039,5,-1.3150788868227261
SKU_039,6,-1.2523507717104336
SKU_039,7,-1.2432174812623933
SKU_039,8,-1.206880179692366
SKU_039,9,-1.2125903582433881
SKU_039,10,-1.2423574831290647
SKU_039,11,-1.268161479519834
SKU_039,12,-1.2519089687309397
SKU_039,13,-1.2480111398208649
SKU_039,14,-1.2948777576762236
SKU_039,15,-1.2710493453258076
SKU_039,16,-1.254350904908112
SKU_039,17,-1.2339616725766778
SKU_039,18,-1.1591839530951826
SKU_039,19,-1.146441901224339
SKU_039,20,-1.2564215388045277
SKU_039,21,-1.2207452711182039
SKU_039,22,-1.2297169042858211
SKU_039,23,-1.2228818097920067
SKU_039,24,-1.249458829577865
SKU_039,25,-1.209700796661989
SKU_039,26,-1.2570009628820507
SKU_039,27,-1.3078579643259887
SKU_039,28,-1.2410911514479426
SKU_039,29,-1.2776711886398828
SKU_039,30,-1.2140482077877457
SKU_039,31,-1.2139385289478426
SKU_039,32,-1.2440839493040607
SKU_039,33,-1.2633045398312355
SKU_039,34,-1.1843556806616382
SKU_039,35,-1.3142580061116895
SKU_039,36,-1.3119386802299524
SKU_039,37,-1.1990376740757926
SKU_039,38,-1.2842612535974736
SKU_039,39,-1.3120444550968826
SKU_039,40,-1.2384086246676904
SKU_039,41,-1.3178007040937916
SKU_039,42,-1.2828037585223324
SKU_039,43,-1.3088100553380628
SKU_039,44,-1.1780765280235257
SKU_039,45,-1.199914465285387
SKU_039,46,-1.2911141123574152
SKU_039,47,-1.1701805052248038
SKU_039,48,-1.2766231171944566
SKU_039,49,-1.2202155946136142
SKU_039,50,-1.2432599689302668
SKU_039,51,-1.2319784972037833
SKU_039,52,-1.2296242894356069
SKU_039,53,-1.2729890200068785
SKU_039,54,-1.3104127374284167
SKU_039,55,-1.2295046494678021
SKU_039,56,-1.2749718122986153
SKU_039,57,-1.2931606528068267
SKU_039,58,-1.2381806465556644
SKU_039,59,-1.204276088674269
SKU_039,60,-1.2547099968878015
SKU_039,61,-1.127542169981435
SKU_039,62,-1.1796256620540593
SKU_039,63,-1.2701971509673575
SKU_039,64,-1.1952999869371077
SKU_039,65,-1.257113962160876
SKU_039,66,-1.2315671078169563
SKU_039,67,-1.26178201521107
SKU_039,68,-1.2344007626995863
SKU_039,69,-1.2309248293187118
SKU_039,70,-1.2884119408348267
SKU_039,71,-1.1410810270274814
SKU_039,72,-1.158958704096498
SKU_039,73,-1.3251932222043576
SKU_039,74,-1.1357134250645564
SKU_039,75,-1.184432007040209
SKU_039,76,-1.273717380225158
SKU_039,77,-1.2582595285966807
SKU_039,78,-1.186519762185161
SKU_039,79,-1.2861454195147444
SKU_039,80,-1.243443569961553
SKU_039,81,-1.2216586131868659
SKU_039,82,-1.2378524693261184
SKU_039,83,-1.2733594209938581
SKU_039,84,-1.2368251948944409
SKU_039,85,-1.2260578098947523
SKU_039,86,-1.190093527739677
SKU_039,87,-1.236131571240629
SKU_039,88,-1.2626194884302022
SKU_039,89,-1.2491644252245941
SKU_039,90,-1.2956453625096997
SKU_039,91,-1.3127117171251061
SKU_039,92,-1.3117280229961636
SKU_039,93,-1.3317665182771874
SKU_039,94,-1.2691994082390463
SKU_039,95,-1.3349005700709562
SKU_039,96,-1.2727021631656268
SKU_039,97,-1.2894903784387095
SKU_039,98,-1.2138448658901981
SKU_039,99,-1.2472011784751067
SKU_039,100,-1.1999993134689435
SKU_039,101,-1.1399890182779093
SKU_039,102,-1.2252888954454202
SKU_039,103,-1.2378426427162101
SKU_039,104,-1.3277354939819526
SKU_039,105,-1.2086390104981237
SKU_039,106,-1.2988088036167205
SKU_039,107,-1.3115459898226816
SKU_039,108,-1.2456300062221826
SKU_039,109,-1.298198761710866
SKU_039,110,-1.2152628821686795
SKU_039,111,-1.292396644866275
SKU_039,112,-1.3035194366186371
SKU_039,113,-1.305379102895622
SKU_039,114,-1.22610820355753
SKU_039,115,-1.1919083313771777
SKU_039,116,-1.258770788215549
SKU_039,117,-1.205306023185292
SKU_039,118,-1.1381152235379024
SKU_039,119,-1.2512293851623104
SKU_039,120,-1.270028515908962
SKU_039,121,-1.2556123309094074
SKU_039,122,-1.238647378683551
SKU_039,123,-1.2528045755195933
SKU_039,124,-1.2670081801697692
SKU_039,125,-1.1788282086126343
SKU_039,126,-1.2893676432123098
SKU_039,127,-1.1862343717622468
SKU_039,128,-1.1599874432673467
SKU_039,129,-1.2782132076507555
SKU_039,130,-1.170558643805741
SKU_039,131,-1.1946964016887154
SKU_039,132,-1.2513158035185745
SKU_039,133,-1.2902174618616038
SKU_039,134,-1.2221386453268495
SKU_039,135,-1.3115388897663933
SKU_039,136,-1.2417002255725504
SKU_039,137,-1.2044322476882818
SKU_039,138,-1.2028237596405655
SKU_039,139,-1.2638464881638465
SKU_039,140,-1.2208501797672788
SKU_039,141,-1.2303709388697068
SKU_039,142,-1.1733248532561065
SKU_039,143,-1.239041185077515
SKU_039,144,-1.2781995291582544
SKU_039,145,-1.2672249596881695
SKU_039,146,-1.3504012838017985
SKU_039,147,-1.3442118834334211
SKU_039,148,-1.2436885301588192
SKU_039,149,-1.2355559213538825
SKU_039,150,-1.1866655736924459
SKU_039,151,-1.2154177889466433
SKU_039,152,-1.2401276503034409
SKU_039,153,-1.2275292023665696
SKU_039,154,-1.1524924568982553
SKU_039,155,-1.3019903323449382
SKU_039,156,-1.2206034559548888
SKU_039,157,-1.272176192298049
SKU_039,158,-1.2348105092604584
SKU_039,159,-1.2701764823842516
SKU_039,160,-1.2694785638300718
SKU_039,161,-1.3104301232759172
SKU_039,162,-1.2034477901089966
SKU_039,163,-1.1911320458819787
SKU_039,164,-1.2218366689407198
SKU_039,165,-1.1763440281783675
SKU_039,166,-1.2345143005809402
SKU_039,167,-1.1557689550589394
SKU_039,168,-1.3057991314828323
SKU_039,169,-1.2784614386473059
SKU_039,170,-1.2486045896752096
SKU_039,171,-1.2349421907439757
SKU_039,172,-1.2283329776452119
SKU_039,173,-1.1824088481870558
SKU_039,174,-1.2923195159329361
SKU_039,175,-1.1583715127165313
SKU_039,176,-1.2205537897082794
SKU_039,177,-1.215639766268881
SKU_039,178,-1.3016368921274188
SKU_039,179,-1.33184738499787
SKU_039,180,-1.2414464293097973
SKU_039,181,-1.2225620676009057
SKU_039,182,-1.2978804278316665
SKU_039,183,-1.1644758409359601
SKU_039,184,-1.2255496790273088
SKU_039,185,-1.246591850264136
SKU_039,186,-1.3100288881459141
SKU_039,187,-1.2392334765903683
SKU_039,188,-1.2680048393257195
SKU_039,189,-1.272112118748134
SKU_039,190,-1.2683150518182575
SKU_039,191,-1.233449302293494
SKU_039,192,-1.2680778877468173
SKU_039,193,-1.2171575939168242
SKU_039,194,-1.1962899811461472
SKU_039,195,-1.1602554681403765
SKU_039,196,-1.3097559595349346
SKU_039,197,-1.3408938978137535
SKU_039,198,-1.1458023685172853
SKU_039,199,-1.2814749455688412
SKU_039,200,-1.2805169498191675
SKU_039,201,-1.2564898761143073
SKU_039,202,-1.2181847118239593
SKU_039,203,-1.1937388656703394
SKU_039,204,-1.2189887052925743
SKU_039,205,-1.2929475435350408
SKU_039,206,-1.1441102163170407
SKU_039,207,-1.2013750313008194
SKU_039,208,-1.2906501174697906
SKU_039,209,-1.1819942167935285
SKU_039,210,-1.2523606092175663
SKU_039,211,-1.1906782986736295
SKU_039,212,-1.3205939624942638
SKU_039,213,-1.2429098137833436
SKU_039,214,-1.1966127715663668
SKU_039,215,-1.213266412985366
SKU_039,216,-1.2500140634279404
SKU_039,217,-1.1923258475837195
SKU_039,218,-1.3569215886633286
SKU_039,219,-1.2989015015282124
SKU_039,220,-1.2284250613932575
SKU_039,221,-1.274208238001437
SKU_039,222,-1.07684379132028
SKU_039,223,-1.1472189099149637
SKU_039,224,-1.2215660272410611
SKU_039,225,-1.1895472975611567
SKU_039,226,-1.2957443058753966
SKU_039,227,-1.31106661765667
SKU_039,228,-1.3130236232361943
SKU_039,229,-1.2007650285793263
SKU_039,230,-1.23320331562417
SKU_039,231,-1.1800956304499703
SKU_039,232,-1.257541716360389
SKU_039,233,-1.3043139820185286
SKU_039,234,-1.2810588251855566
SKU_039,235,-1.1241905930505838
SKU_039,236,-1.3229748833729005
SKU_039,237,-1.3113711619273578
SKU_039,238,-1.1866464707984525
SKU_039,239,-1.2217277913710392
SKU_039,240,-1.3079247222651884
SKU_039,241,-1.3114937933747712
SKU_039,242,-1.212949135613556
SKU_039,243,-1.2350688467144537
SKU_039,244,-1.2309215574881596
SKU_039,245,-1.2787045244355408
SKU_039,246,-1.2272169965980975
SKU_039,247,-1.2155716346174328
SKU_039,248,-1.2980441985835491
SKU_039,249,-1.2021986674777891
SKU_039,250,-1.2362137520591776
SKU_039,251,-1.2733428976509071
SKU_039,252,-1.2061114081096729
SKU_039,253,-1.1985313645720022
SKU_039,254,-1.3341848318581764
SKU_039,255,-1.3477257925332908
SKU_039,256,-1.2860594605754285
SKU_039,257,-1.2633549440981546
SKU_039,258,-1.1742021702341836
SKU_039,259,-1.3091967842061105
SKU_039,260,-1.1635795982921378
SKU_039,261,-1.2985741648708482
SKU_039,262,-1.3136751054896338
SKU_039,263,-1.0877933764213312
SKU_039,264,-1.3349815359853578
SKU_039,265,-1.2649140642801153
SKU_039,266,-1.3295870537601393
SKU_039,267,-1.2032187640426457
SKU_039,268,-1.2257108052591745
SKU_039,269,-1.1747352874062809
SKU_039,270,-1.146241095090933
SKU_039,271,-1.1923569474925053
SKU_039,272,-1.2021160179789383
SKU_039,273,-1.279783176644615
SKU_039,274,-1.2504053139284184
SKU_039,275,-1.2228016542123388
SKU_039,276,-1.243326615279205
SKU_039,277,-1.334639400260308
SKU_039,278,-1.2095620390662831
SKU_039,279,-1.2086022885885381
SKU_039,280,-1.2211038603665352
SKU_039,281,-1.2255094000096567
SKU_039,282,-1.1150032375743117
SKU_039,283,-1.2398935068453434
SKU_039,284,-1.2713369912197532
SKU_039,285,-1.237184182363227
SKU_039,286,-1.2533283000007784
SKU_039,287,-1.2254017021545267
SKU_039,288,-1.2649879671184268
SKU_039,289,-1.225453673445754
SKU_039,290,-1.1319617650329665
SKU_039,291,-1.2305987351648462
SKU_039,292,-1.228292649111665
SKU_039,293,-1.1837778771385
SKU_039,294,-1.19119895875205
SKU_039,295,-1.2130854637107
SKU_039,296,-1.2098089819328741
SKU_039,297,-1.0920401505021862
SKU_039,298,-1.2439826145877293
SKU_039,299,-1.2106193669816703
SKU_040,0,-1.83593755663266
SKU_040,1,-1.853087022942645
SKU_040,2,-1.7398261642812414
SKU_040,3,-1.7817789149007375
SKU_040,4,-1.7541860820090178
SKU_040,5,-1.8653339042191077
SKU_040,6,-1.7693116748645548
SKU_040,7,-1.794649681977465
SKU_040,8,-1.6263604214540166
SKU_040,9,-1.872652276838325
SKU_040,10,-1.7520231953462282
SKU_040,11,-1.8957412338677295
SKU_040,12,-1.8134064887372052
SKU_040,13,-1.8530329976893087
SKU_040,14,-1.799371480648005
SKU_040,15,-1.760309527305561
SKU_040,16,-1.685598293564614
SKU_040,17,-1.703936689727784
SKU_040,18,-1.6852221297262704
SKU_040,19,-1.660380283716309
SKU_040,20,-1.9575170945893405
SKU_040,21,-1.7060863412037768
SKU_040,22,-1.807122527115457
SKU_040,23,-1.765066382766655
SKU_040,24,-1.799963959232997
SKU_040,25,-1.7656913445041365
SKU_040,26,-1.7763598836453927
SKU_040,27,-1.66940287778573
SKU_040,28,-1.760250727928997
SKU_040,29,-1.8297955189312638
SKU_040,30,-1.8003752177495758
SKU_040,31,-1.8150004781408011
SKU_040,32,-1.7731903577934618
SKU_040,33,-1.685229918348302
SKU_040,34,-1.791998380257539
SKU_040,35,-1.7163183539077267
SKU_040,36,-1.8408647308651447
SKU_040,37,-1.8439519406264566
SKU_040,38,-1.8000458580852854
SKU_040,39,-1.6954655350708419
SKU_040,40,-1.7701581499211503
SKU_040,41,-1.612196930315681
SKU_040,42,-1.7838992008496342
SKU_040,43,-1.775483753536466
SKU_040,44,-1.705361391220135
SKU_040,45,-1.6394208672442139
SKU_040,46,-1.670930772686443
SKU_040,47,-1.8595588645950785
SKU_040,48,-1.9418316630034835
SKU_040,49,-1.82291859266372
SKU_040,50,-1.7577951505082283
SKU_040,51,-1.8566560184621235
SKU_040,52,-1.819856991686051
SKU_040,53,-1.8250077041181036
SKU_040,54,-1.7360642845856646
SKU_040,55,-1.8727654418115822
SKU_040,56,-1.6910988625904393
SKU_040,57,-1.7953632395251644
SKU_040,58,-1.745369909363078
SKU_040,59,-1.7053060338488213
SKU_040,60,-1.808120237331396
SKU_040,61,-1.7409973639107688
SKU_040,62,-1.8466691249492349
SKU_040,63,-1.83589527374325
SKU_040,64,-1.7574190894620445
SKU_040,65,-1.777973325036862
SKU_040,66,-1.8222081674644794
SKU_040,67,-1.7816825468194584
SKU_040,68,-1.8492733584953196
SKU_040,69,-1.675222187116695
SKU_040,70,-1.715338132006465
SKU_040,71,-1.7055252929870546
SKU_040,72,-1.8355355218800078
SKU_040,73,-1.6784996309521607
SKU_040,74,-1.8250821605390917
SKU_040,75,-1.7719168367852154
SKU_040,76,-1.808034255957789
SKU_040,77,-1.8409689960552467
SKU_040,78,-1.9196049763226593
SKU_040,79,-1.7632492953525236
SKU_040,80,-1.8185684573004308
SKU_040,81,-1.641782838353768
SKU_040,82,-1.750300723153688
SKU_040,83,-1.8397284739624344
SKU_040,84,-1.8540873657625028
SKU_040,85,-1.7557607113297022
SKU_040,86,-1.7557276117800031
SKU_040,87,-1.8822003626515538
SKU_040,88,-1.7268873883843345
SKU_040,89,-1.8324368075940047
SKU_040,90,-1.7669516290387353
SKU_040,91,-1.8259346881320013
SKU_040,92,-1.8599671697151248
SKU_040,93,-1.7354794507749878
SKU_040,94,-1.8329120326730006
SKU_040,95,-1.8458293464526616
SKU_040,96,-1.8531894601861487
SKU_040,97,-1.7455281370164397
SKU_040,98,-1.609810216551354
SKU_040,99,-1.8094695126568232
SKU_040,100,-1.7474475245553096
SKU_040,101,-1.6816897097874943
SKU_040,102,-1.811080374669261
SKU_040,103,-1.7082159382752407
SKU_040,104,-1.8249840704225286
SKU_040,105,-1.8670790304843785
SKU_040,106,-1.8099313990814094
SKU_040,107,-1.7715653175067105
SKU_040,108,-1.7269783621765573
SKU_040,109,-1.811036113791821
SKU_040,110,-1.7503468663810062
SKU_040,111,-1.7494733223279832
SKU_040,112,-1.9142655140740048
SKU_040,113,-1.759976322217457
SKU_040,114,-1.674792638860749
SKU_040,115,-1.8939827898561712
SKU_040,116,-1.8425011938922295
SKU_040,117,-1.7214589521500498
SKU_040,118,-1.614571552829997
SKU_040,119,-1.8883017447178418
SKU_040,120,-1.7362699482016204
SKU_040,121,-1.6874077883557586
SKU_040,122,-1.9810917359334648
SKU_040,123,-1.7990527128430058
SKU_040,124,-1.7319433973099518
SKU_040,125,-1.7739695538147835
SKU_040,126,-1.77405803251035
SKU_040,127,-1.8246784031113745
SKU_040,128,-1.7264538993346288
SKU_040,129,-1.7060526859063176
SKU_040,130,-1.741767175312151
SKU_040,131,-1.7406958878205125
SKU_040,132,-1.9053680834724795
SKU_040,133,-1.7317862168916685
SKU_040,134,-1.8688877592233275
SKU_040,135,-1.8067777678946524
SKU_040,136,-1.7433008121160112
SKU_040,137,-1.8462875436982245
SKU_040,138,-1.7164036507920122
SKU_040,139,-1.7065060866100747
SKU_040,140,-1.7397323045098168
SKU_040,141,-1.9512203366238843
SKU_040,142,-1.838570809107937
SKU_040,143,-1.8563229216895645
SKU_040,144,-1.8777273888433217
SKU_040,145,-1.7642877212768717
SKU_040,146,-1.7329370043319736
SKU_040,147,-1.764325580907438
SKU_040,148,-1.8498041186461325
SKU_040,149,-1.8305490417985466
SKU_040,150,-1.8124107761293444
SKU_040,151,-1.7993966073845569
SKU_040,152,-1.7292263367925385
SKU_040,153,-1.8529131462696835
SKU_040,154,-1.9347880916202256
SKU_040,155,-1.757396577915049
SKU_040,156,-1.6942577893356332
SKU_040,157,-1.7104723834971893
SKU_040,158,-1.8417904240552765
SKU_040,159,-1.8358690108347304
SKU_040,160,-1.8503655709565796
SKU_040,161,-1.7987130023706235
SKU_040,162,-1.6773440838005709
SKU_040,163,-1.8100503181318128
SKU_040,164,-1.7047768694067549
SKU_040,165,-1.8675682702245193
SKU_040,166,-1.8500212104391418
SKU_040,167,-1.804947824774918
SKU_040,168,-1.6591245486179973
SKU_040,169,-1.8056204282264923
SKU_040,170,-1.8031345260721579
SKU_040,171,-1.8296854456216356
SKU_040,172,-1.866002280425791
SKU_040,173,-1.6836692905485187
SKU_040,174,-1.8734637545272164
SKU_040,175,-1.8585203925400926
SKU_040,176,-1.7604620086938483
SKU_040,177,-1.8748147253909753
SKU_040,178,-1.7979172511570591
SKU_040,179,-1.7560700404175158
SKU_040,180,-1.8315256630342698
SKU_040,181,-1.7664818237217976
SKU_040,182,-1.9211010160409012
SKU_040,183,-1.746516955863939
SKU_040,184,-1.7420539407758047
SKU_040,185,-1.8467678164070398
SKU_040,186,-1.6864011796096903
SKU_040,187,-1.6730978135666674
SKU_040,188,-1.707463412424484
SKU_040,189,-1.8280604649999401
SKU_040,190,-1.7397225860660739
SKU_040,191,-1.6615263557232978
SKU_040,192,-1.7576053973025494
SKU_040,193,-1.7917829380780819
SKU_040,194,-1.7819488264122167
SKU_040,195,-1.6654362579250674
SKU_040,196,-1.7794567681172984
SKU_040,197,-1.7465505164578656
SKU_040,198,-1.6162309592752901
SKU_040,199,-1.8762186457017642
SKU_040,200,-1.8220135367009929
SKU_040,201,-1.790253952892026
SKU_040,202,-1.6331123491063777
SKU_040,203,-1.9799134880885185
SKU_040,204,-1.732195618570092
SKU_040,205,-1.8701362053184796
SKU_040,206,-1.676420413328993
SKU_040,207,-1.923815950043418
SKU_040,208,-1.7274149811308084
SKU_040,209,-1.7638151425876138
SKU_040,210,-1.9006771712507289
SKU_040,211,-1.9197870739566019
SKU_040,212,-1.8090184830850362
SKU_040,213,-1.7630756056692303
SKU_040,214,-1.8489472757853127
SKU_040,215,-1.8111678588971403
SKU_040,216,-1.8236255059464976
SKU_040,217,-1.7703690689994829
SKU_040,218,-1.7419071993886202
SKU_040,219,-1.7714776448456895
SKU_040,220,-1.820009615184568
SKU_040,221,-1.8240893415806685
SKU_040,222,-1.7947701417005202
SKU_040,223,-1.7843654287805766
SKU_040,224,-1.7759000205793993
SKU_040,225,-1.7457079807003408
SKU_040,226,-1.7343442306413537
SKU_040,227,-1.6955456601085568
SKU_040,228,-1.7841196376284192
SKU_040,229,-1.8748838595246533
SKU_040,230,-1.6748758304832856
SKU_040,231,-1.789061035729485
SKU_040,232,-1.744936936287918
SKU_040,233,-1.7629110039734004
SKU_040,234,-1.7417550727513194
SKU_040,235,-1.7645462342652978
SKU_040,236,-1.7792623544067931
SKU_040,237,-1.9386201232337896
SKU_040,238,-1.7943497641681099
SKU_040,239,-1.8055421042247746
SKU_040,240,-1.7238154247763673
SKU_040,241,-1.8290904802685155
SKU_040,242,-1.878537153483665
SKU_040,243,-1.7584913557132178
SKU_040,244,-1.96391124917349
SKU_040,245,-1.8553204845459812
SKU_040,246,-1.8246430483606906
SKU_040,247,-1.7667661939507775
SKU_040,248,-1.8466684961245967
SKU_040,249,-1.7830428504101823
SKU_040,250,-1.7177991461409705
SKU_040,251,-1.7399405097472815
SKU_040,252,-1.7762087692819506
SKU_040,253,-1.7460297862175065
SKU_040,254,-1.9230515049421217
SKU_040,255,-1.7175806858360179
SKU_040,256,-1.748252501188796
SKU_040,257,-1.8737006301092667
SKU_040,258,-1.898853015622847
SKU_040,259,-1.803283649414419
SKU_040,260,-1.8066139912456278
SKU_040,261,-1.7301685888124032
SKU_040,262,-1.948564621737105
SKU_040,263,-1.8997410772464272
SKU_040,264,-1.8032232412947504
SKU_040,265,-1.6936721018407979
SKU_040,266,-1.8092266191615707
SKU_040,267,-1.7561031716428162
SKU_040,268,-1.732127914474364
SKU_040,269,-1.83338216156183
SKU_040,270,-1.7175650270597833
SKU_040,271,-1.7818469916472262
SKU_040,272,-1.7552027840174913
SKU_040,273,-1.732167858813893
SKU_040,274,-1.6401831137965257
SKU_040,275,-1.797720654023394
SKU_040,276,-1.9116594205069428
SKU_040,277,-1.8205414144034047
SKU_040,278,-1.6538252255845598
SKU_040,279,-1.9070490866308334
SKU_040,280,-1.6968547820272155
SKU_040,281,-1.683122207739207
SKU_040,282,-1.795608096669527
SKU_040,283,-1.7610500713082118
SKU_040,284,-1.7959789707805554
SKU_040,285,-1.8407978715158375
SKU_040,286,-1.659296310423035
SKU_040,287,-1.8377212522551836
SKU_040,288,-1.8116537110555153
SKU_040,289,-1.743441641503396
SKU_040,290,-1.7705227730892295
SKU_040,291,-1.7533284412303756
SKU_040,292,-1.852550080722804
SKU_040,293,-1.8328759269566364
SKU_040,294,-1.7516963700796508
SKU_040,295,-1.821331970617256
SKU_040,296,-1.7935023585747853
SKU_040,297,-1.8288335218597733
SKU_040,298,-1.7398496489717727
SKU_040,299,-1.7446791702205424
SKU_041,0,-1.3630940212477105
SKU_041,1,-1.3108114531522752
SKU_041,2,-1.2452782372763616
SKU_041,3,-1.2939851347145201
SKU_041,4,-1.2435551952916784
SKU_041,5,-1.3174795527301222
SKU_041,6,-1.2677434220393915
SKU_041,7,-1.218590527514519
SKU_041,8,-1.1983049147804943
SKU_041,9,-1.1921741908934758
SKU_041,10,-1.234641491008602
SKU_041,11,-1.268364967143311
SKU_041,12,-1.2451257542585652
SKU_041,13,-1.2939479686982875
SKU_041,14,-1.2794896181126076
SKU_041,15,-1.2704420158970406
SKU_041,16,-1.263470869938206
SKU_041,17,-1.1525297298189003
SKU_041,18,-1.1569423537514811
SKU_041,19,-1.2042457246644476
SKU_041,20,-1.2657066086537412
SKU_041,21,-1.2094460836120473
SKU_041,22,-1.2325194881886445
SKU_041,23,-1.3393796065956474
SKU_041,24,-1.2916259326336328
SKU_041,25,-1.2182556072203266
SKU_041,26,-1.2910242225987825
SKU_041,27,-1.2789164854173414
SKU_041,28,-1.2168509554492808
SKU_041,29,-1.2877359949543439
SKU_041,30,-1.2132257097795252
SKU_041,31,-1.22464731545778
SKU_041,32,-1.2438803915817636
SKU_041,33,-1.2724757561554134
SKU_041,34,-1.2172098798389348
SKU_041,35,-1.3285519088357323
SKU_041,36,-1.3254123346622897
SKU_041,37,-1.2777042955026854
SKU_041,38,-1.2712344215349642
SKU_041,39,-1.321079839833256
SKU_041,40,-1.1848663815215226
SKU_041,41,-1.2980030199062396
SKU_041,42,-1.282208116052674
SKU_041,43,-1.3891841345973044
SKU_041,44,-1.179180067731754
SKU_041,45,-1.2769847563431087
SKU_041,46,-1.3058947356425152
SKU_041,47,-1.1619203726749825
SKU_041,48,-1.2644762434069938
SKU_041,49,-1.2498325017844947
SKU_041,50,-1.2865885561462782
SKU_041,51,-1.2355896399901485
SKU_041,52,-1.22848338991534
SKU_041,53,-1.2531908815044042
SKU_041,54,-1.373331106254989
SKU_041,55,-1.2367040284763773
SKU_041,56,-1.2312551189733585
SKU_041,57,-1.2771406436996915
SKU_041,58,-1.282837454961497
SKU_041,59,-1.2218052779568547
SKU_041,60,-1.256359249914081
SKU_041,61,-1.3366205256920243
SKU_041,62,-1.248690529514703
SKU_041,63,-1.259892427026244
SKU_041,64,-1.209523101029867
SKU_041,65,-1.298257787832909
SKU_041,66,-1.2407994516548588
SKU_041,67,-1.2710112019840405
SKU_041,68,-1.3318911840163719
SKU_041,69,-1.3091899319415414
SKU_041,70,-1.279255533495089
SKU_041,71,-1.233627298424226
SKU_041,72,-1.2291120470393888
SKU_041,73,-1.288755274985224
SKU_041,74,-1.1060831043808854
SKU_041,75,-1.184090199068028
SKU_041,76,-1.282237119244978
SKU_041,77,-1.2643731903540423
SKU_041,78,-1.1337689459420164
SKU_041,79,-1.362109268216539
SKU_041,80,-1.2649671515872247
SKU_041,81,-1.2670221532530397
SKU_041,82,-1.2433809325597702
SKU_041,83,-1.3255340753798575
SKU_041,84,-1.235910818829397
SKU_041,85,-1.2012855754170304
SKU_041,86,-1.2273549038703118
SKU_041,87,-1.3349395781488145
SKU_041,88,-1.267403366041159
SKU_041,89,-1.2882300566830798
SKU_041,90,-1.286458438716903
SKU_041,91,-1.3562258887494454
SKU_041,92,-1.3075821549669209
SKU_041,93,-1.3239890332327178
SKU_041,94,-1.29224089199481
SKU_041,95,-1.3340378794568428
SKU_041,96,-1.1592547459810036
SKU_041,97,-1.2849666628535859
SKU_041,98,-1.2213683038931513
SKU_041,99,-1.2404745558259545
SKU_041,100,-1.252409606923832
SKU_041,101,-1.1438722861196442
SKU_041,102,-1.2371261901634258
SKU_041,103,-1.241699697682455
SKU_041,104,-1.1810347412917812
SKU_041,105,-1.2417458533646366
SKU_041,106,-1.248184916833897
SKU_041,107,-1.258034642234993
SKU_041,108,-1.2774518749725519
SKU_041,109,-1.2877799934392464
SKU_041,110,-1.2250195839055487
SKU_041,111,-1.291033597287366
SKU_041,112,-1.3084926403726012
SKU_041,113,-1.3541715623278807
SKU_041,114,-1.248998876109259
SKU_041,115,-1.1762892033081067
SKU_041,116,-1.2966587298258039
SKU_041,117,-1.2234906563253825
SKU_041,118,-1.0945215940651671
SKU_041,119,-1.0786165663471734
SKU_041,120,-1.2711214178068833
SKU_041,121,-1.259325889904474
SKU_041,122,-1.2443649150206926
SKU_041,123,-1.3125110651878926
SKU_041,124,-1.2662291444798828
SKU_041,125,-1.2423113841888167
SKU_041,126,-1.3591642041947856
SKU_041,127,-1.186560796624432
SKU_041,128,-1.274476447521778
SKU_041,129,-1.2471504035027845
SKU_041,130,-1.2598502535936078
SKU_041,131,-1.194547152431777
SKU_041,132,-1.29396543777896
SKU_041,133,-1.2868230133302982
SKU_041,134,-1.3267989999478682
SKU_041,135,-1.3020017331825053
SKU_041,136,-1.2671240588716481
SKU_041,137,-1.2186198209444776
SKU_041,138,-1.1807120705476484
SKU_041,139,-1.21643498393162
SKU_041,140,-1.2277024690051321
SKU_041,141,-1.2431645654817924
SKU_041,142,-1.2111554412593744
SKU_041,143,-1.246604036514814
SKU_041,144,-1.283189948917854
SKU_041,145,-1.273254084762323
SKU_041,146,-1.3342417540013916
SKU_041,147,-1.334039618495255
SKU_041,148,-1.2753282117516191
SKU_041,149,-1.2889887172403418
SKU_041,150,-1.2151924514997499
SKU_041,151,-1.2319976783680444
SKU_041,152,-1.2427979004836
SKU_041,153,-1.2260448265070039
SKU_041,154,-1.2702167333875916
SKU_041,155,-1.243991230287564
SKU_041,156,-1.3129373582669992
SKU_041,157,-1.2958240530608154
SKU_041,158,-1.4448852228895799
SKU_041,159,-1.2669429278198137
SKU_041,160,-1.2705038505525594
SKU_041,161,-1.3098798194314079
SKU_041,162,-1.2947215058948727
SKU_041,163,-1.2290404641140997
SKU_041,164,-1.2273308337661328
SKU_041,165,-1.1843595718294007
SKU_041,166,-1.2864876501808897
SKU_041,167,-1.1613424503227028
SKU_041,168,-1.3234015023664123
SKU_041,169,-1.3610151753788444
SKU_041,170,-1.2473714631821253
SKU_041,171,-1.2373408130296175
SKU_041,172,-1.2171576572558673
SKU_041,173,-1.2055157574184083
SKU_041,174,-1.3026115145468533
SKU_041,175,-1.1867417785487007
SKU_041,176,-1.2265953163257928
SKU_041,177,-1.270469873996266
SKU_041,178,-1.3433297249295824
SKU_041,179,-1.3378478586188152
SKU_041,180,-1.2295874317487612
SKU_041,181,-1.3140318951085064
SKU_041,182,-1.298479740771298
SKU_041,183,-1.257576710018184
SKU_041,184,-1.2685107532322772
SKU_041,185,-1.3161229745398089
SKU_041,186,-1.3282060972178664
SKU_041,187,-1.332601327400476
SKU_041,188,-1.2811215672004639
SKU_041,189,-1.2424486482834614
SKU_041,190,-1.3422499630952422
SKU_041,191,-1.2388070006977752
SKU_041,192,-1.2710185718228735
SKU_041,193,-1.258351651999723
SKU_041,194,-1.2037425901496623
SKU_041,195,-1.2049065105470864
SKU_041,196,-1.2932652142328143
SKU_041,197,-1.3508745095550367
SKU_041,198,-1.293997604688915
SKU_041,199,-1.278611140183115
SKU_041,200,-1.2576955662493092
SKU_041,201,-1.2631737681362676
SKU_041,202,-1.2521836302587845
SKU_041,203,-1.2606014030880457
SKU_041,204,-1.187869119181942
SKU_041,205,-1.2916036265782465
SKU_041,206,-1.2128149910783055
SKU_041,207,-1.2872103941277326
SKU_041,208,-1.309996810152928
SKU_041,209,-1.291004101005784
SKU_041,210,-1.2393747518490414
SKU_041,211,-1.1259598056880704
SKU_041,212,-1.2341644124850124
SKU_041,213,-1.237236323846591
SKU_041,214,-1.2128571430436708
SKU_041,215,-1.3187625329901058
SKU_041,216,-1.2475539606269193
SKU_041,217,-1.2225813911932
SKU_041,218,-1.271685669263669
SKU_041,219,-1.283322649957203
SKU_041,220,-1.225785346183521
SKU_041,221,-1.2737802073255495
SKU_041,222,-1.1838865929854137
SKU_041,223,-1.1899029931987046
SKU_041,224,-1.2917036763011842
SKU_041,225,-1.2546996581151257
SKU_041,226,-1.294675913652681
SKU_041,227,-1.3099422473400437
SKU_041,228,-1.3011814221721711
SKU_041,229,-1.288183233933349
SKU_041,230,-1.2321607383442397
SKU_041,231,-1.274224084705704
SKU_041,232,-1.1688789146067173
SKU_041,233,-1.250560959191004
SKU_041,234,-1.331282445309975
SKU_041,235,-1.1663146985900419
SKU_041,236,-1.3231396328117944
SKU_041,237,-1.3376299542314378
SKU_041,238,-1.238968382519715
SKU_041,239,-1.2306234806304226
SKU_041,240,-1.3040075950037673
SKU_041,241,-1.283678056382149
SKU_041,242,-1.209788707399937
SKU_041,243,-1.236240755705923
SKU_041,244,-1.2404070382877186
SKU_041,245,-1.326480868099565
SKU_041,246,-1.2356802946707017
SKU_041,247,-1.1461575421439119
SKU_041,248,-1.2487784032448532
SKU_041,249,-1.2102809907434813
SKU_041,250,-1.266934770915018
SKU_041,251,-1.270095176391672
SKU_041,252,-1.1969006277960723
SKU_041,253,-1.2117453161425684
SKU_041,254,-1.2957664358040613
SKU_041,255,-1.2649906679634209
SKU_041,256,-1.3164582401070364
SKU_041,257,-1.2651179312240677
SKU_041,258,-1.256822879609006
SKU_041,259,-1.3056091299389478
SKU_041,260,-1.2519953490609306
SKU_041,261,-1.3196349315337015
SKU_041,262,-1.282678004978823
SKU_041,263,-1.2934337917940801
SKU_041,264,-1.3113818644185995
SKU_041,265,-1.3283070219409276
SKU_041,266,-1.3665272309850127
SKU_041,267,-1.339778304207689
SKU_041,268,-1.2280402220667643
SKU_041,269,-1.1941442057233516
SKU_041,270,-1.1998460115444944
SKU_041,271,-1.2265841504924602
SKU_041,272,-1.2114453265570593
SKU_041,273,-1.197357709045529
SKU_041,274,-1.283711816438043
SKU_041,275,-1.219415521582441
SKU_041,276,-1.2397607636820673
SKU_041,277,-1.329746051807733
SKU_041,278,-1.2098814316542363
SKU_041,279,-1.2218807865093795
SKU_041,280,-1.2275538434797948
SKU_041,281,-1.222110303365678
SKU_041,282,-1.2262222889593724
SKU_041,283,-1.241047462106192
SKU_041,284,-1.2412910259664265
SKU_041,285,-1.2225745229212601
SKU_041,286,-1.1986847980706938
SKU_041,287,-1.2498009737111704
SKU_041,288,-1.2454979508052713
SKU_041,289,-1.2630026519848379
SKU_041,290,-1.2260976614586094
SKU_041,291,-1.2089922083328175
SKU_041,292,-1.2499833102310598
SKU_041,293,-1.1894642118426713
SKU_041,294,-1.2984489210691479
SKU_041,295,-1.2681957991232802
SKU_041,296,-1.2094084482187575
SKU_041,297,-1.21001631531048
SKU_041,298,-1.246302668951834
SKU_041,299,-1.200174742949472
SKU_042,0,-1.2142881181907366
SKU_042,1,-1.299043350056083
SKU_042,2,-1.189335553218062
SKU_042,3,-1.2925603948182232
SKU_042,4,-1.281650446236381
SKU_042,5,-1.3413875090910627
SKU_042,6,-1.2866005897594206
SKU_042,7,-1.214092201841032
SKU_042,8,-1.1975007555742065
SKU_042,9,-1.1863262525420035
SKU_042,10,-1.2386319934933536
SKU_042,11,-1.2685052154549132
SKU_042,12,-1.2402485756001524
SKU_042,13,-1.2819518712196478
SKU_042,14,-1.2768116734975108
SKU_042,15,-1.265192972805526
SKU_042,16,-1.2511824364386168
SKU_042,17,-1.2306035074962185
SKU_042,18,-1.150174060025806
SKU_042,19,-1.1332165054522692
SKU_042,20,-1.2038673763791141
SKU_042,21,-1.2973125057557877
SKU_042,22,-1.2389643000019532
SKU_042,23,-1.1899788429269016
SKU_042,24,-1.269544466646663
SKU_042,25,-1.2599437143545689
SKU_042,26,-1.2785360513363817
SKU_042,27,-1.3013543176398805
SKU_042,28,-1.255789130324464
SKU_042,29,-1.287125689557422
SKU_042,30,-1.2106392914038704
SKU_042,31,-1.2307689136550832
SKU_042,32,-1.2431243331581343
SKU_042,33,-1.2918124451379056
SKU_042,34,-1.186097401965054
SKU_042,35,-1.2898056515265308
SKU_042,36,-1.2983888639457268
SKU_042,37,-1.2902333296258781
SKU_042,38,-1.3059001277738855
SKU_042,39,-1.2507202942894022
SKU_042,40,-1.2276446927685725
SKU_042,41,-1.2910074740938318
SKU_042,42,-1.2800630191965847
SKU_042,43,-1.2834300070324425
SKU_042,44,-1.1789732963647623
SKU_042,45,-1.2495524546556296
SKU_042,46,-1.3121826531608998
SKU_042,47,-1.1541458562082263
SKU_042,48,-1.2886636401933218
SKU_042,49,-1.278976121144935
SKU_042,50,-1.2542595726378756
SKU_042,51,-1.213993046097686
SKU_042,52,-1.2303280990986492
SKU_042,53,-1.2909920945563316
SKU_042,54,-1.3703637014150483
SKU_042,55,-1.2582147010091596
SKU_042,56,-1.1953404436056572
SKU_042,57,-1.318581965455547
SKU_042,58,-1.2686905549595002
SKU_042,59,-1.2144350491697544
SKU_042,60,-1.2426067968191936
SKU_042,61,-1.1357054889075384
SKU_042,62,-1.2753837925200442
SKU_042,63,-1.2361128500719045
SKU_042,64,-1.3036554928555621
SKU_042,65,-1.3120541106674737
SKU_042,66,-1.2362021763857356
SKU_042,67,-1.2570706860024579
SKU_042,68,-1.2863344326825374
SKU_042,69,-1.2801174834441273
SKU_042,70,-1.312996022611423
SKU_042,71,-1.0739001888500939
SKU_042,72,-1.1135146264549642
SKU_042,73,-1.2731285149958913
SKU_042,74,-1.146947052629335
SKU_042,75,-1.1738256635276856
SKU_042,76,-1.2641228881030104
SKU_042,77,-1.265212897716651
SKU_042,78,-1.1902232006023044
SKU_042,79,-1.288970597324987
SKU_042,80,-1.266900355104777
SKU_042,81,-1.2242096747610285
SKU_042,82,-1.251960585650664
SKU_042,83,-1.2703075554992198
SKU_042,84,-1.2353198472861366
SKU_042,85,-1.246816971497883
SKU_042,86,-1.1912282009862276
SKU_042,87,-1.2185642240277996
SKU_042,88,-1.2692431392502745
SKU_042,89,-1.2733475416566304
SKU_042,90,-1.2767739335967254
SKU_042,91,-1.1446288681703325
SKU_042,92,-1.3135674848398835
SKU_042,93,-1.2318854386326024
SKU_042,94,-1.3331036849372835
SKU_042,95,-1.3318200667046045
SKU_042,96,-1.322582851434033
SKU_042,97,-1.3018599025898652
SKU_042,98,-1.2234814998476389
SKU_042,99,-1.2448302290048774
SKU_042,100,-1.204432278803246
SKU_042,101,-1.1395945988020806
SKU_042,102,-1.2639303949250862
SKU_042,103,-1.2579694284829686
SKU_042,104,-1.2056811739064204
SKU_042,105,-1.1980530423094011
SKU_042,106,-1.2266438055791442
SKU_042,107,-1.2561370585191758
SKU_042,108,-1.2377257260369068
SKU_042,109,-1.2403439258058273
SKU_042,110,-1.2335370133810162
SKU_042,111,-1.292055672323499
SKU_042,112,-1.3080639609327374
SKU_042,113,-1.3472500121166795
SKU_042,114,-1.2367722008877844
SKU_042,115,-1.1964208960197444
SKU_042,116,-1.2682252030756964
SKU_042,117,-1.2262237452795177
SKU_042,118,-1.1662106448490357
SKU_042,119,-1.1855886296937297
SKU_042,120,-1.2703059478988388
SKU_042,121,-1.2810209302489932
SKU_042,122,-1.2275850741451086
SKU_042,123,-1.2541199042947813
SKU_042,124,-1.1984772361959608
SKU_042,125,-1.2027507363938246
SKU_042,126,-1.3486893731757272
SKU_042,127,-1.1709320274684907
SKU_042,128,-1.2198820001846404
SKU_042,129,-1.2494480134316122
SKU_042,130,-1.2476915004890607
SKU_042,131,-1.197459412917438
SKU_042,132,-1.1710971729072306
SKU_042,133,-1.2877747694414334
SKU_042,134,-1.2854478779691954
SKU_042,135,-1.2955372405556937
SKU_042,136,-1.2827612443725989
SKU_042,137,-1.1921052246092951
SKU_042,138,-1.2061097935886038
SKU_042,139,-1.2620571995742744
SKU_042,140,-1.2111700646456514
SKU_042,141,-1.2229625810378204
SKU_042,142,-1.2101713658682296
SKU_042,143,-1.2624931317866055
SKU_042,144,-1.2616088147285185
SKU_042,145,-1.2650089872987238
SKU_042,146,-1.2914882385548385
SKU_042,147,-1.2836396938966068
SKU_042,148,-1.2225575838638978
SKU_042,149,-1.2638264062254303
SKU_042,150,-1.2265930858894745
SKU_042,151,-1.2139320442945292
SKU_042,152,-1.250147713262604
SKU_042,153,-1.2336291887968314
SKU_042,154,-1.2551511175254315
SKU_042,155,-1.2248066857548427
SKU_042,156,-1.2743010904565382
SKU_042,157,-1.2148023319219265
SKU_042,158,-1.2894694367926347
SKU_042,159,-1.2596228127830122
SKU_042,160,-1.2699446959412597
SKU_042,161,-1.3101982576409177
SKU_042,162,-1.2166743462055263
SKU_042,163,-1.2000656065269544
SKU_042,164,-1.2178301967881353
SKU_042,165,-1.208573074759293
SKU_042,166,-1.1740939105837773
SKU_042,167,-1.1670429485960148
SKU_042,168,-1.3047308840513445
SKU_042,169,-1.25112642907048
SKU_042,170,-1.247386565659673
SKU_042,171,-1.23221237730028
SKU_042,172,-1.2180715612830986
SKU_042,173,-1.1658921659761121
SKU_042,174,-1.2910885430570644
SKU_042,175,-1.1634030368395476
SKU_042,176,-1.233313616934584
SKU_042,177,-1.2457857698021528
SKU_042,178,-1.3387629366371996
SKU_042,179,-1.3473207524448112
SKU_042,180,-1.218256787992359
SKU_042,181,-1.3455601382582367
SKU_042,182,-1.4234811783127985
SKU_042,183,-1.179661988138471
SKU_042,184,-1.2195569086490181
SKU_042,185,-1.3228327821512431
SKU_042,186,-1.3133556433076548
SKU_042,187,-1.254691914993588
SKU_042,188,-1.2879324079937375
SKU_042,189,-1.267001185273264
SKU_042,190,-1.279142340868287
SKU_042,191,-1.24158866287931
SKU_042,192,-1.2879840966552607
SKU_042,193,-1.2999332879317569
SKU_042,194,-1.1969725919003795
SKU_042,195,-1.1670490490847467
SKU_042,196,-1.309556638923641
SKU_042,197,-1.344339756681662
SKU_042,198,-1.2906197188233095
SKU_042,199,-1.2720393340954332
SKU_042,200,-1.2567058986368904
SKU_042,201,-1.2062704078799915
SKU_042,202,-1.270477983085979
SKU_042,203,-1.272279695435593
SKU_042,204,-1.151401337740404
SKU_042,205,-1.2791594303639264
SKU_042,206,-1.1896254914326865
SKU_042,207,-1.2709712126600405
SKU_042,208,-1.2938977674727479
SKU_042,209,-1.330385415038233
SKU_042,210,-1.2379335466197756
SKU_042,211,-1.246280949186044
SKU_042,212,-1.1902677988078088
SKU_042,213,-1.2418183505596192
SKU_042,214,-1.213370183686698
SKU_042,215,-1.351778327245703
SKU_042,216,-1.2543420712399482
SKU_042,217,-1.1997581037771057
SKU_042,218,-1.3256601690003407
SKU_042,219,-1.2643815285260371
SKU_042,220,-1.2225054972332197
SKU_042,221,-1.2763747503968712
SKU_042,222,-1.1737074386708979
SKU_042,223,-1.148326210234534
SKU_042,224,-1.2499341787666
SKU_042,225,-1.2591019793654363
SKU_042,226,-1.2970153729135456
SKU_042,227,-1.3126487233428552
SKU_042,228,-1.332039963579518
SKU_042,229,-1.377873036354851
SKU_042,230,-1.2318605375992635
SKU_042,231,-1.28875533735924
SKU_042,232,-1.2717472667927365
SKU_042,233,-1.301134373395831
SKU_042,234,-1.2711933043710089
SKU_042,235,-1.123668927340692
SKU_042,236,-1.3168300663676114
SKU_042,237,-1.3297709021098378
SKU_042,238,-1.2039900215977772
SKU_042,239,-1.227187581556909
SKU_042,240,-1.2859604280093055
SKU_042,241,-1.3949878657876353
SKU_042,242,-1.2120338757266993
SKU_042,243,-1.2306192252521628
SKU_042,244,-1.2423887159332574
SKU_042,245,-1.172591371939857
SKU_042,246,-1.2297045231317145
SKU_042,247,-1.2421385203327162
SKU_042,248,-1.2029052283283914
SKU_042,249,-1.2272624840458983
SKU_042,250,-1.2484300448844288
SKU_042,251,-1.2688177423555755
SKU_042,252,-1.218113205760728
SKU_042,253,-1.1207210383136401
SKU_042,254,-1.2270843593709544
SKU_042,255,-1.2874608572214121
SKU_042,256,-1.298369963056031
SKU_042,257,-1.259439186636318
SKU_042,258,-1.1601467126441307
SKU_042,259,-1.3064718879988224
SKU_042,260,-1.1910614243949853
SKU_042,261,-1.2294492248240712
SKU_042,262,-1.2496763848578283
SKU_042,263,-1.175968977239565
SKU_042,264,-1.1838395687017502
SKU_042,265,-1.3201561643229134
SKU_042,266,-1.213349492521894
SKU_042,267,-1.283162573380677
SKU_042,268,-1.2310021579634833
SKU_042,269,-1.1743618048161848
SKU_042,270,-1.1852263640432028
SKU_042,271,-1.2430175347287122
SKU_042,272,-1.217802843907747
SKU_042,273,-1.220940488336346
SKU_042,274,-1.2489544605364042
SKU_042,275,-1.1797475567960867
SKU_042,276,-1.2537578765676658
SKU_042,277,-1.3364812827600938
SKU_042,278,-1.2013801541448734
SKU_042,279,-1.257849543053084
SKU_042,280,-1.2161728242020473
SKU_042,281,-1.2376289258462057
SKU_042,282,-1.1417395628665934
SKU_042,283,-1.2342598431091825
SKU_042,284,-1.2406861136172194
SKU_042,285,-1.2305838343610305
SKU_042,286,-1.249488524682207
SKU_042,287,-1.2436926502744097
SKU_042,288,-1.249276667576427
SKU_042,289,-1.2199044553315792
SKU_042,290,-1.2013345931537924
SKU_042,291,-1.2383814049957904
SKU_042,292,-1.2356683371954469
SKU_042,293,-1.2084828855864855
SKU_042,294,-1.2060969734235283
SKU_042,295,-1.2561116624707902
SKU_042,296,-1.2199509056878606
SKU_042,297,-1.229267384659057
SKU_042,298,-1.2523884263091134
SKU_042,299,-1.219323539850555
SKU_043,0,-1.2511531708732408
SKU_043,1,-1.1871672531256154
SKU_043,2,-1.1992209664751057
SKU_043,3,-1.281944582418193
SKU_043,4,-1.2758463975752226
SKU_043,5,-1.3172419651908598
SKU_043,6,-1.2632367177599655
SKU_043,7,-1.2118116349385517
SKU_043,8,-1.2582436245235236
SKU_043,9,-1.174862919729282
SKU_043,10,-1.2362730173764114
SKU_043,11,-1.2676977215259009
SKU_043,12,-1.2518098071743835
SKU_043,13,-1.2981451041886143
SKU_043,14,-1.2998979205675412
SKU_043,15,-1.269227944323233
SKU_043,16,-1.2643880337239657
SKU_043,17,-1.1491709507514227
SKU_043,18,-1.1620376125874166
SKU_043,19,-1.0698142734291356
SKU_043,20,-1.2276792830491807
SKU_043,21,-1.2347720076242694
SKU_043,22,-1.2318486125872392
SKU_043,23,-1.2261551257754844
SKU_043,24,-1.2522382106847811
SKU_043,25,-1.2212462213700992
SKU_043,26,-1.2639744032474196
SKU_043,27,-1.1908452455445697
SKU_043,28,-1.287570380509593
SKU_043,29,-1.2990386160426928
SKU_043,30,-1.2135896571263458
SKU_043,31,-1.2147401220113112
SKU_043,32,-1.243319236184365
SKU_043,33,-1.2543156513668468
SKU_043,34,-1.2072790661027015
SKU_043,35,-1.2945949475855778
SKU_043,36,-1.3007368869300313
SKU_043,37,-1.180174111421451
SKU_043,38,-1.2895877038031256
SKU_043,39,-1.1467460254713675
SKU_043,40,-1.2574017021921144
SKU_043,41,-1.2685019622736573
SKU_043,42,-1.283710637834045
SKU_043,43,-1.2595482071522925
SKU_043,44,-1.1711714421053916
SKU_043,45,-1.2506662619883366
SKU_043,46,-1.2918394668296038
SKU_043,47,-1.1419311700774233
SKU_043,48,-1.2138846923573234
SKU_043,49,-1.139672965936379
SKU_043,50,-1.2635211745168533
SKU_043,51,-1.2363230751478442
SKU_043,52,-1.2281300103039618
SKU_043,53,-1.2943299117369418
SKU_043,54,-1.3435502465193103
SKU_043,55,-1.2259992242478495
SKU_043,56,-1.3378315560024945
SKU_043,57,-1.2418397448168486
SKU_043,58,-1.268614329727369
SKU_043,59,-1.261903071982778
SKU_043,60,-1.2577089688229113
SKU_043,61,-1.322123211655438
SKU_043,62,-1.1716176190476468
SKU_043,63,-1.2298458116286834
SKU_043,64,-1.2625499883801174
SKU_043,65,-1.3411451634093954
SKU_043,66,-1.242966874814942
SKU_043,67,-1.299441127285686
SKU_043,68,-1.227946451394368
SKU_043,69,-1.2833528829470218
SKU_043,70,-1.2465694933643767
SKU_043,71,-1.1753595494134894
SKU_043,72,-1.199955767015836
SKU_043,73,-1.3404558435737706
SKU_043,74,-1.1935719200279922
SKU_043,75,-1.1802715605771137
SKU_043,76,-1.2966081010824717
SKU_043,77,-1.2719769516627821
SKU_043,78,-1.2412521437467146
SKU_043,79,-1.2888461349970133
SKU_043,80,-1.2659404724071912
SKU_043,81,-1.2381876140097268
SKU_043,82,-1.254576772257881
SKU_043,83,-1.2777801794764692
SKU_043,84,-1.2407975770911528
SKU_043,85,-1.20488967885516
SKU_043,86,-1.2169590105922714
SKU_043,87,-1.2202130927661048
SKU_043,88,-1.2583439481370398
SKU_043,89,-1.2920144810257677
SKU_043,90,-1.3043717699991082
SKU_043,91,-1.3927494458124916
SKU_043,92,-1.3063591193736372
SKU_043,93,-1.2630804493592038
SKU_043,94,-1.326301090119969
SKU_043,95,-1.3346733508910575
SKU_043,96,-1.1809487050471676
SKU_043,97,-1.296148446475321
SKU_043,98,-1.212370019072856
SKU_043,99,-1.2372607736278762
SKU_043,100,-1.1833872625269348
SKU_043,101,-1.18075418561423
SKU_043,102,-1.2470879383934614
SKU_043,103,-1.2400905133988882
SKU_043,104,-1.2082164360445713
SKU_043,105,-1.2343488271836274
SKU_043,106,-1.2962115452091059
SKU_043,107,-1.2914548659349034
SKU_043,108,-1.1850692979954374
SKU_043,109,-1.3082273872059051
SKU_043,110,-1.1864475004626363
SKU_043,111,-1.2905710179134857
SKU_043,112,-1.3085258764250258
SKU_043,113,-1.2710769069501855
SKU_043,114,-1.2413029637280666
SKU_043,115,-1.1784786053891143
SKU_043,116,-1.21720343621905
SKU_043,117,-1.242324953242626
SKU_043,118,-1.1902849442861356
SKU_043,119,-1.132334841202727
SKU_043,120,-1.2705468464102925
SKU_043,121,-1.2737407504597071
SKU_043,122,-1.2781751333334852
SKU_043,123,-1.2888299478304386
SKU_043,124,-1.2824875366139352
SKU_043,125,-1.1994461750638497
SKU_043,126,-1.2521080852718818
SKU_043,127,-1.1829761754745611
SKU_043,128,-1.2464356825587395
SKU_043,129,-1.2339584684410034
SKU_043,130,-1.2261847999558826
SKU_043,131,-1.191297248201991
SKU_043,132,-1.2048919615239848
SKU_043,133,-1.294524873780208
SKU_043,134,-1.2870873242952916
SKU_043,135,-1.3051078651329548
SKU_043,136,-1.2242611099988956
SKU_043,137,-1.204236809585968
SKU_043,138,-1.1814206168024748
SKU_043,139,-1.2044878068695184
SKU_043,140,-1.2255406303159855
SKU_043,141,-1.2493692433433596
SKU_043,142,-1.187588306614204
SKU_043,143,-1.2383083149457426
SKU_043,144,-1.2483785960967488
SKU_043,145,-1.2517587935941916
SKU_043,146,-1.3378301261223122
SKU_043,147,-1.255070657538129
SKU_043,148,-1.2412631348872145
SKU_043,149,-1.2187381189912798
SKU_043,150,-1.230857039292319
SKU_043,151,-1.2064349910019687
SKU_043,152,-1.2676641605377639
SKU_043,153,-1.2274857888197177
SKU_043,154,-1.331030450834796
SKU_043,155,-1.2474001986817391
SKU_043,156,-1.2179693485843721
SKU_043,157,-1.3017125579181594
SKU_043,158,-1.290862217097984
SKU_043,159,-1.2790394769145406
SKU_043,160,-1.2702703318280533
SKU_043,161,-1.3099902404919423
SKU_043,162,-1.2642527146680238
SKU_043,163,-1.264974603019521
SKU_043,164,-1.2237635042399395
SKU_043,165,-1.164114504602996
SKU_043,166,-1.250766037986986
SKU_043,167,-1.1328793822082976
SKU_043,168,-1.312288738657319
SKU_043,169,-1.2714767158271711
SKU_043,170,-1.248754552296957
SKU_043,171,-1.2204040930107416
SKU_043,172,-1.2302030197554032
SKU_043,173,-1.205869920695436
SKU_043,174,-1.3334589051671992
SKU_043,175,-1.158116650519773
SKU_043,176,-1.244900243687679
SKU_043,177,-1.2082625251580137
SKU_043,178,-1.3261319557953792
SKU_043,179,-1.3290896442552813
SKU_043,180,-1.2216337127367582
SKU_043,181,-1.3011457311316619
SKU_043,182,-1.3140158749256539
SKU_043,183,-1.2417102174099954
SKU_043,184,-1.211960657303954
SKU_043,185,-1.2518478823258616
SKU_043,186,-1.3265384355974694
SKU_043,187,-1.2970856410843332
SKU_043,188,-1.2815122231685394
SKU_043,189,-1.2200181983367504
SKU_043,190,-1.303254009672337
SKU_043,191,-1.2376444508566589
SKU_043,192,-1.2670920111425368
SKU_043,193,-1.2599873820643477
SKU_043,194,-1.200731150116503
SKU_043,195,-1.2126905815319444
SKU_043,196,-1.3203737876788963
SKU_043,197,-1.3421997769550251
SKU_043,198,-1.1038537205966354
SKU_043,199,-1.2727959395177875
SKU_043,200,-1.2929965105800778
SKU_043,201,-1.1209343154472462
SKU_043,202,-1.2441513345560093
SKU_043,203,-1.2933594469782619
SKU_043,204,-1.1330431284309586
SKU_043,205,-1.2693633488085678
SKU_043,206,-1.1815951190368505
SKU_043,207,-1.2706625788791093
SKU_043,208,-1.2513350546858668
SKU_043,209,-1.2831814078564174
SKU_043,210,-1.2143904615784002
SKU_043,211,-1.1520695881670089
SKU_043,212,-1.1701366370846256
SKU_043,213,-1.2511299472709825
SKU_043,214,-1.2113928844444106
SKU_043,215,-1.2030642016077384
SKU_043,216,-1.2549511601605234
SKU_043,217,-1.1395066010869914
SKU_043,218,-1.3112318785583352
SKU_043,219,-1.2830663698592049
SKU_043,220,-1.2271021416815298
SKU_043,221,-1.2733254072574118
SKU_043,222,-1.1489959664756162
SKU_043,223,-1.210696047735237
SKU_043,224,-1.2233128901706274
SKU_043,225,-1.2062482449426755
SKU_043,226,-1.2937618733338616
SKU_043,227,-1.3101380639093396
SKU_043,228,-1.2863186293119198
SKU_043,229,-1.1643501912100649
SKU_043,230,-1.233595527661898
SKU_043,231,-1.3051399263815577
SKU_043,232,-1.2039375258162934
SKU_043,233,-1.1877943161878988
SKU_043,234,-1.310882039271345
SKU_043,235,-1.1432493980296639
SKU_043,236,-1.3222918302443198
SKU_043,237,-1.3285050914860115
SKU_043,238,-1.2222703554644136
SKU_043,239,-1.2284561923963273
SKU_043,240,-1.3086402304361195
SKU_043,241,-1.2996390878040562
SKU_043,242,-1.2121402289398362
SKU_043,243,-1.23296958275944
SKU_043,244,-1.221337729320781
SKU_043,245,-1.2170111362480964
SKU_043,246,-1.2558990690636496
SKU_043,247,-1.1226148231845692
SKU_043,248,-1.2954388778494172
SKU_043,249,-1.2148951615190882
SKU_043,250,-1.2428356094436321
SKU_043,251,-1.2636947718174962
SKU_043,252,-1.2429400521581049
SKU_043,253,-1.1812667532989827
SKU_043,254,-1.2469626330730204
SKU_043,255,-1.157219914481368
SKU_043,256,-1.2942991086022313
SKU_043,257,-1.2613906777825985
SKU_043,258,-1.1900158537531853
SKU_043,259,-1.2987364163560555
SKU_043,260,-1.1357907836793153
SKU_043,261,-1.3129053814611364
SKU_043,262,-1.234617472519227
SKU_043,263,-1.282900551272195
SKU_043,264,-1.2076308281716082
SKU_043,265,-1.2926928959538928
SKU_043,266,-1.295682707727576
SKU_043,267,-1.2471141199961584
SKU_043,268,-1.2200328284809174
SKU_043,269,-1.1793703099937185
SKU_043,270,-1.247191933057811
SKU_043,271,-1.1604172836357984
SKU_043,272,-1.2259183644448841
SKU_043,273,-1.239637640566617
SKU_043,274,-1.2373139965073396
SKU_043,275,-1.2845577662424277
SKU_043,276,-1.2275298528123568
SKU_043,277,-1.31860207603178
SKU_043,278,-1.2215158943353435
SKU_043,279,-1.2168207783779152
SKU_043,280,-1.216400592150029
SKU_043,281,-1.247179128183609
SKU_043,282,-1.3743037348943878
SKU_043,283,-1.2353419070270169
SKU_043,284,-1.225279988667889
SKU_043,285,-1.2308418784395856
SKU_043,286,-1.207473277102683
SKU_043,287,-1.2339739439991944
SKU_043,288,-1.2532355600942104
SKU_043,289,-1.2451215125243795
SKU_043,290,-1.2574756043026378
SKU_043,291,-1.2442915616877845
SKU_043,292,-1.2302849557591287
SKU_043,293,-1.2018177761827884
SKU_043,294,-1.3335626333004489
SKU_043,295,-1.1894343877094382
SKU_043,296,-1.2195300758655008
SKU_043,297,-1.1056778649352614
SKU_043,298,-1.2444887693547395
SKU_043,299,-1.2282285235419232
SKU_044,0,-0.8460186467051992
SKU_044,1,-0.8759234602737407
SKU_044,2,-0.8360132120080276
SKU_044,3,-0.8567992580859752
SKU_044,4,-0.8593363672345452
SKU_044,5,-0.8536645864407543
SKU_044,6,-0.9080477378373017
SKU_044,7,-0.8567995904867198
SKU_044,8,-0.8797008564393732
SKU_044,9,-0.8548926341595475
SKU_044,10,-0.9278892577329029
SKU_044,11,-0.8513242129090299
SKU_044,12,-0.8371221078343212
SKU_044,13,-0.8729674862064586
SKU_044,14,-0.9112911027522366
SKU_044,15,-0.8910792713492686
SKU_044,16,-0.8705792177410251
SKU_044,17,-0.86700735912986
SKU_044,18,-0.9363979152186016
SKU_044,19,-0.7699316800780551
SKU_044,20,-0.8558984390320381
SKU_044,21,-0.8535229765070852
SKU_044,22,-0.8568472769466448
SKU_044,23,-0.7585991265436505
SKU_044,24,-0.9094168482670307
SKU_044,25,-0.8448244792426695
SKU_044,26,-0.827177582476437
SKU_044,27,-0.9119422814754634
SKU_044,28,-0.9419189321140025
SKU_044,29,-0.9540070221786775
SKU_044,30,-0.8075062945833111
SKU_044,31,-0.9157270857846722
SKU_044,32,-0.7813445281926635
SKU_044,33,-0.8891451376706296
SKU_044,34,-0.8356006179611416
SKU_044,35,-0.8407533382893367
SKU_044,36,-0.8860898087838855
SKU_044,37,-0.7852193203878234
SKU_044,38,-0.9363960338253171
SKU_044,39,-0.7969196804616829
SKU_044,40,-0.9103253990745064
SKU_044,41,-0.903239553485861
SKU_044,42,-0.8398783529140349
SKU_044,43,-0.7757080526966732
SKU_044,44,-0.8205360203142841
SKU_044,45,-0.8366286856529397
SKU_044,46,-0.8756131995943438
SKU_044,47,-0.9123894092645488
SKU_044,48,-0.8586166009467158
SKU_044,49,-0.8639397425012156
SKU_044,50,-0.8992284406201829
SKU_044,51,-0.7346028397111544
SKU_044,52,-0.8642030592006429
SKU_044,53,-0.8535694413593835
SKU_044,54,-0.859087914216841
SKU_044,55,-0.9462599998488992
SKU_044,56,-0.8974192956818741
SKU_044,57,-0.87555151230141
SKU_044,58,-0.9585392693269486
SKU_044,59,-0.9103000708958742
SKU_044,60,-0.9674331769063806
SKU_044,61,-0.8414282643905951
SKU_044,62,-0.8603145667664311
SKU_044,63,-0.9636252455392685
SKU_044,64,-0.8635291990954933
SKU_044,65,-0.8552992136817236
SKU_044,66,-0.8687999452935905
SKU_044,67,-0.9512985260069443
SKU_044,68,-1.0220186427691005
SKU_044,69,-0.8025498999234224
SKU_044,70,-0.9214344081152839
SKU_044,71,-0.8175487693735187
SKU_044,72,-0.918526954878424
SKU_044,73,-0.9360351472452516
SKU_044,74,-0.911699255448942
SKU_044,75,-0.7653602935960528
SKU_044,76,-0.7862725005586476
SKU_044,77,-0.9197998771098213
SKU_044,78,-0.7662229320044578
SKU_044,79,-0.904145169481584
SKU_044,80,-0.8481699310991642
SKU_044,81,-0.8320722773772528
SKU_044,82,-0.84782307674408
SKU_044,83,-1.0149026197125737
SKU_044,84,-0.9218526706415797
SKU_044,85,-0.8243211084210633
SKU_044,86,-0.8424311311383296
SKU_044,87,-0.9459816981739164
SKU_044,88,-0.8921901229713635
SKU_044,89,-0.8334273100525319
SKU_044,90,-0.8649247917457308
SKU_044,91,-1.0147416306716777
SKU_044,92,-0.9117353822752868
SKU_044,93,-0.7675415416134053
SKU_044,94,-0.9721510528107951
SKU_044,95,-0.8016638313000584
SKU_044,96,-0.9160619482258272
SKU_044,97,-0.7843279818553577
SKU_044,98,-0.8616607601921482
SKU_044,99,-0.9723148999788161
SKU_044,100,-0.9559545475609151
SKU_044,101,-0.9938413312886318
SKU_044,102,-0.8808681182293722
SKU_044,103,-0.8581731395987475
SKU_044,104,-1.0824615500745993
SKU_044,105,-0.8809900197203283
SKU_044,106,-0.7775749195466578
SKU_044,107,-0.8904887946099399
SKU_044,108,-0.9775411232956689
SKU_044,109,-0.7833804169348664
SKU_044,110,-0.8477190233359448
SKU_044,111,-0.8264182305921053
SKU_044,112,-0.9062761047991875
SKU_044,113,-0.7913296197057029
SKU_044,114,-0.907166508425937
SKU_044,115,-0.8998742248915288
SKU_044,116,-0.8923426129918888
SKU_044,117,-0.8708621703374819
SKU_044,118,-0.9986241305374498
SKU_044,119,-0.9059738371129762
SKU_044,120,-0.8997013702398724
SKU_044,121,-0.8196111281777478
SKU_044,122,-0.927263888470474
SKU_044,123,-0.9443563233744632
SKU_044,124,-0.902462376662946
SKU_044,125,-0.8106628808232089
SKU_044,126,-0.9494324303099877
SKU_044,127,-0.883757336291293
SKU_044,128,-0.8706211160706958
SKU_044,129,-0.9597120559479095
SKU_044,130,-0.9449038569520691
SKU_044,131,-0.8517329987980481
SKU_044,132,-0.8219787292248679
SKU_044,133,-0.9072446723684535
SKU_044,134,-1.0057918768664547
SKU_044,135,-0.9956730738687868
SKU_044,136,-0.9781760531189504
SKU_044,137,-0.8792884834455567
SKU_044,138,-0.9002597797561331
SKU_044,139,-0.8844138933343856
SKU_044,140,-0.8774267145722758
SKU_044,141,-0.9062884231685996
SKU_044,142,-0.9143207832655061
SKU_044,143,-0.8950447219667996
SKU_044,144,-0.8384545524486505
SKU_044,145,-0.8641976003721102
SKU_044,146,-0.890008510557978
SKU_044,147,-0.8740614148402237
SKU_044,148,-0.8233817476984338
SKU_044,149,-0.934729955590745
SKU_044,150,-0.9329470836123758
SKU_044,151,-0.9699418770705976
SKU_044,152,-0.9243789188219373
SKU_044,153,-0.8960896094069905
SKU_044,154,-0.8999722084249628
SKU_044,155,-0.9208974877436038
SKU_044,156,-0.8820386647828169
SKU_044,157,-0.9177617858768795
SKU_044,158,-0.8440553871252454
SKU_044,159,-0.8667526236297255
SKU_044,160,-0.8739120507343785
SKU_044,161,-0.8093899018923202
SKU_044,162,-0.8517416580267257
SKU_044,163,-0.8362337129971762
SKU_044,164,-0.8576097999533383
SKU_044,165,-0.8120142212794538
SKU_044,166,-0.8544344457499468
SKU_044,167,-0.8374042053310088
SKU_044,168,-0.8904840394085176
SKU_044,169,-0.8687754302797241
SKU_044,170,-0.9017183330695049
SKU_044,171,-0.844326964083986
SKU_044,172,-0.8517504097035786
SKU_044,173,-0.8727417567397315
SKU_044,174,-0.8535615132910418
SKU_044,175,-0.8597656547686601
SKU_044,176,-0.8474724057757045
SKU_044,177,-0.8399569583923694
SKU_044,178,-0.8458450124829523
SKU_044,179,-0.927561396621863
SKU_044,180,-0.8533055195995881
SKU_044,181,-0.9579245241560537
SKU_044,182,-0.9240902519224071
SKU_044,183,-1.0045104273355765
SKU_044,184,-0.8676910963141027
SKU_044,185,-0.9414026605007065
SKU_044,186,-0.8884113367772006
SKU_044,187,-0.9936070407278511
SKU_044,188,-0.8416857973920528
SKU_044,189,-0.9043476085508191
SKU_044,190,-0.784078673809451
SKU_044,191,-0.8299152303596314
SKU_044,192,-0.8362266221002094
SKU_044,193,-1.0064860343191413
SKU_044,194,-0.8502682322015488
SKU_044,195,-0.8631204784216642
SKU_044,196,-0.8741649683714944
SKU_044,197,-0.91597892635601
SKU_044,198,-0.910059230602614
SKU_044,199,-0.8882660252557296
SKU_044,200,-0.8712795783304311
SKU_044,201,-0.9862332143027185
SKU_044,202,-0.9054195422356394
SKU_044,203,-0.8601888290802793
SKU_044,204,-0.9070623903914548
SKU_044,205,-0.9905868077778603
SKU_044,206,-0.9035418630457328
SKU_044,207,-0.8500771655503035
SKU_044,208,-0.8421872179613991
SKU_044,209,-0.8008535146812802
SKU_044,210,-0.8476348701980262
SKU_044,211,-0.8756351700908598
SKU_044,212,-0.9148167171665686
SKU_044,213,-0.9508056718786475
SKU_044,214,-0.8333677969696464
SKU_044,215,-0.8146757508250538
SKU_044,216,-0.936629141741577
SKU_044,217,-0.8592706669029887
SKU_044,218,-0.9632185397397875
SKU_044,219,-0.8480125410859485
SKU_044,220,-0.9569671123076865
SKU_044,221,-0.8848615911426111
SKU_044,222,-0.9228030951889838
SKU_044,223,-0.8799491600025847
SKU_044,224,-0.8193456460465708
SKU_044,225,-0.8774515117182198
SKU_044,226,-0.7814004998116888
SKU_044,227,-0.8799990813763554
SKU_044,228,-0.8653050881348184
SKU_044,229,-0.7578220946864974
SKU_044,230,-0.8722334146315177
SKU_044,231,-0.944364791569755
SKU_044,232,-0.8453823506237625
SKU_044,233,-1.0093305128489278
SKU_044,234,-0.9290072841828756
SKU_044,235,-0.834045451788451
SKU_044,236,-0.8201072656737854
SKU_044,237,-0.840256409760119
SKU_044,238,-0.8639294432694606
SKU_044,239,-0.8621318680196548
SKU_044,240,-0.8496487465427235
SKU_044,241,-0.9115712519381876
SKU_044,242,-0.8583203024748782
SKU_044,243,-0.9014870396044004
SKU_044,244,-0.8213625562170379
SKU_044,245,-0.8777586653688854
SKU_044,246,-0.8321044153521745
SKU_044,247,-0.8046083066878552
SKU_044,248,-0.9331782396813908
SKU_044,249,-0.8625284837564386
SKU_044,250,-0.845968230884764
SKU_044,251,-0.8906642313289511
SKU_044,252,-0.8219025742797834
SKU_044,253,-0.904328838032155
SKU_044,254,-0.7521403116062138
SKU_044,255,-0.9088548479146267
SKU_044,256,-0.891469441613384
SKU_044,257,-0.8274707721067068
SKU_044,258,-1.0113437926948479
SKU_044,259,-0.8253385236928202
SKU_044,260,-0.8283215401109116
SKU_044,261,-0.8569731562095364
SKU_044,262,-0.8875790238438271
SKU_044,263,-0.8407596293517114
SKU_044,264,-0.7788218957984157
SKU_044,265,-0.9211812443482704
SKU_044,266,-0.8672913184700581
SKU_044,267,-0.8971176085233294
SKU_044,268,-0.8574568556003674
SKU_044,269,-0.9007863106159342
SKU_044,270,-0.9390546437356061
SKU_044,271,-1.0017231020447313
SKU_044,272,-0.9193347276997088
SKU_044,273,-0.9303162065006436
SKU_044,274,-0.9082322761073419
SKU_044,275,-0.7231993105617249
SKU_044,276,-0.9101588401637446
SKU_044,277,-0.8199304577499642
SKU_044,278,-0.9118870612174583
SKU_044,279,-0.8144384554114524
SKU_044,280,-0.9040163757818639
SKU_044,281,-0.8760260003641175
SKU_044,282,-0.8903029021823261
SKU_044,283,-0.8928348555324455
SKU_044,284,-0.8824542442344343
SKU_044,285,-0.949740531007103
SKU_044,286,-0.9422658386184427
SKU_044,287,-0.902403110255208
SKU_044,288,-0.8823892234439875
SKU_044,289,-0.8654147265592907
SKU_044,290,-0.8972187693535866
SKU_044,291,-0.8786568821550467
SKU_044,292,-0.8684514653175492
SKU_044,293,-0.9704264563164876
SKU_044,294,-0.856275818117359
SKU_044,295,-0.9659598308312654
SKU_044,296,-0.8465391671979478
SKU_044,297,-0.8457869232006365
SKU_044,298,-0.855953886903746
SKU_044,299,-0.9857510941103007
SKU_045,0,-1.7001822852741308
SKU_045,1,-1.8044207322760517
SKU_045,2,-1.778994991116614
SKU_045,3,-1.777317145839857
SKU_045,4,-1.7726147614151773
SKU_045,5,-1.9004815704274642
SKU_045,6,-1.81480691275204
SKU_045,7,-1.825434433243749
SKU_045,8,-1.5958071903358082
SKU_045,9,-1.860310523875456
SKU_045,10,-1.7640211910852348
SKU_045,11,-1.8950220025422395
SKU_045,12,-1.7951311655423297
SKU_045,13,-1.9019967043777781
SKU_045,14,-1.778183083284011
SKU_045,15,-1.7689398433602501
SKU_045,16,-1.7102017643445766
SKU_045,17,-1.7171655852270558
SKU_045,18,-1.6804130526070302
SKU_045,19,-1.6944900463619519
SKU_045,20,-1.9933522489709192
SKU_045,21,-1.8368792881035694
SKU_045,22,-1.8073706104989062
SKU_045,23,-1.812529771673442
SKU_045,24,-1.8078975741143914
SKU_045,25,-1.7863223738154086
SKU_045,26,-1.746081825459962
SKU_045,27,-1.684584873958479
SKU_045,28,-1.7912855004223118
SKU_045,29,-1.8023401244411579
SKU_045,30,-1.799435697914547
SKU_045,31,-1.801914723980748
SKU_045,32,-1.770992764777689
SKU_045,33,-1.6860449574716636
SKU_045,34,-1.818134398109843
SKU_045,35,-1.7181163552821586
SKU_045,36,-1.8382854404561162
SKU_045,37,-1.8174565862270398
SKU_045,38,-1.8290284567576547
SKU_045,39,-1.829949056824954
SKU_045,40,-1.7769869015983455
SKU_045,41,-1.6109842526619165
SKU_045,42,-1.7889507927364272
SKU_045,43,-1.7357646388282464
SKU_045,44,-1.7064010374758039
SKU_045,45,-1.6790421928118762
SKU_045,46,-1.673374014468019
SKU_045,47,-1.733636096240954
SKU_045,48,-1.8907923276997958
SKU_045,49,-1.7096560197191557
SKU_045,50,-1.7631777859998017
SKU_045,51,-1.8508579481404952
SKU_045,52,-1.8214642652799808
SKU_045,53,-1.8076153338352348
SKU_045,54,-1.7355856174753803
SKU_045,55,-1.8212036555055484
SKU_045,56,-1.703791223594289
SKU_045,57,-1.7865364152719383
SKU_045,58,-1.788630991859681
SKU_045,59,-1.7129165075620696
SKU_045,60,-1.8040231110585125
SKU_045,61,-1.8429912671446953
SKU_045,62,-1.831088926404099
SKU_045,63,-1.8465467962915438
SKU_045,64,-1.8028484638153104
SKU_045,65,-1.7504055180518567
SKU_045,66,-1.8196041016967248
SKU_045,67,-1.7741169246951192
SKU_045,68,-1.8611285377389433
SKU_045,69,-1.6194171321966941
SKU_045,70,-1.8407064530399124
SKU_045,71,-1.7830450833695186
SKU_045,72,-1.8971768909715194
SKU_045,73,-1.7163420919441768
SKU_045,74,-1.807083210407338
SKU_045,75,-1.7682828900750258
SKU_045,76,-1.8292827600618498
SKU_045,77,-1.8446580659033958
SKU_045,78,-1.8742004847856957
SKU_045,79,-1.794216638440309
SKU_045,80,-1.8330774459493993
SKU_045,81,-1.6127791001504963
SKU_045,82,-1.767906529033943
SKU_045,83,-1.8392255286460237
SKU_045,84,-1.8554620741998058
SKU_045,85,-1.7177363300593185
SKU_045,86,-1.684871341170437
SKU_045,87,-1.8065216113154725
SKU_045,88,-1.7408222866987757
SKU_045,89,-1.8405507104932834
SKU_045,90,-1.7905908886877524
SKU_045,91,-1.731097702061334
SKU_045,92,-1.862114625486999
SKU_045,93,-1.714463090474699
SKU_045,94,-1.836278753241232
SKU_045,95,-1.8436617255507743
SKU_045,96,-1.785577912102864
SKU_045,97,-1.730043528128055
SKU_045,98,-1.6221668580456703
SKU_045,99,-1.8070731064693075
SKU_045,100,-1.6954782255614667
SKU_045,101,-1.6886240471532388
SKU_045,102,-1.8378491749270955
SKU_045,103,-1.7203224902260015
SKU_045,104,-1.905644420558419
SKU_045,105,-1.8465053073801663
SKU_045,106,-1.9248378734669997
SKU_045,107,-1.7751707686107716
SKU_045,108,-1.771485975972629
SKU_045,109,-1.797867134210251
SKU_045,110,-1.7791558238795548
SKU_045,111,-1.749224810695086
SKU_045,112,-1.904703835026145
SKU_045,113,-1.6763540139856303
SKU_045,114,-1.667937211260284
SKU_045,115,-1.8942005272716262
SKU_045,116,-1.7847361593677327
SKU_045,117,-1.7480740660592005
SKU_045,118,-1.6956529268858964
SKU_045,119,-1.8131776319588735
SKU_045,120,-1.7364495673530644
SKU_045,121,-1.6808635065239865
SKU_045,122,-1.9231939752413663
SKU_045,123,-1.719255126801591
SKU_045,124,-1.638187209960364
SKU_045,125,-1.779810322931904
SKU_045,126,-1.7673019980889695
SKU_045,127,-1.8234085135981952
SKU_045,128,-1.8074118597042825
SKU_045,129,-1.696077078535498
SKU_045,130,-1.7171571225706712
SKU_045,131,-1.7401337934865475
SKU_045,132,-1.8627060617567175
SKU_045,133,-1.7261885317181804
SKU_045,134,-1.845304934295971
SKU_045,135,-1.7956354855797818
SKU_045,136,-1.740964412492318
SKU_045,137,-1.8744514904320728
SKU_045,138,-1.731760585932512
SKU_045,139,-1.7828662304813319
SKU_045,140,-1.7443330802466612
SKU_045,141,-1.965591180810075
SKU_045,142,-1.8674750502000346
SKU_045,143,-1.8778803429600872
SKU_045,144,-1.7629329458642167
SKU_045,145,-1.7597974153460296
SKU_045,146,-1.7490596929859434
SKU_045,147,-1.718355188259964
SKU_045,148,-1.7858180634112422
SKU_045,149,-1.89556296315812
SKU_045,150,-1.8101474270489815
SKU_045,151,-1.76989208447622
SKU_045,152,-1.696623652570938
SKU_045,153,-1.8688461064025426
SKU_045,154,-2.0136845691814185
SKU_045,155,-1.831597192696275
SKU_045,156,-1.8248785115067885
SKU_045,157,-1.7121826964130393
SKU_045,158,-1.8102245938785801
SKU_045,159,-1.8314268448736948
SKU_045,160,-1.8459493201612212
SKU_045,161,-1.798578769152858
SKU_045,162,-1.6473147048390757
SKU_045,163,-1.8586916826544584
SKU_045,164,-1.7084815602128103
SKU_045,165,-1.8485753309299604
SKU_045,166,-1.727387540363511
SKU_045,167,-1.8780430875501353
SKU_045,168,-1.7894580111792313
SKU_045,169,-1.680227017092303
SKU_045,170,-1.803441120093154
SKU_045,171,-1.8596630227385291
SKU_045,172,-1.855121980260501
SKU_045,173,-1.7025109766332278
SKU_045,174,-1.8803729868375307
SKU_045,175,-1.855070638892567
SKU_045,176,-1.7678230396069747
SKU_045,177,-1.8908547771787054
SKU_045,178,-1.9054632146536836
SKU_045,179,-1.7782269815075884
SKU_045,180,-1.8748408213823202
SKU_045,181,-1.8146567691589692
SKU_045,182,-1.8568851994903575
SKU_045,183,-1.7976486318446712
SKU_045,184,-1.7158787702739389
SKU_045,185,-1.825888766861853
SKU_045,186,-1.670106732114363
SKU_045,187,-1.9115341391044436
SKU_045,188,-1.6976264582258642
SKU_045,189,-1.8078792361685994
SKU_045,190,-1.723636189263065
SKU_045,191,-1.6503791824219123
SKU_045,192,-1.7745879242505465
SKU_045,193,-1.7367469185731321
SKU_045,194,-1.7853568271433653
SKU_045,195,-1.6537503125794437
SKU_045,196,-1.7780047970776212
SKU_045,197,-1.7329162991351506
SKU_045,198,-1.756509282586072
SKU_045,199,-1.8782618827724333
SKU_045,200,-1.8055170023713782
SKU_045,201,-1.8311506863783376
SKU_045,202,-1.6451615306355212
SKU_045,203,-1.9914976461076226
SKU_045,204,-1.7539921109966963
SKU_045,205,-1.8622300225323782
SKU_045,206,-1.7251437876934248
SKU_045,207,-1.9549159012918722
SKU_045,208,-1.7474818001850505
SKU_045,209,-1.7819405559481218
SKU_045,210,-1.915741029680307
SKU_045,211,-1.8301590971209811
SKU_045,212,-1.848303816532092
SKU_045,213,-1.7625349221539406
SKU_045,214,-1.8501239847573847
SKU_045,215,-1.7361593794135237
SKU_045,216,-1.8495469795855433
SKU_045,217,-1.7410825605444888
SKU_045,218,-1.7055943260123179
SKU_045,219,-1.8027591040801203
SKU_045,220,-1.8184009417361382
SKU_045,221,-1.8262947981341826
SKU_045,222,-1.7616059368191994
SKU_045,223,-1.8092683808357246
SKU_045,224,-1.8284985163337164
SKU_045,225,-1.7200860381465477
SKU_045,226,-1.7355157018325083
SKU_045,227,-1.6913226997633903
SKU_045,228,-1.7939183117371993
SKU_045,229,-1.8083874967077078
SKU_045,230,-1.6784011585278256
SKU_045,231,-1.7433142435543871
SKU_045,232,-1.7443452835572657
SKU_045,233,-1.864656646095283
SKU_045,234,-1.784804181123468
SKU_045,235,-1.8277316597023376
SKU_045,236,-1.7977351949952787
SKU_045,237,-1.9682819202757604
SKU_045,238,-1.8301955636509952
SKU_045,239,-1.811775049070437
SKU_045,240,-1.7378079396105348
SKU_045,241,-1.881903955350407
SKU_045,242,-1.880255733279135
SKU_045,243,-1.7570234746577273
SKU_045,244,-1.8916196954716815
SKU_045,245,-1.8637672085985797
SKU_045,246,-1.7637442882660044
SKU_045,247,-1.7363191163224887
SKU_045,248,-1.8475501778168222
SKU_045,249,-1.8038335912078618
SKU_045,250,-1.7027293553067755
SKU_045,251,-1.7224087599176119
SKU_045,252,-1.7468837888485815
SKU_045,253,-1.709192568492942
SKU_045,254,-1.882936062573096
SKU_045,255,-1.7773960408575251
SKU_045,256,-1.807605143895943
SKU_045,257,-1.8715568840497927
SKU_045,258,-1.8827420846652487
SKU_045,259,-1.824368723307378
SKU_045,260,-1.7656222936703645
SKU_045,261,-1.7534072918515757
SKU_045,262,-1.9459998374488792
SKU_045,263,-1.9412715581383964
SKU_045,264,-1.7730945137752168
SKU_045,265,-1.7698640051107843
SKU_045,266,-1.9038412312727202
SKU_045,267,-1.687667492510378
SKU_045,268,-1.744731341355436
SKU_045,269,-1.8020001958923393
SKU_045,270,-1.7665685623532226
SKU_045,271,-1.7546527363613171
SKU_045,272,-1.7565128352066948
SKU_045,273,-1.7308829093159182
SKU_045,274,-1.732600734421634
SKU_045,275,-1.8275050608151173
SKU_045,276,-1.905833314021943
SKU_045,277,-1.8214418952721656
SKU_045,278,-1.6527787060857415
SKU_045,279,-1.8774588769872849
SKU_045,280,-1.6990286324270405
SKU_045,281,-1.723797282139995
SKU_045,282,-2.1329368065371814
SKU_045,283,-1.73592479851412
SKU_045,284,-1.7843756490185498
SKU_045,285,-1.8464962838617642
SKU_045,286,-1.7754106275003658
SKU_045,287,-1.8356664871433603
SKU_045,288,-1.8191564054482456
SKU_045,289,-1.736241842419988
SKU_045,290,-1.7908123856995373
SKU_045,291,-1.7606305308028272
SKU_045,292,-1.843807799479363
SKU_045,293,-1.8365207740602718
SKU_045,294,-1.7206593189406394
SKU_045,295,-1.7671625940045377
SKU_045,296,-1.7842626269872541
SKU_045,297,-1.840595175071607
SKU_045,298,-1.8000763744414372
SKU_045,299,-1.7262319054763295
SKU_046,0,-0.8462513644108063
SKU_046,1,-0.8884545161989633
SKU_046,2,-0.80690771211185
SKU_046,3,-0.897267563355671
SKU_046,4,-0.8894493166872373
SKU_046,5,-0.8880114745919121
SKU_046,6,-0.9909933916792889
SKU_046,7,-0.8524695344241516
SKU_046,8,-0.8711296632915683
SKU_046,9,-0.8929754390070691
SKU_046,10,-0.9309863073510319
SKU_046,11,-0.8513443748940107
SKU_046,12,-0.8290392367483751
SKU_046,13,-0.8878600762187385
SKU_046,14,-0.899687112473968
SKU_046,15,-0.8948770508136422
SKU_046,16,-0.8248617923487105
SKU_046,17,-0.8961872736162405
SKU_046,18,-0.9383479023267028
SKU_046,19,-0.7864830703050013
SKU_046,20,-0.8130361021796416
SKU_046,21,-0.9523565372039084
SKU_046,22,-0.8563414022991592
SKU_046,23,-0.8030881681730581
SKU_046,24,-0.894632489450618
SKU_046,25,-0.8675549454263656
SKU_046,26,-0.83554099051062
SKU_046,27,-0.9277706189684577
SKU_046,28,-0.9585605313309609
SKU_046,29,-0.9488342866121067
SKU_046,30,-0.8126588264616554
SKU_046,31,-0.9219708341144399
SKU_046,32,-0.7854846430860332
SKU_046,33,-0.9160676212423632
SKU_046,34,-0.8294097365211631
SKU_046,35,-0.8317838074557506
SKU_046,36,-0.8764163417579832
SKU_046,37,-0.8548805731585954
SKU_046,38,-0.9329650281170185
SKU_046,39,-0.7519278104999816
SKU_046,40,-0.9567031815648679
SKU_046,41,-0.8984471036302129
SKU_046,42,-0.8338866063179512
SKU_046,43,-0.817053740664355
SKU_046,44,-0.8128454360551199
SKU_046,45,-0.8323196409952218
SKU_046,46,-0.9199700102077092
SKU_046,47,-0.9371372071023656
SKU_046,48,-0.8450079797818056
SKU_046,49,-0.9719240970050712
SKU_046,50,-0.9161926698655629
SKU_046,51,-0.7234884792056153
SKU_046,52,-0.8660641056395086
SKU_046,53,-0.8831833591695284
SKU_046,54,-0.8299336477256701
SKU_046,55,-0.9237183741782817
SKU_046,56,-0.9573418214372001
SKU_046,57,-0.8863030749230388
SKU_046,58,-0.9413349143155234
SKU_046,59,-0.9446611479946092
SKU_046,60,-0.9738331914289811
SKU_046,61,-0.8660022466205847
SKU_046,62,-0.9700239445530455
SKU_046,63,-0.9506323817674905
SKU_046,64,-0.8641870942835016
SKU_046,65,-0.8309220535032286
SKU_046,66,-0.8823314700885246
SKU_046,67,-0.9188796268132425
SKU_046,68,-0.9428376016110098
SKU_046,69,-0.7595815533936645
SKU_046,70,-0.8985260216520421
SKU_046,71,-0.9023371778862797
SKU_046,72,-0.9374901627532991
SKU_046,73,-0.9660600937321956
SKU_046,74,-0.9489807171924576
SKU_046,75,-0.7642211344433698
SKU_046,76,-0.7717911618529995
SKU_046,77,-0.9205248586689484
SKU_046,78,-0.8279416272758385
SKU_046,79,-0.8953236580530302
SKU_046,80,-0.8513509959325158
SKU_046,81,-0.8464801887991452
SKU_046,82,-0.8296127508916115
SKU_046,83,-0.899573410961151
SKU_046,84,-0.9140435740519685
SKU_046,85,-0.8312547764248915
SKU_046,86,-0.8344027429669845
SKU_046,87,-0.9169731323016884
SKU_046,88,-0.9025579611259824
SKU_046,89,-0.8536509752581438
SKU_046,90,-0.8683661084440878
SKU_046,91,-0.9450054441050973
SKU_046,92,-0.916088781822024
SKU_046,93,-0.8196656458420762
SKU_046,94,-0.9666497579223386
SKU_046,95,-0.8032951863222357
SKU_046,96,-0.9699660866026545
SKU_046,97,-0.7906739876412948
SKU_046,98,-0.8474921285514938
SKU_046,99,-0.9684868231001185
SKU_046,100,-0.9153775145765635
SKU_046,101,-0.9692335356981394
SKU_046,102,-0.8987335769369504
SKU_046,103,-0.8569643532124187
SKU_046,104,-0.9420798579549807
SKU_046,105,-0.8953899040853123
SKU_046,106,-0.8119132628395332
SKU_046,107,-0.8796872321281373
SKU_046,108,-0.8103953552466585
SKU_046,109,-0.7726228535338786
SKU_046,110,-0.8793078261948126
SKU_046,111,-0.8243623923586212
SKU_046,112,-0.9094520781467739
SKU_046,113,-0.9055458599100105
SKU_046,114,-0.8955401294704487
SKU_046,115,-0.9190404534007808
SKU_046,116,-0.9412338422441388
SKU_046,117,-0.8760777725396167
SKU_046,118,-0.9448674713872465
SKU_046,119,-0.9289874797769108
SKU_046,120,-0.8996643866627179
SKU_046,121,-0.8181111915146247
SKU_046,122,-0.8704235735288756
SKU_046,123,-0.9392731106442235
SKU_046,124,-0.8930301706864052
SKU_046,125,-0.8000084940744739
SKU_046,126,-0.8940827457345292
SKU_046,127,-0.8860862680602081
SKU_046,128,-0.8909600332728655
SKU_046,129,-0.9647034583456249
SKU_046,130,-0.9702246982968391
SKU_046,131,-0.8507543218368949
SKU_046,132,-0.8595302819993857
SKU_046,133,-0.916611003780071
SKU_046,134,-0.8712188208609708
SKU_046,135,-0.9991627651766952
SKU_046,136,-0.9196529406671101
SKU_046,137,-0.8718445453972624
SKU_046,138,-0.9351864753420971
SKU_046,139,-0.8061474896702446
SKU_046,140,-0.879657481888347
SKU_046,141,-0.8670132230753768
SKU_046,142,-0.9356017242620877
SKU_046,143,-0.9263185680397044
SKU_046,144,-0.9257094097723656
SKU_046,145,-0.837670102927074
SKU_046,146,-0.8936156605943106
SKU_046,147,-0.880490036423575
SKU_046,148,-0.7577637090949633
SKU_046,149,-0.8722521333687532
SKU_046,150,-0.9474946128562494
SKU_046,151,-0.9048220274146341
SKU_046,152,-0.8978995167386284
SKU_046,153,-0.9030036068618662
SKU_046,154,-0.9366440499853362
SKU_046,155,-0.9087065639555432
SKU_046,156,-0.8557594031833814
SKU_046,157,-0.937583126813775
SKU_046,158,-0.7922942351199735
SKU_046,159,-0.8889892385051366
SKU_046,160,-0.8752223821418749
SKU_046,161,-0.8093267351705041
SKU_046,162,-0.9806844620387117
SKU_046,163,-0.8446883568753757
SKU_046,164,-0.8606752390995338
SKU_046,165,-0.8039284811462121
SKU_046,166,-0.8635003589748915
SKU_046,167,-0.8873817647126302
SKU_046,168,-0.8487608504937751
SKU_046,169,-0.8951995121122148
SKU_046,170,-0.9026605918170785
SKU_046,171,-0.8371559777046146
SKU_046,172,-0.8441906668805903
SKU_046,173,-0.9182305688091484
SKU_046,174,-0.8522014955719147
SKU_046,175,-0.8451259323206745
SKU_046,176,-0.8638131860569664
SKU_046,177,-0.8828658131227066
SKU_046,178,-0.8196768060104793
SKU_046,179,-0.9276243368740347
SKU_046,180,-0.8983418204792097
SKU_046,181,-0.9592611534828311
SKU_046,182,-0.9207610183255277
SKU_046,183,-0.947171354554128
SKU_046,184,-0.9245351681978323
SKU_046,185,-0.9221460952061681
SKU_046,186,-0.9149028976055998
SKU_046,187,-0.7972019853056095
SKU_046,188,-0.8515039846705638
SKU_046,189,-0.8697330629407029
SKU_046,190,-0.8495216917406239
SKU_046,191,-0.825023733013492
SKU_046,192,-0.8234668795924119
SKU_046,193,-0.9696949275538436
SKU_046,194,-0.861804549645117
SKU_046,195,-0.7669440381759268
SKU_046,196,-0.8849769078271595
SKU_046,197,-0.9163877508381858
SKU_046,198,-1.0219193987117021
SKU_046,199,-0.8753247091599916
SKU_046,200,-0.8716967091322485
SKU_046,201,-0.9196661370430036
SKU_046,202,-0.8953257919659872
SKU_046,203,-0.888512811974855
SKU_046,204,-0.9457128951464447
SKU_046,205,-0.9461189470909805
SKU_046,206,-0.9118449382385906
SKU_046,207,-0.876805911857685
SKU_046,208,-0.8397350901261148
SKU_046,209,-0.7971024409453056
SKU_046,210,-0.8165071755927753
SKU_046,211,-1.0174643357660678
SKU_046,212,-0.9338531111856092
SKU_046,213,-0.9525896193750385
SKU_046,214,-0.8227576192430989
SKU_046,215,-0.6776203669906515
SKU_046,216,-0.9192928451601954
SKU_046,217,-0.8482388825352429
SKU_046,218,-0.9621353435823106
SKU_046,219,-0.9035660544558163
SKU_046,220,-0.9537108344017885
SKU_046,221,-0.886457813121922
SKU_046,222,-0.8939175437917741
SKU_046,223,-0.9258463161276491
SKU_046,224,-0.7737315576306208
SKU_046,225,-0.8792208325327908
SKU_046,226,-0.776317123968726
SKU_046,227,-0.8797486486503068
SKU_046,228,-0.8717536848332766
SKU_046,229,-0.8418361430619598
SKU_046,230,-0.8729518090354379
SKU_046,231,-0.9084883667842474
SKU_046,232,-1.0194621330994567
SKU_046,233,-1.0395465616547994
SKU_046,234,-0.8812305498463662
SKU_046,235,-0.7796917425423068
SKU_046,236,-0.8101841820270465
SKU_046,237,-0.8218643013426374
SKU_046,238,-0.9061654304655071
SKU_046,239,-0.8623472334849961
SKU_046,240,-0.8536616932590005
SKU_046,241,-0.902278492034208
SKU_046,242,-0.8650851649650269
SKU_046,243,-0.9015036569935821
SKU_046,244,-0.9178493151498116
SKU_046,245,-0.9594900887351492
SKU_046,246,-0.8219685288262775
SKU_046,247,-0.8832326999186287
SKU_046,248,-0.9984756693090038
SKU_046,249,-0.8744778547294824
SKU_046,250,-0.9239362643183424
SKU_046,251,-0.8928503466083496
SKU_046,252,-0.8910167557727717
SKU_046,253,-0.8694598805351779
SKU_046,254,-0.7252433971618111
SKU_046,255,-0.916609970538122
SKU_046,256,-0.9340171266504689
SKU_046,257,-0.821913685063004
SKU_046,258,-0.9395330309575404
SKU_046,259,-0.8238954551123109
SKU_046,260,-0.9135532932229893
SKU_046,261,-0.8576390244251231
SKU_046,262,-0.8461905617728349
SKU_046,263,-1.001670686707601
SKU_046,264,-0.9654997615130616
SKU_046,265,-0.9176632631812676
SKU_046,266,-0.865938529354545
SKU_046,267,-1.0356639422898894
SKU_046,268,-0.8689644385675425
SKU_046,269,-0.897494428347746
SKU_046,270,-0.9514245649454399
SKU_046,271,-0.9615815787611558
SKU_046,272,-0.9216338941770922
SKU_046,273,-0.9036564957041053
SKU_046,274,-0.9451010037308166
SKU_046,275,-0.8824705108261546
SKU_046,276,-0.9362055611407737
SKU_046,277,-0.8286697597598571
SKU_046,278,-0.8720102883146904
SKU_046,279,-0.9452489272978861
SKU_046,280,-0.8997483697207309
SKU_046,281,-0.9212689767999883
SKU_046,282,-0.9508726808059134
SKU_046,283,-0.9067305980743875
SKU_046,284,-0.8974376959574757
SKU_046,285,-0.9617794600876061
SKU_046,286,-0.9491115305456578
SKU_046,287,-0.9189312054665438
SKU_046,288,-0.8840118845138321
SKU_046,289,-0.8360474881508652
SKU_046,290,-0.8554146128377281
SKU_046,291,-0.8992230789115662
SKU_046,292,-0.8509906887458106
SKU_046,293,-0.9610711032704965
SKU_046,294,-0.8770516146366171
SKU_046,295,-0.9442501944229219
SKU_046,296,-0.848833232126163
SKU_046,297,-0.917317696367737
SKU_046,298,-0.8636339594331388
SKU_046,299,-1.0091054349204123
SKU_047,0,-2.028965321834918
SKU_047,1,-1.9976767080644449
SKU_047,2,-1.9663019395197563
SKU_047,3,-2.0163309765093493
SKU_047,4,-2.04099880018393
SKU_047,5,-2.0664445098923543
SKU_047,6,-2.0366113014046263
SKU_047,7,-1.971527363460679
SKU_047,8,-2.0831336934842306
SKU_047,9,-2.1519362471347927
SKU_047,10,-2.0961631338348807
SKU_047,11,-1.9930135173224763
SKU_047,12,-2.0297385692792433
SKU_047,13,-2.052176419409755
SKU_047,14,-2.028067503082394
SKU_047,15,-2.0683765565560557
SKU_047,16,-1.9752658822821194
SKU_047,17,-2.0156592866834844
SKU_047,18,-2.121686692279582
SKU_047,19,-1.9731322141198167
SKU_047,20,-1.978652987000073
SKU_047,21,-2.137348028390868
SKU_047,22,-2.0161182514133964
SKU_047,23,-2.073859905178249
SKU_047,24,-2.046794044172962
SKU_047,25,-2.0074020921471263
SKU_047,26,-1.996241933322972
SKU_047,27,-2.0153146063700564
SKU_047,28,-1.9687730350484096
SKU_047,29,-1.9981022868286442
SKU_047,30,-2.0021401074253333
SKU_047,31,-2.0841087422491458
SKU_047,32,-1.9622353887373705
SKU_047,33,-2.087723778556128
SKU_047,34,-2.0346620939564573
SKU_047,35,-2.124416781938792
SKU_047,36,-1.9805238332013075
SKU_047,37,-1.995964691218049
SKU_047,38,-1.963344780368506
SKU_047,39,-2.090116929975891
SKU_047,40,-1.9640320593881757
SKU_047,41,-2.09764314392467
SKU_047,42,-2.0663513447712893
SKU_047,43,-2.1190254002668434
SKU_047,44,-2.012054577797992
SKU_047,45,-2.0145055513922796
SKU_047,46,-2.039051065255411
SKU_047,47,-1.9810595234574468
SKU_047,48,-2.085431082154929
SKU_047,49,-2.076304089745716
SKU_047,50,-1.981741860963591
SKU_047,51,-2.0101740789059774
SKU_047,52,-2.1426793106680035
SKU_047,53,-2.1042702608442516
SKU_047,54,-1.9729639077277774
SKU_047,55,-2.0507493237123575
SKU_047,56,-2.1257473074685582
SKU_047,57,-2.063052089972258
SKU_047,58,-2.0208428798329394
SKU_047,59,-2.0083971192439076
SKU_047,60,-2.0016434312643616
SKU_047,61,-1.948255575470617
SKU_047,62,-1.964227256667237
SKU_047,63,-2.120747316971367
SKU_047,64,-2.01407776767321
SKU_047,65,-2.0221225923178063
SKU_047,66,-2.0505837755809977
SKU_047,67,-1.9721618037238033
SKU_047,68,-1.9822272126200113
SKU_047,69,-2.0261287011638336
SKU_047,70,-2.045769314090329
SKU_047,71,-2.168150142398535
SKU_047,72,-1.9800277656007872
SKU_047,73,-2.066078265370682
SKU_047,74,-1.9510936532009953
SKU_047,75,-2.071157772460683
SKU_047,76,-2.081877374528618
SKU_047,77,-2.0710989634826493
SKU_047,78,-2.0464923719613153
SKU_047,79,-2.1280541533950004
SKU_047,80,-2.0318800972089153
SKU_047,81,-2.088112959094602
SKU_047,82,-2.0823663572153226
SKU_047,83,-2.118847239486277
SKU_047,84,-2.108788053187624
SKU_047,85,-2.1547714367921724
SKU_047,86,-1.9686186788741318
SKU_047,87,-1.9937888780676356
SKU_047,88,-2.0615819775401683
SKU_047,89,-1.9648825781345922
SKU_047,90,-2.0720417511962768
SKU_047,91,-2.183704806655005
SKU_047,92,-2.0750212843966143
SKU_047,93,-2.0275954645094854
SKU_047,94,-2.000170568547338
SKU_047,95,-1.9754118177987556
SKU_047,96,-2.1006680235101123
SKU_047,97,-2.076904605928737
SKU_047,98,-2.010578820962543
SKU_047,99,-1.9880790896648175
SKU_047,100,-1.9949789966411051
SKU_047,101,-2.0165077172723485
SKU_047,102,-2.0420420714105925
SKU_047,103,-2.0074643176721354
SKU_047,104,-2.0685510085026664
SKU_047,105,-2.0322153743230706
SKU_047,106,-2.080647654092754
SKU_047,107,-2.0068049165126816
SKU_047,108,-2.032098760419181
SKU_047,109,-2.0764463251641807
SKU_047,110,-2.019138634524485
SKU_047,111,-2.0174712591998714
SKU_047,112,-2.0952088081402223
SKU_047,113,-2.0716119722799857
SKU_047,114,-2.0235442100681276
SKU_047,115,-2.0272472384667464
SKU_047,116,-1.9560940341982913
SKU_047,117,-2.074797435096967
SKU_047,118,-1.9958131413313314
SKU_047,119,-1.9677822770712365
SKU_047,120,-2.016643286840124
SKU_047,121,-2.0028032277128753
SKU_047,122,-2.0491181518498145
SKU_047,123,-2.006568089034162
SKU_047,124,-2.059386462002757
SKU_047,125,-1.9670230492235046
SKU_047,126,-1.9748614794402322
SKU_047,127,-2.0271480643211306
SKU_047,128,-2.1211001443249016
SKU_047,129,-1.990304154512327
SKU_047,130,-1.9695940387298458
SKU_047,131,-2.0433346579637415
SKU_047,132,-1.9904590745912087
SKU_047,133,-2.005122900443642
SKU_047,134,-1.9805733086250765
SKU_047,135,-1.962754047193465
SKU_047,136,-1.970526996489717
SKU_047,137,-2.0730558650282584
SKU_047,138,-2.060884296640707
SKU_047,139,-1.996230789850934
SKU_047,140,-2.047084291290293
SKU_047,141,-2.0215345029505905
SKU_047,142,-2.0880255834249337
SKU_047,143,-2.0275161067235463
SKU_047,144,-2.0144225000515488
SKU_047,145,-1.9960486898669378
SKU_047,146,-2.065018431707416
SKU_047,147,-1.9370625856179604
SKU_047,148,-2.061798571891599
SKU_047,149,-2.0713432958847293
SKU_047,150,-1.9772381481157715
SKU_047,151,-2.023248334476179
SKU_047,152,-2.0451673623218274
SKU_047,153,-2.061321437052874
SKU_047,154,-2.0912658413256984
SKU_047,155,-1.8618980814972896
SKU_047,156,-2.0863779658572272
SKU_047,157,-2.003237554226674
SKU_047,158,-2.154783657444111
SKU_047,159,-2.0501770044240777
SKU_047,160,-2.027561676330566
SKU_047,161,-2.010337548081565
SKU_047,162,-2.1414803632996913
SKU_047,163,-1.9561347003365355
SKU_047,164,-2.0708771387728953
SKU_047,165,-2.0488454781418173
SKU_047,166,-2.065865825916614
SKU_047,167,-1.9858973038155248
SKU_047,168,-2.034323027503487
SKU_047,169,-2.041321646969467
SKU_047,170,-2.0482729889346807
SKU_047,171,-2.0895113739876505
SKU_047,172,-2.0694218662586263
SKU_047,173,-2.10286741479132
SKU_047,174,-2.030347318317037
SKU_047,175,-1.9970771639897333
SKU_047,176,-2.0104307480108305
SKU_047,177,-1.9598533429855471
SKU_047,178,-1.9497072491148681
SKU_047,179,-2.039592847582886
SKU_047,180,-2.0670224987799197
SKU_047,181,-2.1465288329064927
SKU_047,182,-1.968958164155962
SKU_047,183,-2.061602199025306
SKU_047,184,-2.196720702466951
SKU_047,185,-2.0562055559236665
SKU_047,186,-2.0510934887932777
SKU_047,187,-2.016817933082313
SKU_047,188,-1.9885405610273013
SKU_047,189,-1.9440667745349107
SKU_047,190,-1.954372979158106
SKU_047,191,-2.1197908696224697
SKU_047,192,-2.06049690282124
SKU_047,193,-1.924867032334509
SKU_047,194,-2.051572860023555
SKU_047,195,-2.040244437409124
SKU_047,196,-2.061883831206207
SKU_047,197,-2.07679958537596
SKU_047,198,-2.0496617091012737
SKU_047,199,-1.9767432460872432
SKU_047,200,-2.0806895271760752
SKU_047,201,-1.928329953389102
SKU_047,202,-2.045745306779214
SKU_047,203,-2.1133085879762414
SKU_047,204,-1.9657919152162828
SKU_047,205,-2.0251883586538995
SKU_047,206,-2.007460188192814
SKU_047,207,-2.05894915724911
SKU_047,208,-2.0568176797283626
SKU_047,209,-2.0223938202250187
SKU_047,210,-2.0004525802917095
SKU_047,211,-2.016375840442426
SKU_047,212,-2.101855589367895
SKU_047,213,-2.0363918185945584
SKU_047,214,-2.106269126949279
SKU_047,215,-2.109945842595098
SKU_047,216,-2.0437851105024807
SKU_047,217,-2.0858908583751328
SKU_047,218,-2.15982629307908
SKU_047,219,-2.073550220389898
SKU_047,220,-2.085739150697874
SKU_047,221,-1.9679903595383514
SKU_047,222,-2.0891290217442773
SKU_047,223,-2.0287611783889625
SKU_047,224,-1.9606915713533604
SKU_047,225,-2.0314942070641457
SKU_047,226,-2.0106205256908303
SKU_047,227,-2.023172933893207
SKU_047,228,-2.0621631111205665
SKU_047,229,-2.0988776702077936
SKU_047,230,-1.9735373766968292
SKU_047,231,-2.0316871153584186
SKU_047,232,-2.1285331986177978
SKU_047,233,-2.0257476658938467
SKU_047,234,-2.018206589789202
SKU_047,235,-2.023590033037009
SKU_047,236,-2.036573729879155
SKU_047,237,-1.94807501303187
SKU_047,238,-2.017565090318104
SKU_047,239,-2.033342764185496
SKU_047,240,-2.0425063179350826
SKU_047,241,-2.0594014498455446
SKU_047,242,-2.0192676938560132
SKU_047,243,-2.0762779232654736
SKU_047,244,-2.007698757313229
SKU_047,245,-1.8993210394686704
SKU_047,246,-2.0080365369899975
SKU_047,247,-2.0048570865097046
SKU_047,248,-1.9943089368577482
SKU_047,249,-2.0597984112837855
SKU_047,250,-2.0125526540101477
SKU_047,251,-2.1154254566874857
SKU_047,252,-2.023397836317251
SKU_047,253,-2.0275873305489553
SKU_047,254,-2.0079914450958807
SKU_047,255,-2.0680881060048146
SKU_047,256,-2.080412069888844
SKU_047,257,-1.9498199112268262
SKU_047,258,-2.0554610281807038
SKU_047,259,-2.0488113084215396
SKU_047,260,-2.0957857387758967
SKU_047,261,-2.108258506242063
SKU_047,262,-2.0953328975720114
SKU_047,263,-2.062754816234391
SKU_047,264,-1.9735699419310713
SKU_047,265,-2.039450345399272
SKU_047,266,-2.033383277783914
SKU_047,267,-2.1165497824911683
SKU_047,268,-2.0936802136677475
SKU_047,269,-2.0904446145228492
SKU_047,270,-2.0357907591873254
SKU_047,271,-2.111879335192642
SKU_047,272,-2.034182697514656
SKU_047,273,-2.0016572330208597
SKU_047,274,-1.9310491735123518
SKU_047,275,-2.0034986467126044
SKU_047,276,-2.1193019090786733
SKU_047,277,-1.9879067730363043
SKU_047,278,-2.0043845041301136
SKU_047,279,-2.0412178639170775
SKU_047,280,-2.04997107941712
SKU_047,281,-1.9390314994051843
SKU_047,282,-1.9850333511496607
SKU_047,283,-2.022414323397914
SKU_047,284,-2.0075047632077347
SKU_047,285,-2.071218051992582
SKU_047,286,-2.0365961263751715
SKU_047,287,-2.035937341645976
SKU_047,288,-2.11581561194675
SKU_047,289,-1.9214988513008753
SKU_047,290,-2.1551164265267624
SKU_047,291,-2.061249778488644
SKU_047,292,-2.088968128320941
SKU_047,293,-2.0422294020877936
SKU_047,294,-2.015802498629661
SKU_047,295,-2.072287054161182
SKU_047,296,-2.0810365203786425
SKU_047,297,-2.0515852044537928
SKU_047,298,-2.0462411200723447
SKU_047,299,-2.073451914626437
SKU_048,0,-2.0736463179267868
SKU_048,1,-1.9631399088144712
SKU_048,2,-1.9806890891089863
SKU_048,3,-1.9752029841441763
SKU_048,4,-1.995331591396324
SKU_048,5,-1.9646591586560271
SKU_048,6,-2.067968577477644
SKU_048,7,-1.9472367440063223
SKU_048,8,-2.027256478711982
SKU_048,9,-2.154386021800796
SKU_048,10,-2.0995165688857376
SKU_048,11,-1.992622164438778
SKU_048,12,-2.067197297863346
SKU_048,13,-2.0366841064767187
SKU_048,14,-2.020526702631088
SKU_048,15,-2.057829582204922
SKU_048,16,-2.0131356112407985
SKU_048,17,-2.023472621606134
SKU_048,18,-2.119860823014564
SKU_048,19,-2.0591532563548256
SKU_048,20,-1.98557576713592
SKU_048,21,-2.001191902908993
SKU_048,22,-2.0123122758054914
SKU_048,23,-1.9349795940028673
SKU_048,24,-2.0700118527620694
SKU_048,25,-1.9960895561714445
SKU_048,26,-2.0139346024184297
SKU_048,27,-2.0084659655589228
SKU_048,28,-1.9692432659942087
SKU_048,29,-2.0019769839219745
SKU_048,30,-1.9995001621964132
SKU_048,31,-2.0915385056567253
SKU_048,32,-1.9601338852732724
SKU_048,33,-2.0901790846012176
SKU_048,34,-2.0311987283594326
SKU_048,35,-2.02882456657358
SKU_048,36,-1.9705467993068715
SKU_048,37,-2.0925176639072736
SKU_048,38,-1.9482679187345995
SKU_048,39,-2.032840930814676
SKU_048,40,-1.9993176629982392
SKU_048,41,-2.107533086153573
SKU_048,42,-2.061507038155939
SKU_048,43,-2.160449100934926
SKU_048,44,-2.0208567366411763
SKU_048,45,-1.978802871348922
SKU_048,46,-2.043676919802663
SKU_048,47,-2.1063669635091733
SKU_048,48,-2.0832586287849884
SKU_048,49,-1.9931974958932606
SKU_048,50,-2.04249436598418
SKU_048,51,-2.003392280410954
SKU_048,52,-2.1383565653700094
SKU_048,53,-2.136990039452237
SKU_048,54,-1.9977367631825353
SKU_048,55,-2.05187488630655
SKU_048,56,-2.0798391472692366
SKU_048,57,-2.061365418366698
SKU_048,58,-2.0055082567653493
SKU_048,59,-2.0841136226884314
SKU_048,60,-2.0040506640254288
SKU_048,61,-2.023608833554066
SKU_048,62,-1.9999575507062275
SKU_048,63,-2.0968981353159486
SKU_048,64,-2.0236064736188557
SKU_048,65,-2.008943358240716
SKU_048,66,-2.057654968883996
SKU_048,67,-1.9998984270671696
SKU_048,68,-2.0689145321973297
SKU_048,69,-1.9954073638770917
SKU_048,70,-2.076792747265606
SKU_048,71,-2.1098152332001345
SKU_048,72,-2.0032822902548895
SKU_048,73,-2.0435628244084993
SKU_048,74,-2.0348682011513137
SKU_048,75,-2.070157083832659
SKU_048,76,-2.078701838531853
SKU_048,77,-2.0796004500746412
SKU_048,78,-2.1099098183955345
SKU_048,79,-2.0787351390816067
SKU_048,80,-2.0066429121658342
SKU_048,81,-2.085326808705537
SKU_048,82,-2.11104624111348
SKU_048,83,-2.077832498290168
SKU_048,84,-2.10702905599368
SKU_048,85,-2.1465249812098186
SKU_048,86,-1.9488726926447275
SKU_048,87,-2.01660070368121
SKU_048,88,-2.09199859098868
SKU_048,89,-1.9741045814487432
SKU_048,90,-2.0771758339551734
SKU_048,91,-2.0641231201602155
SKU_048,92,-2.0662626692560315
SKU_048,93,-2.0276376280301656
SKU_048,94,-2.033905063530305
SKU_048,95,-1.9831419502367507
SKU_048,96,-1.9779116209420096
SKU_048,97,-2.0638674817204588
SKU_048,98,-2.024719198241664
SKU_048,99,-1.9889572955078627
SKU_048,100,-2.066455030996837
SKU_048,101,-2.038958078399197
SKU_048,102,-2.0603453825532707
SKU_048,103,-2.038883946663867
SKU_048,104,-2.0507064183768096
SKU_048,105,-2.05633498211974
SKU_048,106,-2.089793058245796
SKU_048,107,-2.0230438389516947
SKU_048,108,-2.1208118794600885
SKU_048,109,-2.0589971547172223
SKU_048,110,-1.992308722696408
SKU_048,111,-2.0168183266286426
SKU_048,112,-2.083751125525658
SKU_048,113,-2.059508837500042
SKU_048,114,-2.0277970656243833
SKU_048,115,-2.0466835329227306
SKU_048,116,-2.026828914696291
SKU_048,117,-2.080249154945525
SKU_048,118,-1.9368239788581092
SKU_048,119,-2.0992727841791847
SKU_048,120,-2.0170361998399033
SKU_048,121,-2.0023081997518366
SKU_048,122,-2.0555343872609573
SKU_048,123,-1.8943117524868789
SKU_048,124,-2.0553856255988427
SKU_048,125,-1.9274091947766168
SKU_048,126,-2.012233567027378
SKU_048,127,-2.0259215312297068
SKU_048,128,-2.047903032370128
SKU_048,129,-2.0208925593643157
SKU_048,130,-1.9776067062721052
SKU_048,131,-2.039577280081598
SKU_048,132,-2.041988625431617
SKU_048,133,-2.0047910106146127
SKU_048,134,-1.9912817164494507
SKU_048,135,-1.95080780546655
SKU_048,136,-1.9943473398629992
SKU_048,137,-2.0658142618711874
SKU_048,138,-2.0290485135306455
SKU_048,139,-2.0207689744638304
SKU_048,140,-2.0467079351475963
SKU_048,141,-2.0073682312464154
SKU_048,142,-2.068344819839418
SKU_048,143,-2.019247124209527
SKU_048,144,-1.9872389260904557
SKU_048,145,-1.9997871982829356
SKU_048,146,-2.0369105109133194
SKU_048,147,-1.9747589755793882
SKU_048,148,-2.0469074297091363
SKU_048,149,-2.074497855892149
SKU_048,150,-1.995793462258233
SKU_048,151,-2.0363827471295526
SKU_048,152,-2.0041354605564896
SKU_048,153,-2.0549541834518585
SKU_048,154,-1.938837841373262
SKU_048,155,-1.9661725768957516
SKU_048,156,-2.097487018642563
SKU_048,157,-2.050778152516083
SKU_048,158,-2.0479133832170517
SKU_048,159,-2.04965943282454
SKU_048,160,-2.0335929225269544
SKU_048,161,-2.0105038081827358
SKU_048,162,-2.0542052046325834
SKU_048,163,-2.008850336386504
SKU_048,164,-2.057351988462418
SKU_048,165,-2.064891227540452
SKU_048,166,-2.099075131621478
SKU_048,167,-2.057035223295746
SKU_048,168,-2.1108657490174823
SKU_048,169,-2.014268223656856
SKU_048,170,-2.0434164552882286
SKU_048,171,-2.049913698112283
SKU_048,172,-2.0623130309698876
SKU_048,173,-2.101725640676361
SKU_048,174,-2.0139294288746785
SKU_048,175,-1.9773229625808717
SKU_048,176,-2.0109336103713518
SKU_048,177,-1.9805114948956901
SKU_048,178,-1.9606866603739344
SKU_048,179,-2.0648621010315624
SKU_048,180,-2.023804644668999
SKU_048,181,-2.1205476969389534
SKU_048,182,-2.00479840953888
SKU_048,183,-2.006451535409151
SKU_048,184,-2.151612124767023
SKU_048,185,-2.110360838636762
SKU_048,186,-2.071360848329725
SKU_048,187,-2.049224386250444
SKU_048,188,-1.9855615870479975
SKU_048,189,-1.9926069367804708
SKU_048,190,-1.9468099879329304
SKU_048,191,-2.113124601839672
SKU_048,192,-2.030829472586046
SKU_048,193,-1.9225561386849281
SKU_048,194,-2.031176758782704
SKU_048,195,-2.0704066569049164
SKU_048,196,-2.04565097861627
SKU_048,197,-2.0817332774483392
SKU_048,198,-2.151923449188537
SKU_048,199,-1.9761665641087112
SKU_048,200,-2.0760440937471896
SKU_048,201,-1.8755948898684784
SKU_048,202,-2.0293980612688993
SKU_048,203,-2.0871562880656396
SKU_048,204,-1.9862535636516707
SKU_048,205,-2.0611819993400866
SKU_048,206,-1.9349168585911234
SKU_048,207,-2.116068274213155
SKU_048,208,-2.0457191973411315
SKU_048,209,-2.122348519968687
SKU_048,210,-2.0170296142598048
SKU_048,211,-2.044174443589263
SKU_048,212,-2.0187465598160004
SKU_048,213,-2.0338693275816215
SKU_048,214,-2.1036004864018003
SKU_048,215,-2.027903410881092
SKU_048,216,-2.055493483669702
SKU_048,217,-2.0618219477495647
SKU_048,218,-2.225061878584948
SKU_048,219,-2.0265247279987517
SKU_048,220,-2.082241366211647
SKU_048,221,-1.9695429313332542
SKU_048,222,-2.1238859743748
SKU_048,223,-2.0614296715133533
SKU_048,224,-2.0072637372081985
SKU_048,225,-2.1439722068329186
SKU_048,226,-2.0193278513883444
SKU_048,227,-2.024027113922498
SKU_048,228,-2.039101416106907
SKU_048,229,-2.400499415446607
SKU_048,230,-1.9729646833252412
SKU_048,231,-1.9644333003454961
SKU_048,232,-1.9740294652700916
SKU_048,233,-2.0906253292660244
SKU_048,234,-2.016237070716619
SKU_048,235,-2.0556160423250196
SKU_048,236,-2.0188979591473024
SKU_048,237,-1.965007439158136
SKU_048,238,-2.024243534532919
SKU_048,239,-2.0321557461605946
SKU_048,240,-2.013873965949106
SKU_048,241,-2.085778586117674
SKU_048,242,-2.0254207988606168
SKU_048,243,-2.0779019597631128
SKU_048,244,-2.064608656941831
SKU_048,245,-1.9654738114002273
SKU_048,246,-2.0551313691623676
SKU_048,247,-2.0026645299976864
SKU_048,248,-2.01939045877706
SKU_048,249,-2.061401695623505
SKU_048,250,-2.042180976175355
SKU_048,251,-2.1005480414624715
SKU_048,252,-2.0408989087894276
SKU_048,253,-2.0586838811377177
SKU_048,254,-2.020518498162346
SKU_048,255,-2.0839459198895494
SKU_048,256,-2.068998866538727
SKU_048,257,-1.961491101487962
SKU_048,258,-2.1188325147568614
SKU_048,259,-2.0397637856490363
SKU_048,260,-2.026229956516545
SKU_048,261,-2.0315519586784587
SKU_048,262,-2.120496751426233
SKU_048,263,-2.0330552376738513
SKU_048,264,-2.0689604859743764
SKU_048,265,-1.9723705869701484
SKU_048,266,-1.9610305941118207
SKU_048,267,-2.1694518999342387
SKU_048,268,-2.0964946564483675
SKU_048,269,-2.0740651705627706
SKU_048,270,-2.107897245453212
SKU_048,271,-2.1256243658972847
SKU_048,272,-2.0631305904754833
SKU_048,273,-1.8639330484708478
SKU_048,274,-1.926403482432282
SKU_048,275,-1.9176947181345432
SKU_048,276,-2.1217240616447537
SKU_048,277,-1.9947931930047682
SKU_048,278,-2.0024228635526837
SKU_048,279,-2.0760444059296557
SKU_048,280,-2.0323298485806465
SKU_048,281,-1.8793490003581812
SKU_048,282,-1.9888088345114654
SKU_048,283,-2.034640906433884
SKU_048,284,-2.0132423310185277
SKU_048,285,-2.064779181678314
SKU_048,286,-2.040646264465926
SKU_048,287,-2.0491638935715772
SKU_048,288,-2.120502296827419
SKU_048,289,-1.914171016124342
SKU_048,290,-2.0359099053541057
SKU_048,291,-2.079181560887192
SKU_048,292,-2.0550726640727732
SKU_048,293,-2.0427130555158
SKU_048,294,-1.9727661042194131
SKU_048,295,-2.0760616075483673
SKU_048,296,-2.0896182643144354
SKU_048,297,-2.2305973553277747
SKU_048,298,-2.047831313088801
SKU_048,299,-2.0799120966461677
SKU_049,0,-1.3113263916867548
SKU_049,1,-1.3031679802408191
SKU_049,2,-1.2163067137512853
SKU_049,3,-1.2831150657444421
SKU_049,4,-1.242504314735249
SKU_049,5,-1.3037932572130297
SKU_049,6,-1.2461576147644227
SKU_049,7,-1.281371911126382
SKU_049,8,-1.2294605698915442
SKU_049,9,-1.2028587456309896
SKU_049,10,-1.237712857367381
SKU_049,11,-1.268216593347808
SKU_049,12,-1.2422379942246902
SKU_049,13,-1.262095221489616
SKU_049,14,-1.2886881613260748
SKU_049,15,-1.2714611514468996
SKU_049,16,-1.2302748039533395
SKU_049,17,-1.1098042541855442
SKU_049,18,-1.1609889220584888
SKU_049,19,-1.2325648252517407
SKU_049,20,-1.2443016410430516
SKU_049,21,-1.226735485976416
SKU_049,22,-1.2408766738264103
SKU_049,23,-1.2973910791357346
SKU_049,24,-1.2596814052102667
SKU_049,25,-1.2174926568108304
SKU_049,26,-1.285850135756924
SKU_049,27,-1.252241211960891
SKU_049,28,-1.261474984598622
SKU_049,29,-1.2908966083396862
SKU_049,30,-1.210706374688349
SKU_049,31,-1.216841693566589
SKU_049,32,-1.2431923657036927
SKU_049,33,-1.2763625237293743
SKU_049,34,-1.1910151525719548
SKU_049,35,-1.3481415449226868
SKU_049,36,-1.3150468657128447
SKU_049,37,-1.2764423344991496
SKU_049,38,-1.2897304340460054
SKU_049,39,-1.3611161006177699
SKU_049,40,-1.2809588365738123
SKU_049,41,-1.3145094547074647
SKU_049,42,-1.2857916016794875
SKU_049,43,-1.2171828811587173
SKU_049,44,-1.17601087606556
SKU_049,45,-1.2492001483917765
SKU_049,46,-1.3075281686331999
SKU_049,47,-1.2584375806335903
SKU_049,48,-1.2303100112997842
SKU_049,49,-1.207187882598961
SKU_049,50,-1.2876582269004349
SKU_049,51,-1.2347312080494917
SKU_049,52,-1.2283178058778426
SKU_049,53,-1.3034545228907306
SKU_049,54,-1.3383741105364497
SKU_049,55,-1.2306081935262023
SKU_049,56,-1.334833839235715
SKU_049,57,-1.2328282295646518
SKU_049,58,-1.2793819228572436
SKU_049,59,-1.2641197794557821
SKU_049,60,-1.2555766891995186
SKU_049,61,-1.2025908361576179
SKU_049,62,-1.241731430030865
SKU_049,63,-1.2502838538037744
SKU_049,64,-1.2677830836166948
SKU_049,65,-1.3182902605498157
SKU_049,66,-1.2350088279280047
SKU_049,67,-1.2554436545407213
SKU_049,68,-1.2390824874755062
SKU_049,69,-1.374035102471956
SKU_049,70,-1.2722315003198155
SKU_049,71,-1.1713009131254408
SKU_049,72,-1.1591474393694727
SKU_049,73,-1.313757602212208
SKU_049,74,-1.246379688479078
SKU_049,75,-1.1742173230091337
SKU_049,76,-1.2782237875269915
SKU_049,77,-1.2672458166633622
SKU_049,78,-1.1514405119854518
SKU_049,79,-1.31417029362241
SKU_049,80,-1.2853572570093938
SKU_049,81,-1.215205103657727
SKU_049,82,-1.2471282825674213
SKU_049,83,-1.3168958213916966
SKU_049,84,-1.2354098253341106
SKU_049,85,-1.2372991617239215
SKU_049,86,-1.2464980704557467
SKU_049,87,-1.3473205838159181
SKU_049,88,-1.2599098277734972
SKU_049,89,-1.2527623084511716
SKU_049,90,-1.2979166033800518
SKU_049,91,-1.2781525994275023
SKU_049,92,-1.3068705425340605
SKU_049,93,-1.3190939882903228
SKU_049,94,-1.3677569410449582
SKU_049,95,-1.3381491663907816
SKU_049,96,-1.1280565018436894
SKU_049,97,-1.286104837056304
SKU_049,98,-1.1998179373955211
SKU_049,99,-1.2367941164826142
SKU_049,100,-1.2356400057637602
SKU_049,101,-1.1495137436310228
SKU_049,102,-1.2474436381884735
SKU_049,103,-1.2625339237563735
SKU_049,104,-1.3282797384258522
SKU_049,105,-1.2331835912010387
SKU_049,106,-1.2743562103279074
SKU_049,107,-1.2102843010803257
SKU_049,108,-1.2099167822166226
SKU_049,109,-1.2626505042180947
SKU_049,110,-1.210894155696719
SKU_049,111,-1.2920157909651364
SKU_049,112,-1.310821873405898
SKU_049,113,-1.3980426517542524
SKU_049,114,-1.2514458222405587
SKU_049,115,-1.179817407329082
SKU_049,116,-1.2477487983092934
SKU_049,117,-1.2597568546755975
SKU_049,118,-1.0613016022508222
SKU_049,119,-1.2627141923768461
SKU_049,120,-1.2703688115004828
SKU_049,121,-1.2666469577503043
SKU_049,122,-1.3155131004175722
SKU_049,123,-1.2961488955763423
SKU_049,124,-1.217991481906392
SKU_049,125,-1.1919614192144128
SKU_049,126,-1.2181082997402088
SKU_049,127,-1.170743114653064
SKU_049,128,-1.1561382394695758
SKU_049,129,-1.2698369031878294
SKU_049,130,-1.296459975768243
SKU_049,131,-1.195082363434449
SKU_049,132,-1.2479774775968422
SKU_049,133,-1.2935122599976974
SKU_049,134,-1.1610233908459098
SKU_049,135,-1.2999561574074208
SKU_049,136,-1.3288275551861246
SKU_049,137,-1.1977135002063501
SKU_049,138,-1.182719217884672
SKU_049,139,-1.2326829371377446
SKU_049,140,-1.225576506785272
SKU_049,141,-1.2525689467114478
SKU_049,142,-1.2584034943192004
SKU_049,143,-1.2199950655915797
SKU_049,144,-1.245467474382619
SKU_049,145,-1.2685717369782186
SKU_049,146,-1.2612473738045458
SKU_049,147,-1.2615283886194797
SKU_049,148,-1.252243999805515
SKU_049,149,-1.244172202388754
SKU_049,150,-1.215620874044744
SKU_049,151,-1.2143634055303387
SKU_049,152,-1.231787159606278
SKU_049,153,-1.2256043485963246
SKU_049,154,-1.1554089383817114
SKU_049,155,-1.217550290743795
SKU_049,156,-1.3024818463202004
SKU_049,157,-1.2109596947707744
SKU_049,158,-1.3327708479190885
SKU_049,159,-1.2895577154529239
SKU_049,160,-1.2724557819466351
SKU_049,161,-1.3098905715633289
SKU_049,162,-1.3019098145928314
SKU_049,163,-1.230719971435566
SKU_049,164,-1.21670569406793
SKU_049,165,-1.2032248587395546
SKU_049,166,-1.2882618004761832
SKU_049,167,-1.1586405171686514
SKU_049,168,-1.298352572009936
SKU_049,169,-1.3509413825281924
SKU_049,170,-1.2500096022187603
SKU_049,171,-1.1815811636129043
SKU_049,172,-1.2240830633179747
SKU_049,173,-1.1653966008267704
SKU_049,174,-1.2949108980290711
SKU_049,175,-1.2351090422322422
SKU_049,176,-1.2378970854359146
SKU_049,177,-1.1912670853238052
SKU_049,178,-1.3626501929203203
SKU_049,179,-1.3617274823356589
SKU_049,180,-1.2411496834482234
SKU_049,181,-1.2779154545327847
SKU_049,182,-1.387272519418818
SKU_049,183,-1.3497000208319863
SKU_049,184,-1.2537874083038587
SKU_049,185,-1.2470955775479644
SKU_049,186,-1.3815413932077396
SKU_049,187,-1.2170427309972127
SKU_049,188,-1.2940443615956778
SKU_049,189,-1.2022022470932339
SKU_049,190,-1.3563460678554051
SKU_049,191,-1.2355852901727
SKU_049,192,-1.2727841291799589
SKU_049,193,-1.3007263729867198
SKU_049,194,-1.2010620803991976
SKU_049,195,-1.204549258083176
SKU_049,196,-1.3140374001839858
SKU_049,197,-1.3395343517827143
SKU_049,198,-1.240226739601533
SKU_049,199,-1.2805862850854768
SKU_049,200,-1.2548686771515676
SKU_049,201,-1.236993841781265
SKU_049,202,-1.2447785177507187
SKU_049,203,-1.2439185590964776
SKU_049,204,-1.165223175661049
SKU_049,205,-1.263047328507416
SKU_049,206,-1.1198526835358416
SKU_049,207,-1.2325549795966655
SKU_049,208,-1.2368518722423099
SKU_049,209,-1.2530173840411687
SKU_049,210,-1.2054444813151548
SKU_049,211,-1.22732399577983
SKU_049,212,-1.2673482776635716
SKU_049,213,-1.2323430968672286
SKU_049,214,-1.207625116184421
SKU_049,215,-1.3164742567461145
SKU_049,216,-1.2457066789581894
SKU_049,217,-1.203771331207432
SKU_049,218,-1.3683779796223727
SKU_049,219,-1.3071541016590547
SKU_049,220,-1.214179069999997
SKU_049,221,-1.273201124346012
SKU_049,222,-1.155873357283623
SKU_049,223,-1.2053383137155618
SKU_049,224,-1.3214218678176022
SKU_049,225,-1.237508694664691
SKU_049,226,-1.29845001811638
SKU_049,227,-1.314410525791894
SKU_049,228,-1.3078998531694361
SKU_049,229,-1.2912929315465589
SKU_049,230,-1.2322881428667996
SKU_049,231,-1.2948393996688832
SKU_049,232,-1.232822135713457
SKU_049,233,-1.2303145477511237
SKU_049,234,-1.2637613876612808
SKU_049,235,-1.233325673099914
SKU_049,236,-1.3109665603982688
SKU_049,237,-1.3140193842355874
SKU_049,238,-1.1945043570230731
SKU_049,239,-1.228529674150627
SKU_049,240,-1.3111205472491807
SKU_049,241,-1.3710157248302497
SKU_049,242,-1.2163186505649797
SKU_049,243,-1.235954814279871
SKU_049,244,-1.2469962384231505
SKU_049,245,-1.1849476315312921
SKU_049,246,-1.240626630717657
SKU_049,247,-1.17034437235578
SKU_049,248,-1.2540608301766396
SKU_049,249,-1.2232510746634357
SKU_049,250,-1.2524130412873644
SKU_049,251,-1.2616002181451538
SKU_049,252,-1.2523641822720544
SKU_049,253,-1.1864164282188383
SKU_049,254,-1.2364027341506296
SKU_049,255,-1.1935556435127987
SKU_049,256,-1.2814237066603926
SKU_049,257,-1.2740768690670359
SKU_049,258,-1.1583701935666706
SKU_049,259,-1.296360236387519
SKU_049,260,-1.2142406797713026
SKU_049,261,-1.290482798310835
SKU_049,262,-1.329043129119731
SKU_049,263,-1.243281727940867
SKU_049,264,-1.444784495893884
SKU_049,265,-1.3820410640850125
SKU_049,266,-1.3487755761295792
SKU_049,267,-1.2229808851419313
SKU_049,268,-1.2299074498389813
SKU_049,269,-1.2023937191430543
SKU_049,270,-1.2247553932933268
SKU_049,271,-1.2949127402052452
SKU_049,272,-1.204546526771829
SKU_049,273,-1.154404190671823
SKU_049,274,-1.298048483594415
SKU_049,275,-1.1737778971337265
SKU_049,276,-1.2551110679161381
SKU_049,277,-1.328957857629723
SKU_049,278,-1.2184492857101656
SKU_049,279,-1.1672566404938405
SKU_049,280,-1.20707410593275
SKU_049,281,-1.2418402819900625
SKU_049,282,-1.1011298058058212
SKU_049,283,-1.2448157642564857
SKU_049,284,-1.2515014382846348
SKU_049,285,-1.222442338454584
SKU_049,286,-1.1930840215941487
SKU_049,287,-1.240163508297537
SKU_049,288,-1.2477278638152087
SKU_049,289,-1.2466165294521134
SKU_049,290,-1.2750409434837753
SKU_049,291,-1.220179935023787
SKU_049,292,-1.218919604531254
SKU_049,293,-1.189206691146066
SKU_049,294,-1.2576037590838398
SKU_049,295,-1.201411196216493
SKU_049,296,-1.2177421095743994
SKU_049,297,-1.1949189863701293
SKU_049,298,-1.232617437067942
SKU_049,299,-1.2065445550055072
SKU_050,0,-1.1753003948635081
SKU_050,1,-1.2738977695793325
SKU_050,2,-1.2454666654672728
SKU_050,3,-1.3312938354017447
SKU_050,4,-1.1979597857977369
SKU_050,5,-1.3291333157998202
SKU_050,6,-1.206595866971519
SKU_050,7,-1.2336863764779327
SKU_050,8,-1.218122181373344
SKU_050,9,-1.2023460413408682
SKU_050,10,-1.2362975470570838
SKU_050,11,-1.2684545148558515
SKU_050,12,-1.2730903530590354
SKU_050,13,-1.256617222509864
SKU_050,14,-1.2936542944135243
SKU_050,15,-1.2670496130299627
SKU_050,16,-1.2491170845852686
SKU_050,17,-1.1678302811652874
SKU_050,18,-1.1532246986742385
SKU_050,19,-1.1362300985270877
SKU_050,20,-1.215800346374913
SKU_050,21,-1.2581313599899295
SKU_050,22,-1.2411066665645234
SKU_050,23,-1.2539603637025143
SKU_050,24,-1.2378968554421372
SKU_050,25,-1.2210782476030742
SKU_050,26,-1.2101172607674366
SKU_050,27,-1.3012608888279313
SKU_050,28,-1.2682920438331788
SKU_050,29,-1.2919706493118734
SKU_050,30,-1.207409608077443
SKU_050,31,-1.2221705856712266
SKU_050,32,-1.2417205114221403
SKU_050,33,-1.2969869624403603
SKU_050,34,-1.150836837451264
SKU_050,35,-1.3313082832185328
SKU_050,36,-1.3098440147300183
SKU_050,37,-1.2212180440945328
SKU_050,38,-1.2861346991932006
SKU_050,39,-1.229574239589405
SKU_050,40,-1.2287234063379309
SKU_050,41,-1.303472493427523
SKU_050,42,-1.2830923944664094
SKU_050,43,-1.3022287054465524
SKU_050,44,-1.1856673449002
SKU_050,45,-1.2730976015387567
SKU_050,46,-1.3025930051383472
SKU_050,47,-1.1354274248987661
SKU_050,48,-1.2535469245285502
SKU_050,49,-1.1241112332184862
SKU_050,50,-1.2837883576179319
SKU_050,51,-1.2381833195344016
SKU_050,52,-1.2280693344275215
SKU_050,53,-1.2719260259348864
SKU_050,54,-1.3557039518264118
SKU_050,55,-1.2228349630812625
SKU_050,56,-1.2486273882977184
SKU_050,57,-1.3119070661896874
SKU_050,58,-1.3125897995985605
SKU_050,59,-1.2291349018678028
SKU_050,60,-1.2609050117273144
SKU_050,61,-1.1861988675791992
SKU_050,62,-1.269372526912818
SKU_050,63,-1.2393258076926172
SKU_050,64,-1.1456229103816769
SKU_050,65,-1.2668804747803573
SKU_050,66,-1.2416412748650096
SKU_050,67,-1.2228856853226098
SKU_050,68,-1.057910132210994
SKU_050,69,-1.1539787655723153
SKU_050,70,-1.244842721775335
SKU_050,71,-1.175159300639408
SKU_050,72,-1.2964233337971707
SKU_050,73,-1.2828690227387298
SKU_050,74,-1.147229083291325
SKU_050,75,-1.166321670735466
SKU_050,76,-1.2713580340593855
SKU_050,77,-1.2614776314551415
SKU_050,78,-1.1666625882102795
SKU_050,79,-1.2954922351064848
SKU_050,80,-1.2781436121126122
SKU_050,81,-1.2284345286332239
SKU_050,82,-1.2409896309367223
SKU_050,83,-1.2126754222738167
SKU_050,84,-1.2468395974514368
SKU_050,85,-1.1390352018521022
SKU_050,86,-1.1669527115137777
SKU_050,87,-1.2182940812869711
SKU_050,88,-1.2556288240175932
SKU_050,89,-1.2290610390068692
SKU_050,90,-1.2797512081947464
SKU_050,91,-1.3506466308803926
SKU_050,92,-1.3111385130053181
SKU_050,93,-1.2953842356150336
SKU_050,94,-1.2318901506674704
SKU_050,95,-1.3291525723983815
SKU_050,96,-1.1677183630754249
SKU_050,97,-1.2798694961919812
SKU_050,98,-1.2146042884512103
SKU_050,99,-1.2408270618476236
SKU_050,100,-1.1874614371268286
SKU_050,101,-1.1073500751328063
SKU_050,102,-1.2432024796586552
SKU_050,103,-1.2333421311729065
SKU_050,104,-1.2573797601964642
SKU_050,105,-1.2644034969491995
SKU_050,106,-1.2863661891852587
SKU_050,107,-1.2518266241676133
SKU_050,108,-1.237717100421777
SKU_050,109,-1.252883667836718
SKU_050,110,-1.2105267795332892
SKU_050,111,-1.2913083047437812
SKU_050,112,-1.3108745907601007
SKU_050,113,-1.387316404769727
SKU_050,114,-1.2483722005351747
SKU_050,115,-1.171248489357008
SKU_050,116,-1.2656275597775408
SKU_050,117,-1.2070124277257996
SKU_050,118,-1.1301177070262138
SKU_050,119,-1.2561015735106424
SKU_050,120,-1.2710826566296427
SKU_050,121,-1.2630082786895325
SKU_050,122,-1.2002587665126037
SKU_050,123,-1.2647920320714419
SKU_050,124,-1.2376495741859654
SKU_050,125,-1.1891558784669878
SKU_050,126,-1.270314129978618
SKU_050,127,-1.1820650901984404
SKU_050,128,-1.2599376164838516
SKU_050,129,-1.2731939239683439
SKU_050,130,-1.1652532030018947
SKU_050,131,-1.1931935021103401
SKU_050,132,-1.2334782554739907
SKU_050,133,-1.2859425404473332
SKU_050,134,-1.1864649550040944
SKU_050,135,-1.3002919106493296
SKU_050,136,-1.3003604465940637
SKU_050,137,-1.1974454219827144
SKU_050,138,-1.1865021896568537
SKU_050,139,-1.2543707421833068
SKU_050,140,-1.2259646026105464
SKU_050,141,-1.2375630937436204
SKU_050,142,-1.218010339747237
SKU_050,143,-1.227769086238029
SKU_050,144,-1.1877813904896328
SKU_050,145,-1.2699083974477583
SKU_050,146,-1.3250132262996959
SKU_050,147,-1.3787413802481818
SKU_050,148,-1.2763095268362408
SKU_050,149,-1.3214321476743387
SKU_050,150,-1.2306790322271535
SKU_050,151,-1.1958701834319652
SKU_050,152,-1.247208668812742
SKU_050,153,-1.2290777152702168
SKU_050,154,-1.1864885681579391
SKU_050,155,-1.2319583691529774
SKU_050,156,-1.1819290123430715
SKU_050,157,-1.2046065717854109
SKU_050,158,-1.2826914736726323
SKU_050,159,-1.2725330899340617
SKU_050,160,-1.2660085956827853
SKU_050,161,-1.3101610018682839
SKU_050,162,-1.2926740539773722
SKU_050,163,-1.2309994743334578
SKU_050,164,-1.2227057697050159
SKU_050,165,-1.1890963908769108
SKU_050,166,-1.2213013864996252
SKU_050,167,-1.1674746256144077
SKU_050,168,-1.2574118329872719
SKU_050,169,-1.225632970360347
SKU_050,170,-1.2501356894066245
SKU_050,171,-1.263641357196271
SKU_050,172,-1.2261993637928683
SKU_050,173,-1.1559215914790193
SKU_050,174,-1.3010050227482588
SKU_050,175,-1.2339185907646881
SKU_050,176,-1.2329791399700922
SKU_050,177,-1.2148827026770386
SKU_050,178,-1.31579960779292
SKU_050,179,-1.3676557954866706
SKU_050,180,-1.2561264920021473
SKU_050,181,-1.3177470944548348
SKU_050,182,-1.1527688918185524
SKU_050,183,-1.3296695619340477
SKU_050,184,-1.2577111091456987
SKU_050,185,-1.2857051712538559
SKU_050,186,-1.2792737058793668
SKU_050,187,-1.2300410678162432
SKU_050,188,-1.2864348137298232
SKU_050,189,-1.2502858380348103
SKU_050,190,-1.2845265572538147
SKU_050,191,-1.2364225367565218
SKU_050,192,-1.2821382787905466
SKU_050,193,-1.2578267666223049
SKU_050,194,-1.2145514381593343
SKU_050,195,-1.200969962052048
SKU_050,196,-1.3133774386432684
SKU_050,197,-1.3394543277015913
SKU_050,198,-1.1449390146333167
SKU_050,199,-1.2881994922850053
SKU_050,200,-1.2767669365579364
SKU_050,201,-1.2487554173545947
SKU_050,202,-1.2530976669922813
SKU_050,203,-1.2122472167769902
SKU_050,204,-1.1738429963736998
SKU_050,205,-1.2651712864255775
SKU_050,206,-1.233176277135907
SKU_050,207,-1.2697310285844123
SKU_050,208,-1.214934071930859
SKU_050,209,-1.2037981849369457
SKU_050,210,-1.207951451210068
SKU_050,211,-1.2028091690998064
SKU_050,212,-1.259116918693563
SKU_050,213,-1.231811008265127
SKU_050,214,-1.197725428655217
SKU_050,215,-1.196327554910823
SKU_050,216,-1.250634476220163
SKU_050,217,-1.1976112863937634
SKU_050,218,-1.3335962690686587
SKU_050,219,-1.3022007186946585
SKU_050,220,-1.2104434075656494
SKU_050,221,-1.273997226097325
SKU_050,222,-1.1524557051138533
SKU_050,223,-1.2392716142911153
SKU_050,224,-1.295638910092517
SKU_050,225,-1.2170489231236397
SKU_050,226,-1.2943111432770391
SKU_050,227,-1.3141097991485362
SKU_050,228,-1.3102024612189365
SKU_050,229,-1.3612855118203695
SKU_050,230,-1.2329400575420115
SKU_050,231,-1.3034949023836189
SKU_050,232,-1.2344762641653297
SKU_050,233,-1.2411372438457107
SKU_050,234,-1.2123002125929006
SKU_050,235,-1.1894885656864533
SKU_050,236,-1.3150810208308081
SKU_050,237,-1.3096333358895493
SKU_050,238,-1.219678595765578
SKU_050,239,-1.227104003008922
SKU_050,240,-1.314367878160126
SKU_050,241,-1.3205256348549863
SKU_050,242,-1.2107745160422645
SKU_050,243,-1.2275521444411532
SKU_050,244,-1.2934786871076809
SKU_050,245,-1.2521683247260278
SKU_050,246,-1.2387119530405997
SKU_050,247,-1.2786831107652594
SKU_050,248,-1.2808126169796368
SKU_050,249,-1.2214915665778567
SKU_050,250,-1.2354416309988667
SKU_050,251,-1.2646925292708975
SKU_050,252,-1.2237310482485093
SKU_050,253,-1.2285741207282805
SKU_050,254,-1.2675208857914282
SKU_050,255,-1.3089770817153206
SKU_050,256,-1.2218460117907302
SKU_050,257,-1.2669008380462734
SKU_050,258,-1.1488064850000828
SKU_050,259,-1.2905695292077815
SKU_050,260,-1.1598006682237942
SKU_050,261,-1.2409643944857995
SKU_050,262,-1.2892391836201125
SKU_050,263,-1.2293863269016334
SKU_050,264,-1.2932110814063775
SKU_050,265,-1.3302913859537282
SKU_050,266,-1.1944088133689292
SKU_050,267,-1.3042738476398599
SKU_050,268,-1.2127437666572487
SKU_050,269,-1.217086359717692
SKU_050,270,-1.2435772230910027
SKU_050,271,-1.152168857585958
SKU_050,272,-1.2276686701862527
SKU_050,273,-1.1540034885792572
SKU_050,274,-1.3519454768543384
SKU_050,275,-1.3280490207194862
SKU_050,276,-1.2520998399242855
SKU_050,277,-1.3280756028998246
SKU_050,278,-1.2297493675229805
SKU_050,279,-1.1715145484261886
SKU_050,280,-1.2080674347721987
SKU_050,281,-1.235806551126041
SKU_050,282,-1.008853099716667
SKU_050,283,-1.2328840605614757
SKU_050,284,-1.2689331561646533
SKU_050,285,-1.2213344229250847
SKU_050,286,-1.2254492622612891
SKU_050,287,-1.2467135283302189
SKU_050,288,-1.2385159093946945
SKU_050,289,-1.252010102701978
SKU_050,290,-1.2797797116022513
SKU_050,291,-1.2416931184988542
SKU_050,292,-1.23262487613273
SKU_050,293,-1.1917452810856868
SKU_050,294,-1.318491234603026
SKU_050,295,-1.2208396290661225
SKU_050,296,-1.2130182592909422
SKU_050,297,-1.2533004920159614
SKU_050,298,-1.2342169549610535
SKU_050,299,-1.222071094747239
